rule_id,from_ziffer,to_ziffer,direction,legal_basis,quote,verified,verified_at,source
excl_man_5_6,5,6,mutual,"GOÄ Anmerkungen zu den Nummern 5, 6, 7, 8 (Abschnitt B I)","Die Leistung nach Nummer 5 ist neben den Leistungen nach den Nummern 6 bis 8 nicht berechnungsfaehig. / Nummer 6 ist neben 5, 7 und/oder 8 nicht berechnungsfaehig. / Nummer 7 ist neben 5, 6 und/oder 8 nicht berechnungsfaehig. / Nummer 8 ist neben 5, 6, 7 und/oder 800 nicht berechnungsfaehig.",true,2026-07-25,manual_verification
excl_man_5_7,5,7,mutual,"GOÄ Anmerkungen zu den Nummern 5, 6, 7, 8 (Abschnitt B I)","Die Leistung nach Nummer 5 ist neben den Leistungen nach den Nummern 6 bis 8 nicht berechnungsfaehig. / Nummer 6 ist neben 5, 7 und/oder 8 nicht berechnungsfaehig. / Nummer 7 ist neben 5, 6 und/oder 8 nicht berechnungsfaehig. / Nummer 8 ist neben 5, 6, 7 und/oder 800 nicht berechnungsfaehig.",true,2026-07-25,manual_verification
excl_man_5_8,5,8,mutual,"GOÄ Anmerkungen zu den Nummern 5, 6, 7, 8 (Abschnitt B I)","Die Leistung nach Nummer 5 ist neben den Leistungen nach den Nummern 6 bis 8 nicht berechnungsfaehig. / Nummer 6 ist neben 5, 7 und/oder 8 nicht berechnungsfaehig. / Nummer 7 ist neben 5, 6 und/oder 8 nicht berechnungsfaehig. / Nummer 8 ist neben 5, 6, 7 und/oder 800 nicht berechnungsfaehig.",true,2026-07-25,manual_verification
excl_man_6_5,6,5,mutual,"GOÄ Anmerkungen zu den Nummern 5, 6, 7, 8 (Abschnitt B I)","Die Leistung nach Nummer 5 ist neben den Leistungen nach den Nummern 6 bis 8 nicht berechnungsfaehig. / Nummer 6 ist neben 5, 7 und/oder 8 nicht berechnungsfaehig. / Nummer 7 ist neben 5, 6 und/oder 8 nicht berechnungsfaehig. / Nummer 8 ist neben 5, 6, 7 und/oder 800 nicht berechnungsfaehig.",true,2026-07-25,manual_verification
excl_man_6_7,6,7,mutual,"GOÄ Anmerkungen zu den Nummern 5, 6, 7, 8 (Abschnitt B I)","Die Leistung nach Nummer 5 ist neben den Leistungen nach den Nummern 6 bis 8 nicht berechnungsfaehig. / Nummer 6 ist neben 5, 7 und/oder 8 nicht berechnungsfaehig. / Nummer 7 ist neben 5, 6 und/oder 8 nicht berechnungsfaehig. / Nummer 8 ist neben 5, 6, 7 und/oder 800 nicht berechnungsfaehig.",true,2026-07-25,manual_verification
excl_man_6_8,6,8,mutual,"GOÄ Anmerkungen zu den Nummern 5, 6, 7, 8 (Abschnitt B I)","Die Leistung nach Nummer 5 ist neben den Leistungen nach den Nummern 6 bis 8 nicht berechnungsfaehig. / Nummer 6 ist neben 5, 7 und/oder 8 nicht berechnungsfaehig. / Nummer 7 ist neben 5, 6 und/oder 8 nicht berechnungsfaehig. / Nummer 8 ist neben 5, 6, 7 und/oder 800 nicht berechnungsfaehig.",true,2026-07-25,manual_verification
excl_man_7_5,7,5,mutual,"GOÄ Anmerkungen zu den Nummern 5, 6, 7, 8 (Abschnitt B I)","Die Leistung nach Nummer 5 ist neben den Leistungen nach den Nummern 6 bis 8 nicht berechnungsfaehig. / Nummer 6 ist neben 5, 7 und/oder 8 nicht berechnungsfaehig. / Nummer 7 ist neben 5, 6 und/oder 8 nicht berechnungsfaehig. / Nummer 8 ist neben 5, 6, 7 und/oder 800 nicht berechnungsfaehig.",true,2026-07-25,manual_verification
excl_man_7_6,7,6,mutual,"GOÄ Anmerkungen zu den Nummern 5, 6, 7, 8 (Abschnitt B I)","Die Leistung nach Nummer 5 ist neben den Leistungen nach den Nummern 6 bis 8 nicht berechnungsfaehig. / Nummer 6 ist neben 5, 7 und/oder 8 nicht berechnungsfaehig. / Nummer 7 ist neben 5, 6 und/oder 8 nicht berechnungsfaehig. / Nummer 8 ist neben 5, 6, 7 und/oder 800 nicht berechnungsfaehig.",true,2026-07-25,manual_verification
excl_man_7_8,7,8,mutual,"GOÄ Anmerkungen zu den Nummern 5, 6, 7, 8 (Abschnitt B I)","Die Leistung nach Nummer 5 ist neben den Leistungen nach den Nummern 6 bis 8 nicht berechnungsfaehig. / Nummer 6 ist neben 5, 7 und/oder 8 nicht berechnungsfaehig. / Nummer 7 ist neben 5, 6 und/oder 8 nicht berechnungsfaehig. / Nummer 8 ist neben 5, 6, 7 und/oder 800 nicht berechnungsfaehig.",true,2026-07-25,manual_verification
excl_man_8_5,8,5,mutual,"GOÄ Anmerkungen zu den Nummern 5, 6, 7, 8 (Abschnitt B I)","Die Leistung nach Nummer 5 ist neben den Leistungen nach den Nummern 6 bis 8 nicht berechnungsfaehig. / Nummer 6 ist neben 5, 7 und/oder 8 nicht berechnungsfaehig. / Nummer 7 ist neben 5, 6 und/oder 8 nicht berechnungsfaehig. / Nummer 8 ist neben 5, 6, 7 und/oder 800 nicht berechnungsfaehig.",true,2026-07-25,manual_verification
excl_man_8_6,8,6,mutual,"GOÄ Anmerkungen zu den Nummern 5, 6, 7, 8 (Abschnitt B I)","Die Leistung nach Nummer 5 ist neben den Leistungen nach den Nummern 6 bis 8 nicht berechnungsfaehig. / Nummer 6 ist neben 5, 7 und/oder 8 nicht berechnungsfaehig. / Nummer 7 ist neben 5, 6 und/oder 8 nicht berechnungsfaehig. / Nummer 8 ist neben 5, 6, 7 und/oder 800 nicht berechnungsfaehig.",true,2026-07-25,manual_verification
excl_man_8_7,8,7,mutual,"GOÄ Anmerkungen zu den Nummern 5, 6, 7, 8 (Abschnitt B I)","Die Leistung nach Nummer 5 ist neben den Leistungen nach den Nummern 6 bis 8 nicht berechnungsfaehig. / Nummer 6 ist neben 5, 7 und/oder 8 nicht berechnungsfaehig. / Nummer 7 ist neben 5, 6 und/oder 8 nicht berechnungsfaehig. / Nummer 8 ist neben 5, 6, 7 und/oder 800 nicht berechnungsfaehig.",true,2026-07-25,manual_verification
excl_man_422_423,422,423,mutual,GOÄ Anmerkung zu den Nummern 422 bis 424 (Abschnitt C),Die Leistungen nach den Nummern 422 bis 424 sind nicht nebeneinander berechnungsfaehig.,true,2026-07-25,manual_verification
excl_man_422_424,422,424,mutual,GOÄ Anmerkung zu den Nummern 422 bis 424 (Abschnitt C),Die Leistungen nach den Nummern 422 bis 424 sind nicht nebeneinander berechnungsfaehig.,true,2026-07-25,manual_verification
excl_man_423_422,423,422,mutual,GOÄ Anmerkung zu den Nummern 422 bis 424 (Abschnitt C),Die Leistungen nach den Nummern 422 bis 424 sind nicht nebeneinander berechnungsfaehig.,true,2026-07-25,manual_verification
excl_man_423_424,423,424,mutual,GOÄ Anmerkung zu den Nummern 422 bis 424 (Abschnitt C),Die Leistungen nach den Nummern 422 bis 424 sind nicht nebeneinander berechnungsfaehig.,true,2026-07-25,manual_verification
excl_man_424_422,424,422,mutual,GOÄ Anmerkung zu den Nummern 422 bis 424 (Abschnitt C),Die Leistungen nach den Nummern 422 bis 424 sind nicht nebeneinander berechnungsfaehig.,true,2026-07-25,manual_verification
excl_man_424_423,424,423,mutual,GOÄ Anmerkung zu den Nummern 422 bis 424 (Abschnitt C),Die Leistungen nach den Nummern 422 bis 424 sind nicht nebeneinander berechnungsfaehig.,true,2026-07-25,manual_verification
excl_man_650_651,650,651,mutual,GOÄ Anmerkung zu den Nummern 650 bis 653 (Abschnitt F),Die Leistungen nach den Nummern 650 bis 653 sind nicht nebeneinander berechnungsfaehig.,true,2026-07-25,manual_verification
excl_man_650_652,650,652,mutual,GOÄ Anmerkung zu den Nummern 650 bis 653 (Abschnitt F),Die Leistungen nach den Nummern 650 bis 653 sind nicht nebeneinander berechnungsfaehig.,true,2026-07-25,manual_verification
excl_man_650_653,650,653,mutual,GOÄ Anmerkung zu den Nummern 650 bis 653 (Abschnitt F),Die Leistungen nach den Nummern 650 bis 653 sind nicht nebeneinander berechnungsfaehig.,true,2026-07-25,manual_verification
excl_man_651_650,651,650,mutual,GOÄ Anmerkung zu den Nummern 650 bis 653 (Abschnitt F),Die Leistungen nach den Nummern 650 bis 653 sind nicht nebeneinander berechnungsfaehig.,true,2026-07-25,manual_verification
excl_man_651_652,651,652,mutual,GOÄ Anmerkung zu den Nummern 650 bis 653 (Abschnitt F),Die Leistungen nach den Nummern 650 bis 653 sind nicht nebeneinander berechnungsfaehig.,true,2026-07-25,manual_verification
excl_man_651_653,651,653,mutual,GOÄ Anmerkung zu den Nummern 650 bis 653 (Abschnitt F),Die Leistungen nach den Nummern 650 bis 653 sind nicht nebeneinander berechnungsfaehig.,true,2026-07-25,manual_verification
excl_man_652_650,652,650,mutual,GOÄ Anmerkung zu den Nummern 650 bis 653 (Abschnitt F),Die Leistungen nach den Nummern 650 bis 653 sind nicht nebeneinander berechnungsfaehig.,true,2026-07-25,manual_verification
excl_man_652_651,652,651,mutual,GOÄ Anmerkung zu den Nummern 650 bis 653 (Abschnitt F),Die Leistungen nach den Nummern 650 bis 653 sind nicht nebeneinander berechnungsfaehig.,true,2026-07-25,manual_verification
excl_man_652_653,652,653,mutual,GOÄ Anmerkung zu den Nummern 650 bis 653 (Abschnitt F),Die Leistungen nach den Nummern 650 bis 653 sind nicht nebeneinander berechnungsfaehig.,true,2026-07-25,manual_verification
excl_man_653_650,653,650,mutual,GOÄ Anmerkung zu den Nummern 650 bis 653 (Abschnitt F),Die Leistungen nach den Nummern 650 bis 653 sind nicht nebeneinander berechnungsfaehig.,true,2026-07-25,manual_verification
excl_man_653_651,653,651,mutual,GOÄ Anmerkung zu den Nummern 650 bis 653 (Abschnitt F),Die Leistungen nach den Nummern 650 bis 653 sind nicht nebeneinander berechnungsfaehig.,true,2026-07-25,manual_verification
excl_man_653_652,653,652,mutual,GOÄ Anmerkung zu den Nummern 650 bis 653 (Abschnitt F),Die Leistungen nach den Nummern 650 bis 653 sind nicht nebeneinander berechnungsfaehig.,true,2026-07-25,manual_verification
excl_man_B_A,B,A,one_way,GOÄ Anmerkung zu Zuschlag Buchstabe A,"Der Zuschlag nach Buchstabe A ist neben den Zuschlägen nach den Buchstaben B, C und/oder D nicht berechnungsfähig.",true,2026-09-12,manual_verification:coverage_sprint_batch1
excl_man_C_A,C,A,one_way,GOÄ Anmerkung zu Zuschlag Buchstabe A,"Der Zuschlag nach Buchstabe A ist neben den Zuschlägen nach den Buchstaben B, C und/oder D nicht berechnungsfähig.",true,2026-09-12,manual_verification:coverage_sprint_batch1
excl_man_D_A,D,A,one_way,GOÄ Anmerkung zu Zuschlag Buchstabe A,"Der Zuschlag nach Buchstabe A ist neben den Zuschlägen nach den Buchstaben B, C und/oder D nicht berechnungsfähig.",true,2026-09-12,manual_verification:coverage_sprint_batch1
excl_man_C_B,C,B,one_way,GOÄ Anmerkung zu Zuschlag Buchstabe C,Neben dem Zuschlag nach Buchstabe C ist der Zuschlag nach Buchstabe B nicht berechnungsfähig.,true,2026-09-12,manual_verification:coverage_sprint_batch1
excl_man_F_E,F,E,one_way,GOÄ Anmerkung zu Zuschlag Buchstabe E,"Der Zuschlag nach Buchstabe E ist neben Zuschlägen nach den Buchstaben F, G und/oder H nicht berechnungsfähig.",true,2026-09-12,manual_verification:coverage_sprint_batch1
excl_man_G_E,G,E,one_way,GOÄ Anmerkung zu Zuschlag Buchstabe E,"Der Zuschlag nach Buchstabe E ist neben Zuschlägen nach den Buchstaben F, G und/oder H nicht berechnungsfähig.",true,2026-09-12,manual_verification:coverage_sprint_batch1
excl_man_H_E,H,E,one_way,GOÄ Anmerkung zu Zuschlag Buchstabe E,"Der Zuschlag nach Buchstabe E ist neben Zuschlägen nach den Buchstaben F, G und/oder H nicht berechnungsfähig.",true,2026-09-12,manual_verification:coverage_sprint_batch1
excl_man_45_F,45,F,one_way,GOÄ Anmerkung zu Zuschlag Buchstabe F,"Der Zuschlag nach Buchstabe F ist neben den Leistungen nach den Nummern 45, 46, 48 und 52 nicht berechnungsfähig.",true,2026-09-12,manual_verification:coverage_sprint_batch1
excl_man_46_F,46,F,one_way,GOÄ Anmerkung zu Zuschlag Buchstabe F,"Der Zuschlag nach Buchstabe F ist neben den Leistungen nach den Nummern 45, 46, 48 und 52 nicht berechnungsfähig.",true,2026-09-12,manual_verification:coverage_sprint_batch1
excl_man_48_F,48,F,one_way,GOÄ Anmerkung zu Zuschlag Buchstabe F,"Der Zuschlag nach Buchstabe F ist neben den Leistungen nach den Nummern 45, 46, 48 und 52 nicht berechnungsfähig.",true,2026-09-12,manual_verification:coverage_sprint_batch1
excl_man_52_F,52,F,one_way,GOÄ Anmerkung zu Zuschlag Buchstabe F,"Der Zuschlag nach Buchstabe F ist neben den Leistungen nach den Nummern 45, 46, 48 und 52 nicht berechnungsfähig.",true,2026-09-12,manual_verification:coverage_sprint_batch1
excl_man_45_G,45,G,one_way,GOÄ Anmerkung zu Zuschlag Buchstabe G,"Der Zuschlag nach Buchstabe G ist neben den Leistungen nach den Nummern 45, 46, 48 und 52 nicht berechnungsfähig.",true,2026-09-12,manual_verification:coverage_sprint_batch1
excl_man_46_G,46,G,one_way,GOÄ Anmerkung zu Zuschlag Buchstabe G,"Der Zuschlag nach Buchstabe G ist neben den Leistungen nach den Nummern 45, 46, 48 und 52 nicht berechnungsfähig.",true,2026-09-12,manual_verification:coverage_sprint_batch1
excl_man_48_G,48,G,one_way,GOÄ Anmerkung zu Zuschlag Buchstabe G,"Der Zuschlag nach Buchstabe G ist neben den Leistungen nach den Nummern 45, 46, 48 und 52 nicht berechnungsfähig.",true,2026-09-12,manual_verification:coverage_sprint_batch1
excl_man_52_G,52,G,one_way,GOÄ Anmerkung zu Zuschlag Buchstabe G,"Der Zuschlag nach Buchstabe G ist neben den Leistungen nach den Nummern 45, 46, 48 und 52 nicht berechnungsfähig.",true,2026-09-12,manual_verification:coverage_sprint_batch1
excl_man_G_F,G,F,one_way,GOÄ Anmerkung zu Zuschlag Buchstabe G,Neben dem Zuschlag nach Buchstabe G ist der Zuschlag nach Buchstabe F nicht berechnungsfähig.,true,2026-09-12,manual_verification:coverage_sprint_batch1
excl_man_45_H,45,H,one_way,GOÄ Anmerkung zu Zuschlag Buchstabe H,"Der Zuschlag nach Buchstabe H ist neben den Leistungen nach den Nummern 45, 46, 48 und 52 nicht berechnungsfähig.",true,2026-09-12,manual_verification:coverage_sprint_batch1
excl_man_46_H,46,H,one_way,GOÄ Anmerkung zu Zuschlag Buchstabe H,"Der Zuschlag nach Buchstabe H ist neben den Leistungen nach den Nummern 45, 46, 48 und 52 nicht berechnungsfähig.",true,2026-09-12,manual_verification:coverage_sprint_batch1
excl_man_48_H,48,H,one_way,GOÄ Anmerkung zu Zuschlag Buchstabe H,"Der Zuschlag nach Buchstabe H ist neben den Leistungen nach den Nummern 45, 46, 48 und 52 nicht berechnungsfähig.",true,2026-09-12,manual_verification:coverage_sprint_batch1
excl_man_52_H,52,H,one_way,GOÄ Anmerkung zu Zuschlag Buchstabe H,"Der Zuschlag nach Buchstabe H ist neben den Leistungen nach den Nummern 45, 46, 48 und 52 nicht berechnungsfähig.",true,2026-09-12,manual_verification:coverage_sprint_batch1
excl_man_45_1,45,1,one_way,GOÄ Anmerkung zu Nummer 45,"Anstelle oder neben der Visite im Krankenhaus sind die Leistungen nach den Nummern 1, 3, 4, 5, 6, 7, 8, 15, 48, 50 und/oder 51 nicht berechnungsfähig.",true,2026-09-12,manual_verification:coverage_sprint_batch1
excl_man_45_3,45,3,one_way,GOÄ Anmerkung zu Nummer 45,"Anstelle oder neben der Visite im Krankenhaus sind die Leistungen nach den Nummern 1, 3, 4, 5, 6, 7, 8, 15, 48, 50 und/oder 51 nicht berechnungsfähig.",true,2026-09-12,manual_verification:coverage_sprint_batch1
excl_man_45_4,45,4,one_way,GOÄ Anmerkung zu Nummer 45,"Anstelle oder neben der Visite im Krankenhaus sind die Leistungen nach den Nummern 1, 3, 4, 5, 6, 7, 8, 15, 48, 50 und/oder 51 nicht berechnungsfähig.",true,2026-09-12,manual_verification:coverage_sprint_batch1
excl_man_45_5,45,5,one_way,GOÄ Anmerkung zu Nummer 45,"Anstelle oder neben der Visite im Krankenhaus sind die Leistungen nach den Nummern 1, 3, 4, 5, 6, 7, 8, 15, 48, 50 und/oder 51 nicht berechnungsfähig.",true,2026-09-12,manual_verification:coverage_sprint_batch1
excl_man_45_6,45,6,one_way,GOÄ Anmerkung zu Nummer 45,"Anstelle oder neben der Visite im Krankenhaus sind die Leistungen nach den Nummern 1, 3, 4, 5, 6, 7, 8, 15, 48, 50 und/oder 51 nicht berechnungsfähig.",true,2026-09-12,manual_verification:coverage_sprint_batch1
excl_man_45_7,45,7,one_way,GOÄ Anmerkung zu Nummer 45,"Anstelle oder neben der Visite im Krankenhaus sind die Leistungen nach den Nummern 1, 3, 4, 5, 6, 7, 8, 15, 48, 50 und/oder 51 nicht berechnungsfähig.",true,2026-09-12,manual_verification:coverage_sprint_batch1
excl_man_45_8,45,8,one_way,GOÄ Anmerkung zu Nummer 45,"Anstelle oder neben der Visite im Krankenhaus sind die Leistungen nach den Nummern 1, 3, 4, 5, 6, 7, 8, 15, 48, 50 und/oder 51 nicht berechnungsfähig.",true,2026-09-12,manual_verification:coverage_sprint_batch1
excl_man_45_15,45,15,one_way,GOÄ Anmerkung zu Nummer 45,"Anstelle oder neben der Visite im Krankenhaus sind die Leistungen nach den Nummern 1, 3, 4, 5, 6, 7, 8, 15, 48, 50 und/oder 51 nicht berechnungsfähig.",true,2026-09-12,manual_verification:coverage_sprint_batch1
excl_man_45_48,45,48,one_way,GOÄ Anmerkung zu Nummer 45,"Anstelle oder neben der Visite im Krankenhaus sind die Leistungen nach den Nummern 1, 3, 4, 5, 6, 7, 8, 15, 48, 50 und/oder 51 nicht berechnungsfähig.",true,2026-09-12,manual_verification:coverage_sprint_batch1
excl_man_46_1,46,1,one_way,GOÄ Anmerkung zu Nummer 46,"Anstelle oder neben der Zweitvisite im Krankenhaus sind die Leistungen nach den Nummern 1, 3, 4, 5, 6, 7, 8, 15, 45, 48, 50 und/oder 51 nicht berechnungsfähig.",true,2026-09-12,manual_verification:coverage_sprint_batch1
excl_man_46_3,46,3,one_way,GOÄ Anmerkung zu Nummer 46,"Anstelle oder neben der Zweitvisite im Krankenhaus sind die Leistungen nach den Nummern 1, 3, 4, 5, 6, 7, 8, 15, 45, 48, 50 und/oder 51 nicht berechnungsfähig.",true,2026-09-12,manual_verification:coverage_sprint_batch1
excl_man_46_4,46,4,one_way,GOÄ Anmerkung zu Nummer 46,"Anstelle oder neben der Zweitvisite im Krankenhaus sind die Leistungen nach den Nummern 1, 3, 4, 5, 6, 7, 8, 15, 45, 48, 50 und/oder 51 nicht berechnungsfähig.",true,2026-09-12,manual_verification:coverage_sprint_batch1
excl_man_46_5,46,5,one_way,GOÄ Anmerkung zu Nummer 46,"Anstelle oder neben der Zweitvisite im Krankenhaus sind die Leistungen nach den Nummern 1, 3, 4, 5, 6, 7, 8, 15, 45, 48, 50 und/oder 51 nicht berechnungsfähig.",true,2026-09-12,manual_verification:coverage_sprint_batch1
excl_man_46_6,46,6,one_way,GOÄ Anmerkung zu Nummer 46,"Anstelle oder neben der Zweitvisite im Krankenhaus sind die Leistungen nach den Nummern 1, 3, 4, 5, 6, 7, 8, 15, 45, 48, 50 und/oder 51 nicht berechnungsfähig.",true,2026-09-12,manual_verification:coverage_sprint_batch1
excl_man_46_7,46,7,one_way,GOÄ Anmerkung zu Nummer 46,"Anstelle oder neben der Zweitvisite im Krankenhaus sind die Leistungen nach den Nummern 1, 3, 4, 5, 6, 7, 8, 15, 45, 48, 50 und/oder 51 nicht berechnungsfähig.",true,2026-09-12,manual_verification:coverage_sprint_batch1
excl_man_46_8,46,8,one_way,GOÄ Anmerkung zu Nummer 46,"Anstelle oder neben der Zweitvisite im Krankenhaus sind die Leistungen nach den Nummern 1, 3, 4, 5, 6, 7, 8, 15, 45, 48, 50 und/oder 51 nicht berechnungsfähig.",true,2026-09-12,manual_verification:coverage_sprint_batch1
excl_man_46_15,46,15,one_way,GOÄ Anmerkung zu Nummer 46,"Anstelle oder neben der Zweitvisite im Krankenhaus sind die Leistungen nach den Nummern 1, 3, 4, 5, 6, 7, 8, 15, 45, 48, 50 und/oder 51 nicht berechnungsfähig.",true,2026-09-12,manual_verification:coverage_sprint_batch1
excl_man_46_45,46,45,one_way,GOÄ Anmerkung zu Nummer 46,"Anstelle oder neben der Zweitvisite im Krankenhaus sind die Leistungen nach den Nummern 1, 3, 4, 5, 6, 7, 8, 15, 45, 48, 50 und/oder 51 nicht berechnungsfähig.",true,2026-09-12,manual_verification:coverage_sprint_batch1
excl_man_46_48,46,48,one_way,GOÄ Anmerkung zu Nummer 46,"Anstelle oder neben der Zweitvisite im Krankenhaus sind die Leistungen nach den Nummern 1, 3, 4, 5, 6, 7, 8, 15, 45, 48, 50 und/oder 51 nicht berechnungsfähig.",true,2026-09-12,manual_verification:coverage_sprint_batch1
excl_man_1_48,1,48,one_way,GOÄ Anmerkung zu Nummer 48,"Die Leistung nach Nummer 48 ist neben den Leistungen nach den Nummern 1, 50, 51 und/oder 52 nicht berechnungsfähig.",true,2026-09-12,manual_verification:coverage_sprint_batch1
excl_man_50_48,50,48,one_way,GOÄ Anmerkung zu Nummer 48,"Die Leistung nach Nummer 48 ist neben den Leistungen nach den Nummern 1, 50, 51 und/oder 52 nicht berechnungsfähig.",true,2026-09-12,manual_verification:coverage_sprint_batch1
excl_man_51_48,51,48,one_way,GOÄ Anmerkung zu Nummer 48,"Die Leistung nach Nummer 48 ist neben den Leistungen nach den Nummern 1, 50, 51 und/oder 52 nicht berechnungsfähig.",true,2026-09-12,manual_verification:coverage_sprint_batch1
excl_man_52_48,52,48,one_way,GOÄ Anmerkung zu Nummer 48,"Die Leistung nach Nummer 48 ist neben den Leistungen nach den Nummern 1, 50, 51 und/oder 52 nicht berechnungsfähig.",true,2026-09-12,manual_verification:coverage_sprint_batch1
excl_man_27_1,27,1,one_way,GOÄ Anmerkung zu Nummer 27,"Neben der Leistung nach Nummer 27 sind die Leistungen nach den Nummern 1, 3, 5, 6, 7, 8 297, 3500, 3511, 3650 und/oder 3652 nicht berechnungsfähig.",true,2026-09-12,manual_verification:coverage_sprint_batch1
excl_man_27_3,27,3,one_way,GOÄ Anmerkung zu Nummer 27,"Neben der Leistung nach Nummer 27 sind die Leistungen nach den Nummern 1, 3, 5, 6, 7, 8 297, 3500, 3511, 3650 und/oder 3652 nicht berechnungsfähig.",true,2026-09-12,manual_verification:coverage_sprint_batch1
excl_man_27_5,27,5,one_way,GOÄ Anmerkung zu Nummer 27,"Neben der Leistung nach Nummer 27 sind die Leistungen nach den Nummern 1, 3, 5, 6, 7, 8 297, 3500, 3511, 3650 und/oder 3652 nicht berechnungsfähig.",true,2026-09-12,manual_verification:coverage_sprint_batch1
excl_man_27_6,27,6,one_way,GOÄ Anmerkung zu Nummer 27,"Neben der Leistung nach Nummer 27 sind die Leistungen nach den Nummern 1, 3, 5, 6, 7, 8 297, 3500, 3511, 3650 und/oder 3652 nicht berechnungsfähig.",true,2026-09-12,manual_verification:coverage_sprint_batch1
excl_man_27_7,27,7,one_way,GOÄ Anmerkung zu Nummer 27,"Neben der Leistung nach Nummer 27 sind die Leistungen nach den Nummern 1, 3, 5, 6, 7, 8 297, 3500, 3511, 3650 und/oder 3652 nicht berechnungsfähig.",true,2026-09-12,manual_verification:coverage_sprint_batch1
excl_man_27_8,27,8,one_way,GOÄ Anmerkung zu Nummer 27,"Neben der Leistung nach Nummer 27 sind die Leistungen nach den Nummern 1, 3, 5, 6, 7, 8 297, 3500, 3511, 3650 und/oder 3652 nicht berechnungsfähig.",true,2026-09-12,manual_verification:coverage_sprint_batch1
excl_man_27_297,27,297,one_way,GOÄ Anmerkung zu Nummer 27,"Neben der Leistung nach Nummer 27 sind die Leistungen nach den Nummern 1, 3, 5, 6, 7, 8 297, 3500, 3511, 3650 und/oder 3652 nicht berechnungsfähig.",true,2026-09-12,manual_verification:coverage_sprint_batch1
excl_man_27_3500,27,3500,one_way,GOÄ Anmerkung zu Nummer 27,"Neben der Leistung nach Nummer 27 sind die Leistungen nach den Nummern 1, 3, 5, 6, 7, 8 297, 3500, 3511, 3650 und/oder 3652 nicht berechnungsfähig.",true,2026-09-12,manual_verification:coverage_sprint_batch1
excl_man_27_3511,27,3511,one_way,GOÄ Anmerkung zu Nummer 27,"Neben der Leistung nach Nummer 27 sind die Leistungen nach den Nummern 1, 3, 5, 6, 7, 8 297, 3500, 3511, 3650 und/oder 3652 nicht berechnungsfähig.",true,2026-09-12,manual_verification:coverage_sprint_batch1
excl_man_27_3650,27,3650,one_way,GOÄ Anmerkung zu Nummer 27,"Neben der Leistung nach Nummer 27 sind die Leistungen nach den Nummern 1, 3, 5, 6, 7, 8 297, 3500, 3511, 3650 und/oder 3652 nicht berechnungsfähig.",true,2026-09-12,manual_verification:coverage_sprint_batch1
excl_man_27_3652,27,3652,one_way,GOÄ Anmerkung zu Nummer 27,"Neben der Leistung nach Nummer 27 sind die Leistungen nach den Nummern 1, 3, 5, 6, 7, 8 297, 3500, 3511, 3650 und/oder 3652 nicht berechnungsfähig.",true,2026-09-12,manual_verification:coverage_sprint_batch1
excl_man_355_260,355,260,one_way,GOÄ Anmerkung zu Nummer 260,"Die Leistung nach Nummer 260 ist neben Leistungen nach den Nummern 355 bis 361, 626 bis 632 und/oder 648 nicht berechnungsfähig.",true,2026-09-12,manual_verification:coverage_sprint_batch1
excl_man_356_260,356,260,one_way,GOÄ Anmerkung zu Nummer 260,"Die Leistung nach Nummer 260 ist neben Leistungen nach den Nummern 355 bis 361, 626 bis 632 und/oder 648 nicht berechnungsfähig.",true,2026-09-12,manual_verification:coverage_sprint_batch1
excl_man_357_260,357,260,one_way,GOÄ Anmerkung zu Nummer 260,"Die Leistung nach Nummer 260 ist neben Leistungen nach den Nummern 355 bis 361, 626 bis 632 und/oder 648 nicht berechnungsfähig.",true,2026-09-12,manual_verification:coverage_sprint_batch1
excl_man_360_260,360,260,one_way,GOÄ Anmerkung zu Nummer 260,"Die Leistung nach Nummer 260 ist neben Leistungen nach den Nummern 355 bis 361, 626 bis 632 und/oder 648 nicht berechnungsfähig.",true,2026-09-12,manual_verification:coverage_sprint_batch1
excl_man_361_260,361,260,one_way,GOÄ Anmerkung zu Nummer 260,"Die Leistung nach Nummer 260 ist neben Leistungen nach den Nummern 355 bis 361, 626 bis 632 und/oder 648 nicht berechnungsfähig.",true,2026-09-12,manual_verification:coverage_sprint_batch1
excl_man_626_260,626,260,one_way,GOÄ Anmerkung zu Nummer 260,"Die Leistung nach Nummer 260 ist neben Leistungen nach den Nummern 355 bis 361, 626 bis 632 und/oder 648 nicht berechnungsfähig.",true,2026-09-12,manual_verification:coverage_sprint_batch1
excl_man_627_260,627,260,one_way,GOÄ Anmerkung zu Nummer 260,"Die Leistung nach Nummer 260 ist neben Leistungen nach den Nummern 355 bis 361, 626 bis 632 und/oder 648 nicht berechnungsfähig.",true,2026-09-12,manual_verification:coverage_sprint_batch1
excl_man_628_260,628,260,one_way,GOÄ Anmerkung zu Nummer 260,"Die Leistung nach Nummer 260 ist neben Leistungen nach den Nummern 355 bis 361, 626 bis 632 und/oder 648 nicht berechnungsfähig.",true,2026-09-12,manual_verification:coverage_sprint_batch1
excl_man_629_260,629,260,one_way,GOÄ Anmerkung zu Nummer 260,"Die Leistung nach Nummer 260 ist neben Leistungen nach den Nummern 355 bis 361, 626 bis 632 und/oder 648 nicht berechnungsfähig.",true,2026-09-12,manual_verification:coverage_sprint_batch1
excl_man_630_260,630,260,one_way,GOÄ Anmerkung zu Nummer 260,"Die Leistung nach Nummer 260 ist neben Leistungen nach den Nummern 355 bis 361, 626 bis 632 und/oder 648 nicht berechnungsfähig.",true,2026-09-12,manual_verification:coverage_sprint_batch1
excl_man_631_260,631,260,one_way,GOÄ Anmerkung zu Nummer 260,"Die Leistung nach Nummer 260 ist neben Leistungen nach den Nummern 355 bis 361, 626 bis 632 und/oder 648 nicht berechnungsfähig.",true,2026-09-12,manual_verification:coverage_sprint_batch1
excl_man_632_260,632,260,one_way,GOÄ Anmerkung zu Nummer 260,"Die Leistung nach Nummer 260 ist neben Leistungen nach den Nummern 355 bis 361, 626 bis 632 und/oder 648 nicht berechnungsfähig.",true,2026-09-12,manual_verification:coverage_sprint_batch1
excl_man_648_260,648,260,one_way,GOÄ Anmerkung zu Nummer 260,"Die Leistung nach Nummer 260 ist neben Leistungen nach den Nummern 355 bis 361, 626 bis 632 und/oder 648 nicht berechnungsfähig.",true,2026-09-12,manual_verification:coverage_sprint_batch1
excl_man_1473_1485,1473,1485,one_way,GOÄ Anmerkung zu Nummer 1473,Neben der Leistung nach Nummer 1473 ist die Nummer 1485 nicht berechnungsfähig.,true,2026-09-12,manual_verification:coverage_sprint_batch1
excl_man_5378_5370,5378,5370,one_way,GOÄ Anmerkung zu Nummer 5378,Neben oder anstelle der computergesteuerten Tomographie zur Bestrahlungsplanung oder zu interventionellen Maßnahmen sind die Leistungen nach den Nummern 5370 bis 5376 nicht berechnungsfähig.,true,2026-09-12,manual_verification:coverage_sprint_batch1
excl_man_5378_5371,5378,5371,one_way,GOÄ Anmerkung zu Nummer 5378,Neben oder anstelle der computergesteuerten Tomographie zur Bestrahlungsplanung oder zu interventionellen Maßnahmen sind die Leistungen nach den Nummern 5370 bis 5376 nicht berechnungsfähig.,true,2026-09-12,manual_verification:coverage_sprint_batch1
excl_man_5378_5372,5378,5372,one_way,GOÄ Anmerkung zu Nummer 5378,Neben oder anstelle der computergesteuerten Tomographie zur Bestrahlungsplanung oder zu interventionellen Maßnahmen sind die Leistungen nach den Nummern 5370 bis 5376 nicht berechnungsfähig.,true,2026-09-12,manual_verification:coverage_sprint_batch1
excl_man_5378_5373,5378,5373,one_way,GOÄ Anmerkung zu Nummer 5378,Neben oder anstelle der computergesteuerten Tomographie zur Bestrahlungsplanung oder zu interventionellen Maßnahmen sind die Leistungen nach den Nummern 5370 bis 5376 nicht berechnungsfähig.,true,2026-09-12,manual_verification:coverage_sprint_batch1
excl_man_5378_5374,5378,5374,one_way,GOÄ Anmerkung zu Nummer 5378,Neben oder anstelle der computergesteuerten Tomographie zur Bestrahlungsplanung oder zu interventionellen Maßnahmen sind die Leistungen nach den Nummern 5370 bis 5376 nicht berechnungsfähig.,true,2026-09-12,manual_verification:coverage_sprint_batch1
excl_man_5378_5375,5378,5375,one_way,GOÄ Anmerkung zu Nummer 5378,Neben oder anstelle der computergesteuerten Tomographie zur Bestrahlungsplanung oder zu interventionellen Maßnahmen sind die Leistungen nach den Nummern 5370 bis 5376 nicht berechnungsfähig.,true,2026-09-12,manual_verification:coverage_sprint_batch1
excl_man_5378_5376,5378,5376,one_way,GOÄ Anmerkung zu Nummer 5378,Neben oder anstelle der computergesteuerten Tomographie zur Bestrahlungsplanung oder zu interventionellen Maßnahmen sind die Leistungen nach den Nummern 5370 bis 5376 nicht berechnungsfähig.,true,2026-09-12,manual_verification:coverage_sprint_batch1
excl_man_5440_5441,5440,5441,mutual,GOÄ Anmerkung zu Nummer 5442,Die Leistungen nach den Nummern 5440 bis 5442 sind je Sitzung nur einmal und nicht nebeneinander berechnungsfähig.,true,2026-09-12,manual_verification:coverage_sprint_batch1
excl_man_5440_5442,5440,5442,mutual,GOÄ Anmerkung zu Nummer 5442,Die Leistungen nach den Nummern 5440 bis 5442 sind je Sitzung nur einmal und nicht nebeneinander berechnungsfähig.,true,2026-09-12,manual_verification:coverage_sprint_batch1
excl_man_5441_5442,5441,5442,mutual,GOÄ Anmerkung zu Nummer 5442,Die Leistungen nach den Nummern 5440 bis 5442 sind je Sitzung nur einmal und nicht nebeneinander berechnungsfähig.,true,2026-09-12,manual_verification:coverage_sprint_batch1
excl_man_5441_5440,5441,5440,mutual,GOÄ Anmerkung zu Nummer 5442,Die Leistungen nach den Nummern 5440 bis 5442 sind je Sitzung nur einmal und nicht nebeneinander berechnungsfähig.,true,2026-09-12,manual_verification:coverage_sprint_batch1
excl_man_5442_5440,5442,5440,mutual,GOÄ Anmerkung zu Nummer 5442,Die Leistungen nach den Nummern 5440 bis 5442 sind je Sitzung nur einmal und nicht nebeneinander berechnungsfähig.,true,2026-09-12,manual_verification:coverage_sprint_batch1
excl_man_5442_5441,5442,5441,mutual,GOÄ Anmerkung zu Nummer 5442,Die Leistungen nach den Nummern 5440 bis 5442 sind je Sitzung nur einmal und nicht nebeneinander berechnungsfähig.,true,2026-09-12,manual_verification:coverage_sprint_batch1
excl_b3_804_1,804,1,one_way,"GOÄ Allgemeine Bestimmungen zu Abschnitt B, Nr. 4","Die Leistungen nach den Nummern 1, 3, 22, 30 und/oder 34 sind neben den Leistungen nach den Nummern 804 bis 812, 817, 835, 849, 861 bis 864, 870, 871, 886 sowie 887 nicht berechnungsfähig.",true,2026-09-15,manual_verification:coverage_sprint_batch3
excl_b3_804_3,804,3,one_way,"GOÄ Allgemeine Bestimmungen zu Abschnitt B, Nr. 4","Die Leistungen nach den Nummern 1, 3, 22, 30 und/oder 34 sind neben den Leistungen nach den Nummern 804 bis 812, 817, 835, 849, 861 bis 864, 870, 871, 886 sowie 887 nicht berechnungsfähig.",true,2026-09-15,manual_verification:coverage_sprint_batch3
excl_b3_804_22,804,22,one_way,"GOÄ Allgemeine Bestimmungen zu Abschnitt B, Nr. 4","Die Leistungen nach den Nummern 1, 3, 22, 30 und/oder 34 sind neben den Leistungen nach den Nummern 804 bis 812, 817, 835, 849, 861 bis 864, 870, 871, 886 sowie 887 nicht berechnungsfähig.",true,2026-09-15,manual_verification:coverage_sprint_batch3
excl_b3_804_30,804,30,one_way,"GOÄ Allgemeine Bestimmungen zu Abschnitt B, Nr. 4","Die Leistungen nach den Nummern 1, 3, 22, 30 und/oder 34 sind neben den Leistungen nach den Nummern 804 bis 812, 817, 835, 849, 861 bis 864, 870, 871, 886 sowie 887 nicht berechnungsfähig.",true,2026-09-15,manual_verification:coverage_sprint_batch3
excl_b3_804_34,804,34,one_way,"GOÄ Allgemeine Bestimmungen zu Abschnitt B, Nr. 4","Die Leistungen nach den Nummern 1, 3, 22, 30 und/oder 34 sind neben den Leistungen nach den Nummern 804 bis 812, 817, 835, 849, 861 bis 864, 870, 871, 886 sowie 887 nicht berechnungsfähig.",true,2026-09-15,manual_verification:coverage_sprint_batch3
excl_b3_806_1,806,1,one_way,"GOÄ Allgemeine Bestimmungen zu Abschnitt B, Nr. 4","Die Leistungen nach den Nummern 1, 3, 22, 30 und/oder 34 sind neben den Leistungen nach den Nummern 804 bis 812, 817, 835, 849, 861 bis 864, 870, 871, 886 sowie 887 nicht berechnungsfähig.",true,2026-09-15,manual_verification:coverage_sprint_batch3
excl_b3_806_3,806,3,one_way,"GOÄ Allgemeine Bestimmungen zu Abschnitt B, Nr. 4","Die Leistungen nach den Nummern 1, 3, 22, 30 und/oder 34 sind neben den Leistungen nach den Nummern 804 bis 812, 817, 835, 849, 861 bis 864, 870, 871, 886 sowie 887 nicht berechnungsfähig.",true,2026-09-15,manual_verification:coverage_sprint_batch3
excl_b3_806_22,806,22,one_way,"GOÄ Allgemeine Bestimmungen zu Abschnitt B, Nr. 4","Die Leistungen nach den Nummern 1, 3, 22, 30 und/oder 34 sind neben den Leistungen nach den Nummern 804 bis 812, 817, 835, 849, 861 bis 864, 870, 871, 886 sowie 887 nicht berechnungsfähig.",true,2026-09-15,manual_verification:coverage_sprint_batch3
excl_b3_806_30,806,30,one_way,"GOÄ Allgemeine Bestimmungen zu Abschnitt B, Nr. 4","Die Leistungen nach den Nummern 1, 3, 22, 30 und/oder 34 sind neben den Leistungen nach den Nummern 804 bis 812, 817, 835, 849, 861 bis 864, 870, 871, 886 sowie 887 nicht berechnungsfähig.",true,2026-09-15,manual_verification:coverage_sprint_batch3
excl_b3_806_34,806,34,one_way,"GOÄ Allgemeine Bestimmungen zu Abschnitt B, Nr. 4","Die Leistungen nach den Nummern 1, 3, 22, 30 und/oder 34 sind neben den Leistungen nach den Nummern 804 bis 812, 817, 835, 849, 861 bis 864, 870, 871, 886 sowie 887 nicht berechnungsfähig.",true,2026-09-15,manual_verification:coverage_sprint_batch3
excl_b3_807_1,807,1,one_way,"GOÄ Allgemeine Bestimmungen zu Abschnitt B, Nr. 4","Die Leistungen nach den Nummern 1, 3, 22, 30 und/oder 34 sind neben den Leistungen nach den Nummern 804 bis 812, 817, 835, 849, 861 bis 864, 870, 871, 886 sowie 887 nicht berechnungsfähig.",true,2026-09-15,manual_verification:coverage_sprint_batch3
excl_b3_807_3,807,3,one_way,"GOÄ Allgemeine Bestimmungen zu Abschnitt B, Nr. 4","Die Leistungen nach den Nummern 1, 3, 22, 30 und/oder 34 sind neben den Leistungen nach den Nummern 804 bis 812, 817, 835, 849, 861 bis 864, 870, 871, 886 sowie 887 nicht berechnungsfähig.",true,2026-09-15,manual_verification:coverage_sprint_batch3
excl_b3_807_22,807,22,one_way,"GOÄ Allgemeine Bestimmungen zu Abschnitt B, Nr. 4","Die Leistungen nach den Nummern 1, 3, 22, 30 und/oder 34 sind neben den Leistungen nach den Nummern 804 bis 812, 817, 835, 849, 861 bis 864, 870, 871, 886 sowie 887 nicht berechnungsfähig.",true,2026-09-15,manual_verification:coverage_sprint_batch3
excl_b3_807_30,807,30,one_way,"GOÄ Allgemeine Bestimmungen zu Abschnitt B, Nr. 4","Die Leistungen nach den Nummern 1, 3, 22, 30 und/oder 34 sind neben den Leistungen nach den Nummern 804 bis 812, 817, 835, 849, 861 bis 864, 870, 871, 886 sowie 887 nicht berechnungsfähig.",true,2026-09-15,manual_verification:coverage_sprint_batch3
excl_b3_807_34,807,34,one_way,"GOÄ Allgemeine Bestimmungen zu Abschnitt B, Nr. 4","Die Leistungen nach den Nummern 1, 3, 22, 30 und/oder 34 sind neben den Leistungen nach den Nummern 804 bis 812, 817, 835, 849, 861 bis 864, 870, 871, 886 sowie 887 nicht berechnungsfähig.",true,2026-09-15,manual_verification:coverage_sprint_batch3
excl_b3_808_1,808,1,one_way,"GOÄ Allgemeine Bestimmungen zu Abschnitt B, Nr. 4","Die Leistungen nach den Nummern 1, 3, 22, 30 und/oder 34 sind neben den Leistungen nach den Nummern 804 bis 812, 817, 835, 849, 861 bis 864, 870, 871, 886 sowie 887 nicht berechnungsfähig.",true,2026-09-15,manual_verification:coverage_sprint_batch3
excl_b3_808_3,808,3,one_way,"GOÄ Allgemeine Bestimmungen zu Abschnitt B, Nr. 4","Die Leistungen nach den Nummern 1, 3, 22, 30 und/oder 34 sind neben den Leistungen nach den Nummern 804 bis 812, 817, 835, 849, 861 bis 864, 870, 871, 886 sowie 887 nicht berechnungsfähig.",true,2026-09-15,manual_verification:coverage_sprint_batch3
excl_b3_808_22,808,22,one_way,"GOÄ Allgemeine Bestimmungen zu Abschnitt B, Nr. 4","Die Leistungen nach den Nummern 1, 3, 22, 30 und/oder 34 sind neben den Leistungen nach den Nummern 804 bis 812, 817, 835, 849, 861 bis 864, 870, 871, 886 sowie 887 nicht berechnungsfähig.",true,2026-09-15,manual_verification:coverage_sprint_batch3
excl_b3_808_30,808,30,one_way,"GOÄ Allgemeine Bestimmungen zu Abschnitt B, Nr. 4","Die Leistungen nach den Nummern 1, 3, 22, 30 und/oder 34 sind neben den Leistungen nach den Nummern 804 bis 812, 817, 835, 849, 861 bis 864, 870, 871, 886 sowie 887 nicht berechnungsfähig.",true,2026-09-15,manual_verification:coverage_sprint_batch3
excl_b3_808_34,808,34,one_way,"GOÄ Allgemeine Bestimmungen zu Abschnitt B, Nr. 4","Die Leistungen nach den Nummern 1, 3, 22, 30 und/oder 34 sind neben den Leistungen nach den Nummern 804 bis 812, 817, 835, 849, 861 bis 864, 870, 871, 886 sowie 887 nicht berechnungsfähig.",true,2026-09-15,manual_verification:coverage_sprint_batch3
excl_b3_812_1,812,1,one_way,"GOÄ Allgemeine Bestimmungen zu Abschnitt B, Nr. 4","Die Leistungen nach den Nummern 1, 3, 22, 30 und/oder 34 sind neben den Leistungen nach den Nummern 804 bis 812, 817, 835, 849, 861 bis 864, 870, 871, 886 sowie 887 nicht berechnungsfähig.",true,2026-09-15,manual_verification:coverage_sprint_batch3
excl_b3_812_3,812,3,one_way,"GOÄ Allgemeine Bestimmungen zu Abschnitt B, Nr. 4","Die Leistungen nach den Nummern 1, 3, 22, 30 und/oder 34 sind neben den Leistungen nach den Nummern 804 bis 812, 817, 835, 849, 861 bis 864, 870, 871, 886 sowie 887 nicht berechnungsfähig.",true,2026-09-15,manual_verification:coverage_sprint_batch3
excl_b3_812_22,812,22,one_way,"GOÄ Allgemeine Bestimmungen zu Abschnitt B, Nr. 4","Die Leistungen nach den Nummern 1, 3, 22, 30 und/oder 34 sind neben den Leistungen nach den Nummern 804 bis 812, 817, 835, 849, 861 bis 864, 870, 871, 886 sowie 887 nicht berechnungsfähig.",true,2026-09-15,manual_verification:coverage_sprint_batch3
excl_b3_812_30,812,30,one_way,"GOÄ Allgemeine Bestimmungen zu Abschnitt B, Nr. 4","Die Leistungen nach den Nummern 1, 3, 22, 30 und/oder 34 sind neben den Leistungen nach den Nummern 804 bis 812, 817, 835, 849, 861 bis 864, 870, 871, 886 sowie 887 nicht berechnungsfähig.",true,2026-09-15,manual_verification:coverage_sprint_batch3
excl_b3_812_34,812,34,one_way,"GOÄ Allgemeine Bestimmungen zu Abschnitt B, Nr. 4","Die Leistungen nach den Nummern 1, 3, 22, 30 und/oder 34 sind neben den Leistungen nach den Nummern 804 bis 812, 817, 835, 849, 861 bis 864, 870, 871, 886 sowie 887 nicht berechnungsfähig.",true,2026-09-15,manual_verification:coverage_sprint_batch3
excl_b3_817_1,817,1,one_way,"GOÄ Allgemeine Bestimmungen zu Abschnitt B, Nr. 4","Die Leistungen nach den Nummern 1, 3, 22, 30 und/oder 34 sind neben den Leistungen nach den Nummern 804 bis 812, 817, 835, 849, 861 bis 864, 870, 871, 886 sowie 887 nicht berechnungsfähig.",true,2026-09-15,manual_verification:coverage_sprint_batch3
excl_b3_817_3,817,3,one_way,"GOÄ Allgemeine Bestimmungen zu Abschnitt B, Nr. 4","Die Leistungen nach den Nummern 1, 3, 22, 30 und/oder 34 sind neben den Leistungen nach den Nummern 804 bis 812, 817, 835, 849, 861 bis 864, 870, 871, 886 sowie 887 nicht berechnungsfähig.",true,2026-09-15,manual_verification:coverage_sprint_batch3
excl_b3_817_22,817,22,one_way,"GOÄ Allgemeine Bestimmungen zu Abschnitt B, Nr. 4","Die Leistungen nach den Nummern 1, 3, 22, 30 und/oder 34 sind neben den Leistungen nach den Nummern 804 bis 812, 817, 835, 849, 861 bis 864, 870, 871, 886 sowie 887 nicht berechnungsfähig.",true,2026-09-15,manual_verification:coverage_sprint_batch3
excl_b3_817_30,817,30,one_way,"GOÄ Allgemeine Bestimmungen zu Abschnitt B, Nr. 4","Die Leistungen nach den Nummern 1, 3, 22, 30 und/oder 34 sind neben den Leistungen nach den Nummern 804 bis 812, 817, 835, 849, 861 bis 864, 870, 871, 886 sowie 887 nicht berechnungsfähig.",true,2026-09-15,manual_verification:coverage_sprint_batch3
excl_b3_817_34,817,34,one_way,"GOÄ Allgemeine Bestimmungen zu Abschnitt B, Nr. 4","Die Leistungen nach den Nummern 1, 3, 22, 30 und/oder 34 sind neben den Leistungen nach den Nummern 804 bis 812, 817, 835, 849, 861 bis 864, 870, 871, 886 sowie 887 nicht berechnungsfähig.",true,2026-09-15,manual_verification:coverage_sprint_batch3
excl_b3_835_1,835,1,one_way,"GOÄ Allgemeine Bestimmungen zu Abschnitt B, Nr. 4","Die Leistungen nach den Nummern 1, 3, 22, 30 und/oder 34 sind neben den Leistungen nach den Nummern 804 bis 812, 817, 835, 849, 861 bis 864, 870, 871, 886 sowie 887 nicht berechnungsfähig.",true,2026-09-15,manual_verification:coverage_sprint_batch3
excl_b3_835_3,835,3,one_way,"GOÄ Allgemeine Bestimmungen zu Abschnitt B, Nr. 4","Die Leistungen nach den Nummern 1, 3, 22, 30 und/oder 34 sind neben den Leistungen nach den Nummern 804 bis 812, 817, 835, 849, 861 bis 864, 870, 871, 886 sowie 887 nicht berechnungsfähig.",true,2026-09-15,manual_verification:coverage_sprint_batch3
excl_b3_835_22,835,22,one_way,"GOÄ Allgemeine Bestimmungen zu Abschnitt B, Nr. 4","Die Leistungen nach den Nummern 1, 3, 22, 30 und/oder 34 sind neben den Leistungen nach den Nummern 804 bis 812, 817, 835, 849, 861 bis 864, 870, 871, 886 sowie 887 nicht berechnungsfähig.",true,2026-09-15,manual_verification:coverage_sprint_batch3
excl_b3_835_30,835,30,one_way,"GOÄ Allgemeine Bestimmungen zu Abschnitt B, Nr. 4","Die Leistungen nach den Nummern 1, 3, 22, 30 und/oder 34 sind neben den Leistungen nach den Nummern 804 bis 812, 817, 835, 849, 861 bis 864, 870, 871, 886 sowie 887 nicht berechnungsfähig.",true,2026-09-15,manual_verification:coverage_sprint_batch3
excl_b3_835_34,835,34,one_way,"GOÄ Allgemeine Bestimmungen zu Abschnitt B, Nr. 4","Die Leistungen nach den Nummern 1, 3, 22, 30 und/oder 34 sind neben den Leistungen nach den Nummern 804 bis 812, 817, 835, 849, 861 bis 864, 870, 871, 886 sowie 887 nicht berechnungsfähig.",true,2026-09-15,manual_verification:coverage_sprint_batch3
excl_b3_849_1,849,1,one_way,"GOÄ Allgemeine Bestimmungen zu Abschnitt B, Nr. 4","Die Leistungen nach den Nummern 1, 3, 22, 30 und/oder 34 sind neben den Leistungen nach den Nummern 804 bis 812, 817, 835, 849, 861 bis 864, 870, 871, 886 sowie 887 nicht berechnungsfähig.",true,2026-09-15,manual_verification:coverage_sprint_batch3
excl_b3_849_3,849,3,one_way,"GOÄ Allgemeine Bestimmungen zu Abschnitt B, Nr. 4","Die Leistungen nach den Nummern 1, 3, 22, 30 und/oder 34 sind neben den Leistungen nach den Nummern 804 bis 812, 817, 835, 849, 861 bis 864, 870, 871, 886 sowie 887 nicht berechnungsfähig.",true,2026-09-15,manual_verification:coverage_sprint_batch3
excl_b3_849_22,849,22,one_way,"GOÄ Allgemeine Bestimmungen zu Abschnitt B, Nr. 4","Die Leistungen nach den Nummern 1, 3, 22, 30 und/oder 34 sind neben den Leistungen nach den Nummern 804 bis 812, 817, 835, 849, 861 bis 864, 870, 871, 886 sowie 887 nicht berechnungsfähig.",true,2026-09-15,manual_verification:coverage_sprint_batch3
excl_b3_849_30,849,30,one_way,"GOÄ Allgemeine Bestimmungen zu Abschnitt B, Nr. 4","Die Leistungen nach den Nummern 1, 3, 22, 30 und/oder 34 sind neben den Leistungen nach den Nummern 804 bis 812, 817, 835, 849, 861 bis 864, 870, 871, 886 sowie 887 nicht berechnungsfähig.",true,2026-09-15,manual_verification:coverage_sprint_batch3
excl_b3_849_34,849,34,one_way,"GOÄ Allgemeine Bestimmungen zu Abschnitt B, Nr. 4","Die Leistungen nach den Nummern 1, 3, 22, 30 und/oder 34 sind neben den Leistungen nach den Nummern 804 bis 812, 817, 835, 849, 861 bis 864, 870, 871, 886 sowie 887 nicht berechnungsfähig.",true,2026-09-15,manual_verification:coverage_sprint_batch3
excl_b3_861_1,861,1,one_way,"GOÄ Allgemeine Bestimmungen zu Abschnitt B, Nr. 4","Die Leistungen nach den Nummern 1, 3, 22, 30 und/oder 34 sind neben den Leistungen nach den Nummern 804 bis 812, 817, 835, 849, 861 bis 864, 870, 871, 886 sowie 887 nicht berechnungsfähig.",true,2026-09-15,manual_verification:coverage_sprint_batch3
excl_b3_861_3,861,3,one_way,"GOÄ Allgemeine Bestimmungen zu Abschnitt B, Nr. 4","Die Leistungen nach den Nummern 1, 3, 22, 30 und/oder 34 sind neben den Leistungen nach den Nummern 804 bis 812, 817, 835, 849, 861 bis 864, 870, 871, 886 sowie 887 nicht berechnungsfähig.",true,2026-09-15,manual_verification:coverage_sprint_batch3
excl_b3_861_22,861,22,one_way,"GOÄ Allgemeine Bestimmungen zu Abschnitt B, Nr. 4","Die Leistungen nach den Nummern 1, 3, 22, 30 und/oder 34 sind neben den Leistungen nach den Nummern 804 bis 812, 817, 835, 849, 861 bis 864, 870, 871, 886 sowie 887 nicht berechnungsfähig.",true,2026-09-15,manual_verification:coverage_sprint_batch3
excl_b3_861_30,861,30,one_way,"GOÄ Allgemeine Bestimmungen zu Abschnitt B, Nr. 4","Die Leistungen nach den Nummern 1, 3, 22, 30 und/oder 34 sind neben den Leistungen nach den Nummern 804 bis 812, 817, 835, 849, 861 bis 864, 870, 871, 886 sowie 887 nicht berechnungsfähig.",true,2026-09-15,manual_verification:coverage_sprint_batch3
excl_b3_861_34,861,34,one_way,"GOÄ Allgemeine Bestimmungen zu Abschnitt B, Nr. 4","Die Leistungen nach den Nummern 1, 3, 22, 30 und/oder 34 sind neben den Leistungen nach den Nummern 804 bis 812, 817, 835, 849, 861 bis 864, 870, 871, 886 sowie 887 nicht berechnungsfähig.",true,2026-09-15,manual_verification:coverage_sprint_batch3
excl_b3_862_1,862,1,one_way,"GOÄ Allgemeine Bestimmungen zu Abschnitt B, Nr. 4","Die Leistungen nach den Nummern 1, 3, 22, 30 und/oder 34 sind neben den Leistungen nach den Nummern 804 bis 812, 817, 835, 849, 861 bis 864, 870, 871, 886 sowie 887 nicht berechnungsfähig.",true,2026-09-15,manual_verification:coverage_sprint_batch3
excl_b3_862_3,862,3,one_way,"GOÄ Allgemeine Bestimmungen zu Abschnitt B, Nr. 4","Die Leistungen nach den Nummern 1, 3, 22, 30 und/oder 34 sind neben den Leistungen nach den Nummern 804 bis 812, 817, 835, 849, 861 bis 864, 870, 871, 886 sowie 887 nicht berechnungsfähig.",true,2026-09-15,manual_verification:coverage_sprint_batch3
excl_b3_862_22,862,22,one_way,"GOÄ Allgemeine Bestimmungen zu Abschnitt B, Nr. 4","Die Leistungen nach den Nummern 1, 3, 22, 30 und/oder 34 sind neben den Leistungen nach den Nummern 804 bis 812, 817, 835, 849, 861 bis 864, 870, 871, 886 sowie 887 nicht berechnungsfähig.",true,2026-09-15,manual_verification:coverage_sprint_batch3
excl_b3_862_30,862,30,one_way,"GOÄ Allgemeine Bestimmungen zu Abschnitt B, Nr. 4","Die Leistungen nach den Nummern 1, 3, 22, 30 und/oder 34 sind neben den Leistungen nach den Nummern 804 bis 812, 817, 835, 849, 861 bis 864, 870, 871, 886 sowie 887 nicht berechnungsfähig.",true,2026-09-15,manual_verification:coverage_sprint_batch3
excl_b3_862_34,862,34,one_way,"GOÄ Allgemeine Bestimmungen zu Abschnitt B, Nr. 4","Die Leistungen nach den Nummern 1, 3, 22, 30 und/oder 34 sind neben den Leistungen nach den Nummern 804 bis 812, 817, 835, 849, 861 bis 864, 870, 871, 886 sowie 887 nicht berechnungsfähig.",true,2026-09-15,manual_verification:coverage_sprint_batch3
excl_b3_863_1,863,1,one_way,"GOÄ Allgemeine Bestimmungen zu Abschnitt B, Nr. 4","Die Leistungen nach den Nummern 1, 3, 22, 30 und/oder 34 sind neben den Leistungen nach den Nummern 804 bis 812, 817, 835, 849, 861 bis 864, 870, 871, 886 sowie 887 nicht berechnungsfähig.",true,2026-09-15,manual_verification:coverage_sprint_batch3
excl_b3_863_3,863,3,one_way,"GOÄ Allgemeine Bestimmungen zu Abschnitt B, Nr. 4","Die Leistungen nach den Nummern 1, 3, 22, 30 und/oder 34 sind neben den Leistungen nach den Nummern 804 bis 812, 817, 835, 849, 861 bis 864, 870, 871, 886 sowie 887 nicht berechnungsfähig.",true,2026-09-15,manual_verification:coverage_sprint_batch3
excl_b3_863_22,863,22,one_way,"GOÄ Allgemeine Bestimmungen zu Abschnitt B, Nr. 4","Die Leistungen nach den Nummern 1, 3, 22, 30 und/oder 34 sind neben den Leistungen nach den Nummern 804 bis 812, 817, 835, 849, 861 bis 864, 870, 871, 886 sowie 887 nicht berechnungsfähig.",true,2026-09-15,manual_verification:coverage_sprint_batch3
excl_b3_863_30,863,30,one_way,"GOÄ Allgemeine Bestimmungen zu Abschnitt B, Nr. 4","Die Leistungen nach den Nummern 1, 3, 22, 30 und/oder 34 sind neben den Leistungen nach den Nummern 804 bis 812, 817, 835, 849, 861 bis 864, 870, 871, 886 sowie 887 nicht berechnungsfähig.",true,2026-09-15,manual_verification:coverage_sprint_batch3
excl_b3_863_34,863,34,one_way,"GOÄ Allgemeine Bestimmungen zu Abschnitt B, Nr. 4","Die Leistungen nach den Nummern 1, 3, 22, 30 und/oder 34 sind neben den Leistungen nach den Nummern 804 bis 812, 817, 835, 849, 861 bis 864, 870, 871, 886 sowie 887 nicht berechnungsfähig.",true,2026-09-15,manual_verification:coverage_sprint_batch3
excl_b3_864_1,864,1,one_way,"GOÄ Allgemeine Bestimmungen zu Abschnitt B, Nr. 4","Die Leistungen nach den Nummern 1, 3, 22, 30 und/oder 34 sind neben den Leistungen nach den Nummern 804 bis 812, 817, 835, 849, 861 bis 864, 870, 871, 886 sowie 887 nicht berechnungsfähig.",true,2026-09-15,manual_verification:coverage_sprint_batch3
excl_b3_864_3,864,3,one_way,"GOÄ Allgemeine Bestimmungen zu Abschnitt B, Nr. 4","Die Leistungen nach den Nummern 1, 3, 22, 30 und/oder 34 sind neben den Leistungen nach den Nummern 804 bis 812, 817, 835, 849, 861 bis 864, 870, 871, 886 sowie 887 nicht berechnungsfähig.",true,2026-09-15,manual_verification:coverage_sprint_batch3
excl_b3_864_22,864,22,one_way,"GOÄ Allgemeine Bestimmungen zu Abschnitt B, Nr. 4","Die Leistungen nach den Nummern 1, 3, 22, 30 und/oder 34 sind neben den Leistungen nach den Nummern 804 bis 812, 817, 835, 849, 861 bis 864, 870, 871, 886 sowie 887 nicht berechnungsfähig.",true,2026-09-15,manual_verification:coverage_sprint_batch3
excl_b3_864_30,864,30,one_way,"GOÄ Allgemeine Bestimmungen zu Abschnitt B, Nr. 4","Die Leistungen nach den Nummern 1, 3, 22, 30 und/oder 34 sind neben den Leistungen nach den Nummern 804 bis 812, 817, 835, 849, 861 bis 864, 870, 871, 886 sowie 887 nicht berechnungsfähig.",true,2026-09-15,manual_verification:coverage_sprint_batch3
excl_b3_864_34,864,34,one_way,"GOÄ Allgemeine Bestimmungen zu Abschnitt B, Nr. 4","Die Leistungen nach den Nummern 1, 3, 22, 30 und/oder 34 sind neben den Leistungen nach den Nummern 804 bis 812, 817, 835, 849, 861 bis 864, 870, 871, 886 sowie 887 nicht berechnungsfähig.",true,2026-09-15,manual_verification:coverage_sprint_batch3
excl_b3_870_1,870,1,one_way,"GOÄ Allgemeine Bestimmungen zu Abschnitt B, Nr. 4","Die Leistungen nach den Nummern 1, 3, 22, 30 und/oder 34 sind neben den Leistungen nach den Nummern 804 bis 812, 817, 835, 849, 861 bis 864, 870, 871, 886 sowie 887 nicht berechnungsfähig.",true,2026-09-15,manual_verification:coverage_sprint_batch3
excl_b3_870_3,870,3,one_way,"GOÄ Allgemeine Bestimmungen zu Abschnitt B, Nr. 4","Die Leistungen nach den Nummern 1, 3, 22, 30 und/oder 34 sind neben den Leistungen nach den Nummern 804 bis 812, 817, 835, 849, 861 bis 864, 870, 871, 886 sowie 887 nicht berechnungsfähig.",true,2026-09-15,manual_verification:coverage_sprint_batch3
excl_b3_870_22,870,22,one_way,"GOÄ Allgemeine Bestimmungen zu Abschnitt B, Nr. 4","Die Leistungen nach den Nummern 1, 3, 22, 30 und/oder 34 sind neben den Leistungen nach den Nummern 804 bis 812, 817, 835, 849, 861 bis 864, 870, 871, 886 sowie 887 nicht berechnungsfähig.",true,2026-09-15,manual_verification:coverage_sprint_batch3
excl_b3_870_30,870,30,one_way,"GOÄ Allgemeine Bestimmungen zu Abschnitt B, Nr. 4","Die Leistungen nach den Nummern 1, 3, 22, 30 und/oder 34 sind neben den Leistungen nach den Nummern 804 bis 812, 817, 835, 849, 861 bis 864, 870, 871, 886 sowie 887 nicht berechnungsfähig.",true,2026-09-15,manual_verification:coverage_sprint_batch3
excl_b3_870_34,870,34,one_way,"GOÄ Allgemeine Bestimmungen zu Abschnitt B, Nr. 4","Die Leistungen nach den Nummern 1, 3, 22, 30 und/oder 34 sind neben den Leistungen nach den Nummern 804 bis 812, 817, 835, 849, 861 bis 864, 870, 871, 886 sowie 887 nicht berechnungsfähig.",true,2026-09-15,manual_verification:coverage_sprint_batch3
excl_b3_871_1,871,1,one_way,"GOÄ Allgemeine Bestimmungen zu Abschnitt B, Nr. 4","Die Leistungen nach den Nummern 1, 3, 22, 30 und/oder 34 sind neben den Leistungen nach den Nummern 804 bis 812, 817, 835, 849, 861 bis 864, 870, 871, 886 sowie 887 nicht berechnungsfähig.",true,2026-09-15,manual_verification:coverage_sprint_batch3
excl_b3_871_3,871,3,one_way,"GOÄ Allgemeine Bestimmungen zu Abschnitt B, Nr. 4","Die Leistungen nach den Nummern 1, 3, 22, 30 und/oder 34 sind neben den Leistungen nach den Nummern 804 bis 812, 817, 835, 849, 861 bis 864, 870, 871, 886 sowie 887 nicht berechnungsfähig.",true,2026-09-15,manual_verification:coverage_sprint_batch3
excl_b3_871_22,871,22,one_way,"GOÄ Allgemeine Bestimmungen zu Abschnitt B, Nr. 4","Die Leistungen nach den Nummern 1, 3, 22, 30 und/oder 34 sind neben den Leistungen nach den Nummern 804 bis 812, 817, 835, 849, 861 bis 864, 870, 871, 886 sowie 887 nicht berechnungsfähig.",true,2026-09-15,manual_verification:coverage_sprint_batch3
excl_b3_871_30,871,30,one_way,"GOÄ Allgemeine Bestimmungen zu Abschnitt B, Nr. 4","Die Leistungen nach den Nummern 1, 3, 22, 30 und/oder 34 sind neben den Leistungen nach den Nummern 804 bis 812, 817, 835, 849, 861 bis 864, 870, 871, 886 sowie 887 nicht berechnungsfähig.",true,2026-09-15,manual_verification:coverage_sprint_batch3
excl_b3_871_34,871,34,one_way,"GOÄ Allgemeine Bestimmungen zu Abschnitt B, Nr. 4","Die Leistungen nach den Nummern 1, 3, 22, 30 und/oder 34 sind neben den Leistungen nach den Nummern 804 bis 812, 817, 835, 849, 861 bis 864, 870, 871, 886 sowie 887 nicht berechnungsfähig.",true,2026-09-15,manual_verification:coverage_sprint_batch3
excl_b3_886_1,886,1,one_way,"GOÄ Allgemeine Bestimmungen zu Abschnitt B, Nr. 4","Die Leistungen nach den Nummern 1, 3, 22, 30 und/oder 34 sind neben den Leistungen nach den Nummern 804 bis 812, 817, 835, 849, 861 bis 864, 870, 871, 886 sowie 887 nicht berechnungsfähig.",true,2026-09-15,manual_verification:coverage_sprint_batch3
excl_b3_886_3,886,3,one_way,"GOÄ Allgemeine Bestimmungen zu Abschnitt B, Nr. 4","Die Leistungen nach den Nummern 1, 3, 22, 30 und/oder 34 sind neben den Leistungen nach den Nummern 804 bis 812, 817, 835, 849, 861 bis 864, 870, 871, 886 sowie 887 nicht berechnungsfähig.",true,2026-09-15,manual_verification:coverage_sprint_batch3
excl_b3_886_22,886,22,one_way,"GOÄ Allgemeine Bestimmungen zu Abschnitt B, Nr. 4","Die Leistungen nach den Nummern 1, 3, 22, 30 und/oder 34 sind neben den Leistungen nach den Nummern 804 bis 812, 817, 835, 849, 861 bis 864, 870, 871, 886 sowie 887 nicht berechnungsfähig.",true,2026-09-15,manual_verification:coverage_sprint_batch3
excl_b3_886_30,886,30,one_way,"GOÄ Allgemeine Bestimmungen zu Abschnitt B, Nr. 4","Die Leistungen nach den Nummern 1, 3, 22, 30 und/oder 34 sind neben den Leistungen nach den Nummern 804 bis 812, 817, 835, 849, 861 bis 864, 870, 871, 886 sowie 887 nicht berechnungsfähig.",true,2026-09-15,manual_verification:coverage_sprint_batch3
excl_b3_886_34,886,34,one_way,"GOÄ Allgemeine Bestimmungen zu Abschnitt B, Nr. 4","Die Leistungen nach den Nummern 1, 3, 22, 30 und/oder 34 sind neben den Leistungen nach den Nummern 804 bis 812, 817, 835, 849, 861 bis 864, 870, 871, 886 sowie 887 nicht berechnungsfähig.",true,2026-09-15,manual_verification:coverage_sprint_batch3
excl_b3_887_1,887,1,one_way,"GOÄ Allgemeine Bestimmungen zu Abschnitt B, Nr. 4","Die Leistungen nach den Nummern 1, 3, 22, 30 und/oder 34 sind neben den Leistungen nach den Nummern 804 bis 812, 817, 835, 849, 861 bis 864, 870, 871, 886 sowie 887 nicht berechnungsfähig.",true,2026-09-15,manual_verification:coverage_sprint_batch3
excl_b3_887_3,887,3,one_way,"GOÄ Allgemeine Bestimmungen zu Abschnitt B, Nr. 4","Die Leistungen nach den Nummern 1, 3, 22, 30 und/oder 34 sind neben den Leistungen nach den Nummern 804 bis 812, 817, 835, 849, 861 bis 864, 870, 871, 886 sowie 887 nicht berechnungsfähig.",true,2026-09-15,manual_verification:coverage_sprint_batch3
excl_b3_887_22,887,22,one_way,"GOÄ Allgemeine Bestimmungen zu Abschnitt B, Nr. 4","Die Leistungen nach den Nummern 1, 3, 22, 30 und/oder 34 sind neben den Leistungen nach den Nummern 804 bis 812, 817, 835, 849, 861 bis 864, 870, 871, 886 sowie 887 nicht berechnungsfähig.",true,2026-09-15,manual_verification:coverage_sprint_batch3
excl_b3_887_30,887,30,one_way,"GOÄ Allgemeine Bestimmungen zu Abschnitt B, Nr. 4","Die Leistungen nach den Nummern 1, 3, 22, 30 und/oder 34 sind neben den Leistungen nach den Nummern 804 bis 812, 817, 835, 849, 861 bis 864, 870, 871, 886 sowie 887 nicht berechnungsfähig.",true,2026-09-15,manual_verification:coverage_sprint_batch3
excl_b3_887_34,887,34,one_way,"GOÄ Allgemeine Bestimmungen zu Abschnitt B, Nr. 4","Die Leistungen nach den Nummern 1, 3, 22, 30 und/oder 34 sind neben den Leistungen nach den Nummern 804 bis 812, 817, 835, 849, 861 bis 864, 870, 871, 886 sowie 887 nicht berechnungsfähig.",true,2026-09-15,manual_verification:coverage_sprint_batch3
excl_b3_5_600,5,600,one_way,"GOÄ Allgemeine Bestimmungen zu Abschnitt B, Nr. 8","Neben einer Leistung nach Nummer 5, 6, 7 oder 8 sind die Leistungen nach den Nummern 600, 601, 1203, 1204, 1228, 1240, 1400, 1401 und 1414 nicht berechnungsfähig.",true,2026-09-15,manual_verification:coverage_sprint_batch3
excl_b3_5_601,5,601,one_way,"GOÄ Allgemeine Bestimmungen zu Abschnitt B, Nr. 8","Neben einer Leistung nach Nummer 5, 6, 7 oder 8 sind die Leistungen nach den Nummern 600, 601, 1203, 1204, 1228, 1240, 1400, 1401 und 1414 nicht berechnungsfähig.",true,2026-09-15,manual_verification:coverage_sprint_batch3
excl_b3_5_1203,5,1203,one_way,"GOÄ Allgemeine Bestimmungen zu Abschnitt B, Nr. 8","Neben einer Leistung nach Nummer 5, 6, 7 oder 8 sind die Leistungen nach den Nummern 600, 601, 1203, 1204, 1228, 1240, 1400, 1401 und 1414 nicht berechnungsfähig.",true,2026-09-15,manual_verification:coverage_sprint_batch3
excl_b3_5_1204,5,1204,one_way,"GOÄ Allgemeine Bestimmungen zu Abschnitt B, Nr. 8","Neben einer Leistung nach Nummer 5, 6, 7 oder 8 sind die Leistungen nach den Nummern 600, 601, 1203, 1204, 1228, 1240, 1400, 1401 und 1414 nicht berechnungsfähig.",true,2026-09-15,manual_verification:coverage_sprint_batch3
excl_b3_5_1228,5,1228,one_way,"GOÄ Allgemeine Bestimmungen zu Abschnitt B, Nr. 8","Neben einer Leistung nach Nummer 5, 6, 7 oder 8 sind die Leistungen nach den Nummern 600, 601, 1203, 1204, 1228, 1240, 1400, 1401 und 1414 nicht berechnungsfähig.",true,2026-09-15,manual_verification:coverage_sprint_batch3
excl_b3_5_1240,5,1240,one_way,"GOÄ Allgemeine Bestimmungen zu Abschnitt B, Nr. 8","Neben einer Leistung nach Nummer 5, 6, 7 oder 8 sind die Leistungen nach den Nummern 600, 601, 1203, 1204, 1228, 1240, 1400, 1401 und 1414 nicht berechnungsfähig.",true,2026-09-15,manual_verification:coverage_sprint_batch3
excl_b3_5_1400,5,1400,one_way,"GOÄ Allgemeine Bestimmungen zu Abschnitt B, Nr. 8","Neben einer Leistung nach Nummer 5, 6, 7 oder 8 sind die Leistungen nach den Nummern 600, 601, 1203, 1204, 1228, 1240, 1400, 1401 und 1414 nicht berechnungsfähig.",true,2026-09-15,manual_verification:coverage_sprint_batch3
excl_b3_5_1401,5,1401,one_way,"GOÄ Allgemeine Bestimmungen zu Abschnitt B, Nr. 8","Neben einer Leistung nach Nummer 5, 6, 7 oder 8 sind die Leistungen nach den Nummern 600, 601, 1203, 1204, 1228, 1240, 1400, 1401 und 1414 nicht berechnungsfähig.",true,2026-09-15,manual_verification:coverage_sprint_batch3
excl_b3_5_1414,5,1414,one_way,"GOÄ Allgemeine Bestimmungen zu Abschnitt B, Nr. 8","Neben einer Leistung nach Nummer 5, 6, 7 oder 8 sind die Leistungen nach den Nummern 600, 601, 1203, 1204, 1228, 1240, 1400, 1401 und 1414 nicht berechnungsfähig.",true,2026-09-15,manual_verification:coverage_sprint_batch3
excl_b3_6_600,6,600,one_way,"GOÄ Allgemeine Bestimmungen zu Abschnitt B, Nr. 8","Neben einer Leistung nach Nummer 5, 6, 7 oder 8 sind die Leistungen nach den Nummern 600, 601, 1203, 1204, 1228, 1240, 1400, 1401 und 1414 nicht berechnungsfähig.",true,2026-09-15,manual_verification:coverage_sprint_batch3
excl_b3_6_601,6,601,one_way,"GOÄ Allgemeine Bestimmungen zu Abschnitt B, Nr. 8","Neben einer Leistung nach Nummer 5, 6, 7 oder 8 sind die Leistungen nach den Nummern 600, 601, 1203, 1204, 1228, 1240, 1400, 1401 und 1414 nicht berechnungsfähig.",true,2026-09-15,manual_verification:coverage_sprint_batch3
excl_b3_6_1203,6,1203,one_way,"GOÄ Allgemeine Bestimmungen zu Abschnitt B, Nr. 8","Neben einer Leistung nach Nummer 5, 6, 7 oder 8 sind die Leistungen nach den Nummern 600, 601, 1203, 1204, 1228, 1240, 1400, 1401 und 1414 nicht berechnungsfähig.",true,2026-09-15,manual_verification:coverage_sprint_batch3
excl_b3_6_1204,6,1204,one_way,"GOÄ Allgemeine Bestimmungen zu Abschnitt B, Nr. 8","Neben einer Leistung nach Nummer 5, 6, 7 oder 8 sind die Leistungen nach den Nummern 600, 601, 1203, 1204, 1228, 1240, 1400, 1401 und 1414 nicht berechnungsfähig.",true,2026-09-15,manual_verification:coverage_sprint_batch3
excl_b3_6_1228,6,1228,one_way,"GOÄ Allgemeine Bestimmungen zu Abschnitt B, Nr. 8","Neben einer Leistung nach Nummer 5, 6, 7 oder 8 sind die Leistungen nach den Nummern 600, 601, 1203, 1204, 1228, 1240, 1400, 1401 und 1414 nicht berechnungsfähig.",true,2026-09-15,manual_verification:coverage_sprint_batch3
excl_b3_6_1240,6,1240,one_way,"GOÄ Allgemeine Bestimmungen zu Abschnitt B, Nr. 8","Neben einer Leistung nach Nummer 5, 6, 7 oder 8 sind die Leistungen nach den Nummern 600, 601, 1203, 1204, 1228, 1240, 1400, 1401 und 1414 nicht berechnungsfähig.",true,2026-09-15,manual_verification:coverage_sprint_batch3
excl_b3_6_1400,6,1400,one_way,"GOÄ Allgemeine Bestimmungen zu Abschnitt B, Nr. 8","Neben einer Leistung nach Nummer 5, 6, 7 oder 8 sind die Leistungen nach den Nummern 600, 601, 1203, 1204, 1228, 1240, 1400, 1401 und 1414 nicht berechnungsfähig.",true,2026-09-15,manual_verification:coverage_sprint_batch3
excl_b3_6_1401,6,1401,one_way,"GOÄ Allgemeine Bestimmungen zu Abschnitt B, Nr. 8","Neben einer Leistung nach Nummer 5, 6, 7 oder 8 sind die Leistungen nach den Nummern 600, 601, 1203, 1204, 1228, 1240, 1400, 1401 und 1414 nicht berechnungsfähig.",true,2026-09-15,manual_verification:coverage_sprint_batch3
excl_b3_6_1414,6,1414,one_way,"GOÄ Allgemeine Bestimmungen zu Abschnitt B, Nr. 8","Neben einer Leistung nach Nummer 5, 6, 7 oder 8 sind die Leistungen nach den Nummern 600, 601, 1203, 1204, 1228, 1240, 1400, 1401 und 1414 nicht berechnungsfähig.",true,2026-09-15,manual_verification:coverage_sprint_batch3
excl_b3_7_600,7,600,one_way,"GOÄ Allgemeine Bestimmungen zu Abschnitt B, Nr. 8","Neben einer Leistung nach Nummer 5, 6, 7 oder 8 sind die Leistungen nach den Nummern 600, 601, 1203, 1204, 1228, 1240, 1400, 1401 und 1414 nicht berechnungsfähig.",true,2026-09-15,manual_verification:coverage_sprint_batch3
excl_b3_7_601,7,601,one_way,"GOÄ Allgemeine Bestimmungen zu Abschnitt B, Nr. 8","Neben einer Leistung nach Nummer 5, 6, 7 oder 8 sind die Leistungen nach den Nummern 600, 601, 1203, 1204, 1228, 1240, 1400, 1401 und 1414 nicht berechnungsfähig.",true,2026-09-15,manual_verification:coverage_sprint_batch3
excl_b3_7_1203,7,1203,one_way,"GOÄ Allgemeine Bestimmungen zu Abschnitt B, Nr. 8","Neben einer Leistung nach Nummer 5, 6, 7 oder 8 sind die Leistungen nach den Nummern 600, 601, 1203, 1204, 1228, 1240, 1400, 1401 und 1414 nicht berechnungsfähig.",true,2026-09-15,manual_verification:coverage_sprint_batch3
excl_b3_7_1204,7,1204,one_way,"GOÄ Allgemeine Bestimmungen zu Abschnitt B, Nr. 8","Neben einer Leistung nach Nummer 5, 6, 7 oder 8 sind die Leistungen nach den Nummern 600, 601, 1203, 1204, 1228, 1240, 1400, 1401 und 1414 nicht berechnungsfähig.",true,2026-09-15,manual_verification:coverage_sprint_batch3
excl_b3_7_1228,7,1228,one_way,"GOÄ Allgemeine Bestimmungen zu Abschnitt B, Nr. 8","Neben einer Leistung nach Nummer 5, 6, 7 oder 8 sind die Leistungen nach den Nummern 600, 601, 1203, 1204, 1228, 1240, 1400, 1401 und 1414 nicht berechnungsfähig.",true,2026-09-15,manual_verification:coverage_sprint_batch3
excl_b3_7_1240,7,1240,one_way,"GOÄ Allgemeine Bestimmungen zu Abschnitt B, Nr. 8","Neben einer Leistung nach Nummer 5, 6, 7 oder 8 sind die Leistungen nach den Nummern 600, 601, 1203, 1204, 1228, 1240, 1400, 1401 und 1414 nicht berechnungsfähig.",true,2026-09-15,manual_verification:coverage_sprint_batch3
excl_b3_7_1400,7,1400,one_way,"GOÄ Allgemeine Bestimmungen zu Abschnitt B, Nr. 8","Neben einer Leistung nach Nummer 5, 6, 7 oder 8 sind die Leistungen nach den Nummern 600, 601, 1203, 1204, 1228, 1240, 1400, 1401 und 1414 nicht berechnungsfähig.",true,2026-09-15,manual_verification:coverage_sprint_batch3
excl_b3_7_1401,7,1401,one_way,"GOÄ Allgemeine Bestimmungen zu Abschnitt B, Nr. 8","Neben einer Leistung nach Nummer 5, 6, 7 oder 8 sind die Leistungen nach den Nummern 600, 601, 1203, 1204, 1228, 1240, 1400, 1401 und 1414 nicht berechnungsfähig.",true,2026-09-15,manual_verification:coverage_sprint_batch3
excl_b3_7_1414,7,1414,one_way,"GOÄ Allgemeine Bestimmungen zu Abschnitt B, Nr. 8","Neben einer Leistung nach Nummer 5, 6, 7 oder 8 sind die Leistungen nach den Nummern 600, 601, 1203, 1204, 1228, 1240, 1400, 1401 und 1414 nicht berechnungsfähig.",true,2026-09-15,manual_verification:coverage_sprint_batch3
excl_b3_8_600,8,600,one_way,"GOÄ Allgemeine Bestimmungen zu Abschnitt B, Nr. 8","Neben einer Leistung nach Nummer 5, 6, 7 oder 8 sind die Leistungen nach den Nummern 600, 601, 1203, 1204, 1228, 1240, 1400, 1401 und 1414 nicht berechnungsfähig.",true,2026-09-15,manual_verification:coverage_sprint_batch3
excl_b3_8_601,8,601,one_way,"GOÄ Allgemeine Bestimmungen zu Abschnitt B, Nr. 8","Neben einer Leistung nach Nummer 5, 6, 7 oder 8 sind die Leistungen nach den Nummern 600, 601, 1203, 1204, 1228, 1240, 1400, 1401 und 1414 nicht berechnungsfähig.",true,2026-09-15,manual_verification:coverage_sprint_batch3
excl_b3_8_1203,8,1203,one_way,"GOÄ Allgemeine Bestimmungen zu Abschnitt B, Nr. 8","Neben einer Leistung nach Nummer 5, 6, 7 oder 8 sind die Leistungen nach den Nummern 600, 601, 1203, 1204, 1228, 1240, 1400, 1401 und 1414 nicht berechnungsfähig.",true,2026-09-15,manual_verification:coverage_sprint_batch3
excl_b3_8_1204,8,1204,one_way,"GOÄ Allgemeine Bestimmungen zu Abschnitt B, Nr. 8","Neben einer Leistung nach Nummer 5, 6, 7 oder 8 sind die Leistungen nach den Nummern 600, 601, 1203, 1204, 1228, 1240, 1400, 1401 und 1414 nicht berechnungsfähig.",true,2026-09-15,manual_verification:coverage_sprint_batch3
excl_b3_8_1228,8,1228,one_way,"GOÄ Allgemeine Bestimmungen zu Abschnitt B, Nr. 8","Neben einer Leistung nach Nummer 5, 6, 7 oder 8 sind die Leistungen nach den Nummern 600, 601, 1203, 1204, 1228, 1240, 1400, 1401 und 1414 nicht berechnungsfähig.",true,2026-09-15,manual_verification:coverage_sprint_batch3
excl_b3_8_1240,8,1240,one_way,"GOÄ Allgemeine Bestimmungen zu Abschnitt B, Nr. 8","Neben einer Leistung nach Nummer 5, 6, 7 oder 8 sind die Leistungen nach den Nummern 600, 601, 1203, 1204, 1228, 1240, 1400, 1401 und 1414 nicht berechnungsfähig.",true,2026-09-15,manual_verification:coverage_sprint_batch3
excl_b3_8_1400,8,1400,one_way,"GOÄ Allgemeine Bestimmungen zu Abschnitt B, Nr. 8","Neben einer Leistung nach Nummer 5, 6, 7 oder 8 sind die Leistungen nach den Nummern 600, 601, 1203, 1204, 1228, 1240, 1400, 1401 und 1414 nicht berechnungsfähig.",true,2026-09-15,manual_verification:coverage_sprint_batch3
excl_b3_8_1401,8,1401,one_way,"GOÄ Allgemeine Bestimmungen zu Abschnitt B, Nr. 8","Neben einer Leistung nach Nummer 5, 6, 7 oder 8 sind die Leistungen nach den Nummern 600, 601, 1203, 1204, 1228, 1240, 1400, 1401 und 1414 nicht berechnungsfähig.",true,2026-09-15,manual_verification:coverage_sprint_batch3
excl_b3_8_1414,8,1414,one_way,"GOÄ Allgemeine Bestimmungen zu Abschnitt B, Nr. 8","Neben einer Leistung nach Nummer 5, 6, 7 oder 8 sind die Leistungen nach den Nummern 600, 601, 1203, 1204, 1228, 1240, 1400, 1401 und 1414 nicht berechnungsfähig.",true,2026-09-15,manual_verification:coverage_sprint_batch3
excl_b3_A_E,A,E,mutual,"GOÄ Allgemeine Bestimmungen zu Abschnitt B V (Zuschläge A bis D, K 1)",Neben den Zuschlägen nach den Buchstaben A bis D sowie K 1 dürfen die Zuschläge nach den Buchstaben E bis J sowie K 2 nicht berechnet werden.,true,2026-09-15,manual_verification:coverage_sprint_batch3
excl_b3_E_A,E,A,mutual,"GOÄ Allgemeine Bestimmungen zu Abschnitt B V (Zuschläge E bis J, K 2)",Neben den Zuschlägen nach den Buchstaben E bis J sowie K 2 dürfen die Zuschläge nach den Buchstaben A bis D sowie K 1 nicht berechnet werden.,true,2026-09-15,manual_verification:coverage_sprint_batch3
excl_b3_A_F,A,F,mutual,"GOÄ Allgemeine Bestimmungen zu Abschnitt B V (Zuschläge A bis D, K 1)",Neben den Zuschlägen nach den Buchstaben A bis D sowie K 1 dürfen die Zuschläge nach den Buchstaben E bis J sowie K 2 nicht berechnet werden.,true,2026-09-15,manual_verification:coverage_sprint_batch3
excl_b3_F_A,F,A,mutual,"GOÄ Allgemeine Bestimmungen zu Abschnitt B V (Zuschläge E bis J, K 2)",Neben den Zuschlägen nach den Buchstaben E bis J sowie K 2 dürfen die Zuschläge nach den Buchstaben A bis D sowie K 1 nicht berechnet werden.,true,2026-09-15,manual_verification:coverage_sprint_batch3
excl_b3_A_G,A,G,mutual,"GOÄ Allgemeine Bestimmungen zu Abschnitt B V (Zuschläge A bis D, K 1)",Neben den Zuschlägen nach den Buchstaben A bis D sowie K 1 dürfen die Zuschläge nach den Buchstaben E bis J sowie K 2 nicht berechnet werden.,true,2026-09-15,manual_verification:coverage_sprint_batch3
excl_b3_G_A,G,A,mutual,"GOÄ Allgemeine Bestimmungen zu Abschnitt B V (Zuschläge E bis J, K 2)",Neben den Zuschlägen nach den Buchstaben E bis J sowie K 2 dürfen die Zuschläge nach den Buchstaben A bis D sowie K 1 nicht berechnet werden.,true,2026-09-15,manual_verification:coverage_sprint_batch3
excl_b3_A_H,A,H,mutual,"GOÄ Allgemeine Bestimmungen zu Abschnitt B V (Zuschläge A bis D, K 1)",Neben den Zuschlägen nach den Buchstaben A bis D sowie K 1 dürfen die Zuschläge nach den Buchstaben E bis J sowie K 2 nicht berechnet werden.,true,2026-09-15,manual_verification:coverage_sprint_batch3
excl_b3_H_A,H,A,mutual,"GOÄ Allgemeine Bestimmungen zu Abschnitt B V (Zuschläge E bis J, K 2)",Neben den Zuschlägen nach den Buchstaben E bis J sowie K 2 dürfen die Zuschläge nach den Buchstaben A bis D sowie K 1 nicht berechnet werden.,true,2026-09-15,manual_verification:coverage_sprint_batch3
excl_b3_A_J,A,J,mutual,"GOÄ Allgemeine Bestimmungen zu Abschnitt B V (Zuschläge A bis D, K 1)",Neben den Zuschlägen nach den Buchstaben A bis D sowie K 1 dürfen die Zuschläge nach den Buchstaben E bis J sowie K 2 nicht berechnet werden.,true,2026-09-15,manual_verification:coverage_sprint_batch3
excl_b3_J_A,J,A,mutual,"GOÄ Allgemeine Bestimmungen zu Abschnitt B V (Zuschläge E bis J, K 2)",Neben den Zuschlägen nach den Buchstaben E bis J sowie K 2 dürfen die Zuschläge nach den Buchstaben A bis D sowie K 1 nicht berechnet werden.,true,2026-09-15,manual_verification:coverage_sprint_batch3
excl_b3_A_K2,A,K2,mutual,"GOÄ Allgemeine Bestimmungen zu Abschnitt B V (Zuschläge A bis D, K 1)",Neben den Zuschlägen nach den Buchstaben A bis D sowie K 1 dürfen die Zuschläge nach den Buchstaben E bis J sowie K 2 nicht berechnet werden.,true,2026-09-15,manual_verification:coverage_sprint_batch3
excl_b3_K2_A,K2,A,mutual,"GOÄ Allgemeine Bestimmungen zu Abschnitt B V (Zuschläge E bis J, K 2)",Neben den Zuschlägen nach den Buchstaben E bis J sowie K 2 dürfen die Zuschläge nach den Buchstaben A bis D sowie K 1 nicht berechnet werden.,true,2026-09-15,manual_verification:coverage_sprint_batch3
excl_b3_B_E,B,E,mutual,"GOÄ Allgemeine Bestimmungen zu Abschnitt B V (Zuschläge A bis D, K 1)",Neben den Zuschlägen nach den Buchstaben A bis D sowie K 1 dürfen die Zuschläge nach den Buchstaben E bis J sowie K 2 nicht berechnet werden.,true,2026-09-15,manual_verification:coverage_sprint_batch3
excl_b3_E_B,E,B,mutual,"GOÄ Allgemeine Bestimmungen zu Abschnitt B V (Zuschläge E bis J, K 2)",Neben den Zuschlägen nach den Buchstaben E bis J sowie K 2 dürfen die Zuschläge nach den Buchstaben A bis D sowie K 1 nicht berechnet werden.,true,2026-09-15,manual_verification:coverage_sprint_batch3
excl_b3_B_F,B,F,mutual,"GOÄ Allgemeine Bestimmungen zu Abschnitt B V (Zuschläge A bis D, K 1)",Neben den Zuschlägen nach den Buchstaben A bis D sowie K 1 dürfen die Zuschläge nach den Buchstaben E bis J sowie K 2 nicht berechnet werden.,true,2026-09-15,manual_verification:coverage_sprint_batch3
excl_b3_F_B,F,B,mutual,"GOÄ Allgemeine Bestimmungen zu Abschnitt B V (Zuschläge E bis J, K 2)",Neben den Zuschlägen nach den Buchstaben E bis J sowie K 2 dürfen die Zuschläge nach den Buchstaben A bis D sowie K 1 nicht berechnet werden.,true,2026-09-15,manual_verification:coverage_sprint_batch3
excl_b3_B_G,B,G,mutual,"GOÄ Allgemeine Bestimmungen zu Abschnitt B V (Zuschläge A bis D, K 1)",Neben den Zuschlägen nach den Buchstaben A bis D sowie K 1 dürfen die Zuschläge nach den Buchstaben E bis J sowie K 2 nicht berechnet werden.,true,2026-09-15,manual_verification:coverage_sprint_batch3
excl_b3_G_B,G,B,mutual,"GOÄ Allgemeine Bestimmungen zu Abschnitt B V (Zuschläge E bis J, K 2)",Neben den Zuschlägen nach den Buchstaben E bis J sowie K 2 dürfen die Zuschläge nach den Buchstaben A bis D sowie K 1 nicht berechnet werden.,true,2026-09-15,manual_verification:coverage_sprint_batch3
excl_b3_B_H,B,H,mutual,"GOÄ Allgemeine Bestimmungen zu Abschnitt B V (Zuschläge A bis D, K 1)",Neben den Zuschlägen nach den Buchstaben A bis D sowie K 1 dürfen die Zuschläge nach den Buchstaben E bis J sowie K 2 nicht berechnet werden.,true,2026-09-15,manual_verification:coverage_sprint_batch3
excl_b3_H_B,H,B,mutual,"GOÄ Allgemeine Bestimmungen zu Abschnitt B V (Zuschläge E bis J, K 2)",Neben den Zuschlägen nach den Buchstaben E bis J sowie K 2 dürfen die Zuschläge nach den Buchstaben A bis D sowie K 1 nicht berechnet werden.,true,2026-09-15,manual_verification:coverage_sprint_batch3
excl_b3_B_J,B,J,mutual,"GOÄ Allgemeine Bestimmungen zu Abschnitt B V (Zuschläge A bis D, K 1)",Neben den Zuschlägen nach den Buchstaben A bis D sowie K 1 dürfen die Zuschläge nach den Buchstaben E bis J sowie K 2 nicht berechnet werden.,true,2026-09-15,manual_verification:coverage_sprint_batch3
excl_b3_J_B,J,B,mutual,"GOÄ Allgemeine Bestimmungen zu Abschnitt B V (Zuschläge E bis J, K 2)",Neben den Zuschlägen nach den Buchstaben E bis J sowie K 2 dürfen die Zuschläge nach den Buchstaben A bis D sowie K 1 nicht berechnet werden.,true,2026-09-15,manual_verification:coverage_sprint_batch3
excl_b3_B_K2,B,K2,mutual,"GOÄ Allgemeine Bestimmungen zu Abschnitt B V (Zuschläge A bis D, K 1)",Neben den Zuschlägen nach den Buchstaben A bis D sowie K 1 dürfen die Zuschläge nach den Buchstaben E bis J sowie K 2 nicht berechnet werden.,true,2026-09-15,manual_verification:coverage_sprint_batch3
excl_b3_K2_B,K2,B,mutual,"GOÄ Allgemeine Bestimmungen zu Abschnitt B V (Zuschläge E bis J, K 2)",Neben den Zuschlägen nach den Buchstaben E bis J sowie K 2 dürfen die Zuschläge nach den Buchstaben A bis D sowie K 1 nicht berechnet werden.,true,2026-09-15,manual_verification:coverage_sprint_batch3
excl_b3_C_E,C,E,mutual,"GOÄ Allgemeine Bestimmungen zu Abschnitt B V (Zuschläge A bis D, K 1)",Neben den Zuschlägen nach den Buchstaben A bis D sowie K 1 dürfen die Zuschläge nach den Buchstaben E bis J sowie K 2 nicht berechnet werden.,true,2026-09-15,manual_verification:coverage_sprint_batch3
excl_b3_E_C,E,C,mutual,"GOÄ Allgemeine Bestimmungen zu Abschnitt B V (Zuschläge E bis J, K 2)",Neben den Zuschlägen nach den Buchstaben E bis J sowie K 2 dürfen die Zuschläge nach den Buchstaben A bis D sowie K 1 nicht berechnet werden.,true,2026-09-15,manual_verification:coverage_sprint_batch3
excl_b3_C_F,C,F,mutual,"GOÄ Allgemeine Bestimmungen zu Abschnitt B V (Zuschläge A bis D, K 1)",Neben den Zuschlägen nach den Buchstaben A bis D sowie K 1 dürfen die Zuschläge nach den Buchstaben E bis J sowie K 2 nicht berechnet werden.,true,2026-09-15,manual_verification:coverage_sprint_batch3
excl_b3_F_C,F,C,mutual,"GOÄ Allgemeine Bestimmungen zu Abschnitt B V (Zuschläge E bis J, K 2)",Neben den Zuschlägen nach den Buchstaben E bis J sowie K 2 dürfen die Zuschläge nach den Buchstaben A bis D sowie K 1 nicht berechnet werden.,true,2026-09-15,manual_verification:coverage_sprint_batch3
excl_b3_C_G,C,G,mutual,"GOÄ Allgemeine Bestimmungen zu Abschnitt B V (Zuschläge A bis D, K 1)",Neben den Zuschlägen nach den Buchstaben A bis D sowie K 1 dürfen die Zuschläge nach den Buchstaben E bis J sowie K 2 nicht berechnet werden.,true,2026-09-15,manual_verification:coverage_sprint_batch3
excl_b3_G_C,G,C,mutual,"GOÄ Allgemeine Bestimmungen zu Abschnitt B V (Zuschläge E bis J, K 2)",Neben den Zuschlägen nach den Buchstaben E bis J sowie K 2 dürfen die Zuschläge nach den Buchstaben A bis D sowie K 1 nicht berechnet werden.,true,2026-09-15,manual_verification:coverage_sprint_batch3
excl_b3_C_H,C,H,mutual,"GOÄ Allgemeine Bestimmungen zu Abschnitt B V (Zuschläge A bis D, K 1)",Neben den Zuschlägen nach den Buchstaben A bis D sowie K 1 dürfen die Zuschläge nach den Buchstaben E bis J sowie K 2 nicht berechnet werden.,true,2026-09-15,manual_verification:coverage_sprint_batch3
excl_b3_H_C,H,C,mutual,"GOÄ Allgemeine Bestimmungen zu Abschnitt B V (Zuschläge E bis J, K 2)",Neben den Zuschlägen nach den Buchstaben E bis J sowie K 2 dürfen die Zuschläge nach den Buchstaben A bis D sowie K 1 nicht berechnet werden.,true,2026-09-15,manual_verification:coverage_sprint_batch3
excl_b3_C_J,C,J,mutual,"GOÄ Allgemeine Bestimmungen zu Abschnitt B V (Zuschläge A bis D, K 1)",Neben den Zuschlägen nach den Buchstaben A bis D sowie K 1 dürfen die Zuschläge nach den Buchstaben E bis J sowie K 2 nicht berechnet werden.,true,2026-09-15,manual_verification:coverage_sprint_batch3
excl_b3_J_C,J,C,mutual,"GOÄ Allgemeine Bestimmungen zu Abschnitt B V (Zuschläge E bis J, K 2)",Neben den Zuschlägen nach den Buchstaben E bis J sowie K 2 dürfen die Zuschläge nach den Buchstaben A bis D sowie K 1 nicht berechnet werden.,true,2026-09-15,manual_verification:coverage_sprint_batch3
excl_b3_C_K2,C,K2,mutual,"GOÄ Allgemeine Bestimmungen zu Abschnitt B V (Zuschläge A bis D, K 1)",Neben den Zuschlägen nach den Buchstaben A bis D sowie K 1 dürfen die Zuschläge nach den Buchstaben E bis J sowie K 2 nicht berechnet werden.,true,2026-09-15,manual_verification:coverage_sprint_batch3
excl_b3_K2_C,K2,C,mutual,"GOÄ Allgemeine Bestimmungen zu Abschnitt B V (Zuschläge E bis J, K 2)",Neben den Zuschlägen nach den Buchstaben E bis J sowie K 2 dürfen die Zuschläge nach den Buchstaben A bis D sowie K 1 nicht berechnet werden.,true,2026-09-15,manual_verification:coverage_sprint_batch3
excl_b3_D_E,D,E,mutual,"GOÄ Allgemeine Bestimmungen zu Abschnitt B V (Zuschläge A bis D, K 1)",Neben den Zuschlägen nach den Buchstaben A bis D sowie K 1 dürfen die Zuschläge nach den Buchstaben E bis J sowie K 2 nicht berechnet werden.,true,2026-09-15,manual_verification:coverage_sprint_batch3
excl_b3_E_D,E,D,mutual,"GOÄ Allgemeine Bestimmungen zu Abschnitt B V (Zuschläge E bis J, K 2)",Neben den Zuschlägen nach den Buchstaben E bis J sowie K 2 dürfen die Zuschläge nach den Buchstaben A bis D sowie K 1 nicht berechnet werden.,true,2026-09-15,manual_verification:coverage_sprint_batch3
excl_b3_D_F,D,F,mutual,"GOÄ Allgemeine Bestimmungen zu Abschnitt B V (Zuschläge A bis D, K 1)",Neben den Zuschlägen nach den Buchstaben A bis D sowie K 1 dürfen die Zuschläge nach den Buchstaben E bis J sowie K 2 nicht berechnet werden.,true,2026-09-15,manual_verification:coverage_sprint_batch3
excl_b3_F_D,F,D,mutual,"GOÄ Allgemeine Bestimmungen zu Abschnitt B V (Zuschläge E bis J, K 2)",Neben den Zuschlägen nach den Buchstaben E bis J sowie K 2 dürfen die Zuschläge nach den Buchstaben A bis D sowie K 1 nicht berechnet werden.,true,2026-09-15,manual_verification:coverage_sprint_batch3
excl_b3_D_G,D,G,mutual,"GOÄ Allgemeine Bestimmungen zu Abschnitt B V (Zuschläge A bis D, K 1)",Neben den Zuschlägen nach den Buchstaben A bis D sowie K 1 dürfen die Zuschläge nach den Buchstaben E bis J sowie K 2 nicht berechnet werden.,true,2026-09-15,manual_verification:coverage_sprint_batch3
excl_b3_G_D,G,D,mutual,"GOÄ Allgemeine Bestimmungen zu Abschnitt B V (Zuschläge E bis J, K 2)",Neben den Zuschlägen nach den Buchstaben E bis J sowie K 2 dürfen die Zuschläge nach den Buchstaben A bis D sowie K 1 nicht berechnet werden.,true,2026-09-15,manual_verification:coverage_sprint_batch3
excl_b3_D_H,D,H,mutual,"GOÄ Allgemeine Bestimmungen zu Abschnitt B V (Zuschläge A bis D, K 1)",Neben den Zuschlägen nach den Buchstaben A bis D sowie K 1 dürfen die Zuschläge nach den Buchstaben E bis J sowie K 2 nicht berechnet werden.,true,2026-09-15,manual_verification:coverage_sprint_batch3
excl_b3_H_D,H,D,mutual,"GOÄ Allgemeine Bestimmungen zu Abschnitt B V (Zuschläge E bis J, K 2)",Neben den Zuschlägen nach den Buchstaben E bis J sowie K 2 dürfen die Zuschläge nach den Buchstaben A bis D sowie K 1 nicht berechnet werden.,true,2026-09-15,manual_verification:coverage_sprint_batch3
excl_b3_D_J,D,J,mutual,"GOÄ Allgemeine Bestimmungen zu Abschnitt B V (Zuschläge A bis D, K 1)",Neben den Zuschlägen nach den Buchstaben A bis D sowie K 1 dürfen die Zuschläge nach den Buchstaben E bis J sowie K 2 nicht berechnet werden.,true,2026-09-15,manual_verification:coverage_sprint_batch3
excl_b3_J_D,J,D,mutual,"GOÄ Allgemeine Bestimmungen zu Abschnitt B V (Zuschläge E bis J, K 2)",Neben den Zuschlägen nach den Buchstaben E bis J sowie K 2 dürfen die Zuschläge nach den Buchstaben A bis D sowie K 1 nicht berechnet werden.,true,2026-09-15,manual_verification:coverage_sprint_batch3
excl_b3_D_K2,D,K2,mutual,"GOÄ Allgemeine Bestimmungen zu Abschnitt B V (Zuschläge A bis D, K 1)",Neben den Zuschlägen nach den Buchstaben A bis D sowie K 1 dürfen die Zuschläge nach den Buchstaben E bis J sowie K 2 nicht berechnet werden.,true,2026-09-15,manual_verification:coverage_sprint_batch3
excl_b3_K2_D,K2,D,mutual,"GOÄ Allgemeine Bestimmungen zu Abschnitt B V (Zuschläge E bis J, K 2)",Neben den Zuschlägen nach den Buchstaben E bis J sowie K 2 dürfen die Zuschläge nach den Buchstaben A bis D sowie K 1 nicht berechnet werden.,true,2026-09-15,manual_verification:coverage_sprint_batch3
excl_b3_K1_E,K1,E,mutual,"GOÄ Allgemeine Bestimmungen zu Abschnitt B V (Zuschläge A bis D, K 1)",Neben den Zuschlägen nach den Buchstaben A bis D sowie K 1 dürfen die Zuschläge nach den Buchstaben E bis J sowie K 2 nicht berechnet werden.,true,2026-09-15,manual_verification:coverage_sprint_batch3
excl_b3_E_K1,E,K1,mutual,"GOÄ Allgemeine Bestimmungen zu Abschnitt B V (Zuschläge E bis J, K 2)",Neben den Zuschlägen nach den Buchstaben E bis J sowie K 2 dürfen die Zuschläge nach den Buchstaben A bis D sowie K 1 nicht berechnet werden.,true,2026-09-15,manual_verification:coverage_sprint_batch3
excl_b3_K1_F,K1,F,mutual,"GOÄ Allgemeine Bestimmungen zu Abschnitt B V (Zuschläge A bis D, K 1)",Neben den Zuschlägen nach den Buchstaben A bis D sowie K 1 dürfen die Zuschläge nach den Buchstaben E bis J sowie K 2 nicht berechnet werden.,true,2026-09-15,manual_verification:coverage_sprint_batch3
excl_b3_F_K1,F,K1,mutual,"GOÄ Allgemeine Bestimmungen zu Abschnitt B V (Zuschläge E bis J, K 2)",Neben den Zuschlägen nach den Buchstaben E bis J sowie K 2 dürfen die Zuschläge nach den Buchstaben A bis D sowie K 1 nicht berechnet werden.,true,2026-09-15,manual_verification:coverage_sprint_batch3
excl_b3_K1_G,K1,G,mutual,"GOÄ Allgemeine Bestimmungen zu Abschnitt B V (Zuschläge A bis D, K 1)",Neben den Zuschlägen nach den Buchstaben A bis D sowie K 1 dürfen die Zuschläge nach den Buchstaben E bis J sowie K 2 nicht berechnet werden.,true,2026-09-15,manual_verification:coverage_sprint_batch3
excl_b3_G_K1,G,K1,mutual,"GOÄ Allgemeine Bestimmungen zu Abschnitt B V (Zuschläge E bis J, K 2)",Neben den Zuschlägen nach den Buchstaben E bis J sowie K 2 dürfen die Zuschläge nach den Buchstaben A bis D sowie K 1 nicht berechnet werden.,true,2026-09-15,manual_verification:coverage_sprint_batch3
excl_b3_K1_H,K1,H,mutual,"GOÄ Allgemeine Bestimmungen zu Abschnitt B V (Zuschläge A bis D, K 1)",Neben den Zuschlägen nach den Buchstaben A bis D sowie K 1 dürfen die Zuschläge nach den Buchstaben E bis J sowie K 2 nicht berechnet werden.,true,2026-09-15,manual_verification:coverage_sprint_batch3
excl_b3_H_K1,H,K1,mutual,"GOÄ Allgemeine Bestimmungen zu Abschnitt B V (Zuschläge E bis J, K 2)",Neben den Zuschlägen nach den Buchstaben E bis J sowie K 2 dürfen die Zuschläge nach den Buchstaben A bis D sowie K 1 nicht berechnet werden.,true,2026-09-15,manual_verification:coverage_sprint_batch3
excl_b3_K1_J,K1,J,mutual,"GOÄ Allgemeine Bestimmungen zu Abschnitt B V (Zuschläge A bis D, K 1)",Neben den Zuschlägen nach den Buchstaben A bis D sowie K 1 dürfen die Zuschläge nach den Buchstaben E bis J sowie K 2 nicht berechnet werden.,true,2026-09-15,manual_verification:coverage_sprint_batch3
excl_b3_J_K1,J,K1,mutual,"GOÄ Allgemeine Bestimmungen zu Abschnitt B V (Zuschläge E bis J, K 2)",Neben den Zuschlägen nach den Buchstaben E bis J sowie K 2 dürfen die Zuschläge nach den Buchstaben A bis D sowie K 1 nicht berechnet werden.,true,2026-09-15,manual_verification:coverage_sprint_batch3
excl_b3_K1_K2,K1,K2,mutual,"GOÄ Allgemeine Bestimmungen zu Abschnitt B V (Zuschläge A bis D, K 1)",Neben den Zuschlägen nach den Buchstaben A bis D sowie K 1 dürfen die Zuschläge nach den Buchstaben E bis J sowie K 2 nicht berechnet werden.,true,2026-09-15,manual_verification:coverage_sprint_batch3
excl_b3_K2_K1,K2,K1,mutual,"GOÄ Allgemeine Bestimmungen zu Abschnitt B V (Zuschläge E bis J, K 2)",Neben den Zuschlägen nach den Buchstaben E bis J sowie K 2 dürfen die Zuschläge nach den Buchstaben A bis D sowie K 1 nicht berechnet werden.,true,2026-09-15,manual_verification:coverage_sprint_batch3
excl_b3_100_48,100,48,one_way,"GOÄ Allgemeine Bestimmungen zu Abschnitt B VII, Nr. 3",Neben den Leistungen nach den Nummern 100 und 101 sind die Leistungen nach den Nummern 48 bis 52 nicht berechnungsfähig.,true,2026-09-15,manual_verification:coverage_sprint_batch3
excl_b3_100_50,100,50,one_way,"GOÄ Allgemeine Bestimmungen zu Abschnitt B VII, Nr. 3",Neben den Leistungen nach den Nummern 100 und 101 sind die Leistungen nach den Nummern 48 bis 52 nicht berechnungsfähig.,true,2026-09-15,manual_verification:coverage_sprint_batch3
excl_b3_100_51,100,51,one_way,"GOÄ Allgemeine Bestimmungen zu Abschnitt B VII, Nr. 3",Neben den Leistungen nach den Nummern 100 und 101 sind die Leistungen nach den Nummern 48 bis 52 nicht berechnungsfähig.,true,2026-09-15,manual_verification:coverage_sprint_batch3
excl_b3_100_52,100,52,one_way,"GOÄ Allgemeine Bestimmungen zu Abschnitt B VII, Nr. 3",Neben den Leistungen nach den Nummern 100 und 101 sind die Leistungen nach den Nummern 48 bis 52 nicht berechnungsfähig.,true,2026-09-15,manual_verification:coverage_sprint_batch3
excl_b3_101_48,101,48,one_way,"GOÄ Allgemeine Bestimmungen zu Abschnitt B VII, Nr. 3",Neben den Leistungen nach den Nummern 100 und 101 sind die Leistungen nach den Nummern 48 bis 52 nicht berechnungsfähig.,true,2026-09-15,manual_verification:coverage_sprint_batch3
excl_b3_101_50,101,50,one_way,"GOÄ Allgemeine Bestimmungen zu Abschnitt B VII, Nr. 3",Neben den Leistungen nach den Nummern 100 und 101 sind die Leistungen nach den Nummern 48 bis 52 nicht berechnungsfähig.,true,2026-09-15,manual_verification:coverage_sprint_batch3
excl_b3_101_51,101,51,one_way,"GOÄ Allgemeine Bestimmungen zu Abschnitt B VII, Nr. 3",Neben den Leistungen nach den Nummern 100 und 101 sind die Leistungen nach den Nummern 48 bis 52 nicht berechnungsfähig.,true,2026-09-15,manual_verification:coverage_sprint_batch3
excl_b3_101_52,101,52,one_way,"GOÄ Allgemeine Bestimmungen zu Abschnitt B VII, Nr. 3",Neben den Leistungen nach den Nummern 100 und 101 sind die Leistungen nach den Nummern 48 bis 52 nicht berechnungsfähig.,true,2026-09-15,manual_verification:coverage_sprint_batch3
excl_b3_100_101,100,101,mutual,"GOÄ Allgemeine Bestimmungen zu Abschnitt B VII, Nr. 4",Die Leistungen nach den Nummern 100 und 101 sind nicht nebeneinander berechnungsfähig.,true,2026-09-15,manual_verification:coverage_sprint_batch3
excl_b3_101_100,101,100,mutual,"GOÄ Allgemeine Bestimmungen zu Abschnitt B VII, Nr. 4",Die Leistungen nach den Nummern 100 und 101 sind nicht nebeneinander berechnungsfähig.,true,2026-09-15,manual_verification:coverage_sprint_batch3
excl_b3_271_272,271,272,mutual,GOÄ Allgemeine Bestimmungen zu Abschnitt C II,Die Leistungen nach den Nummern 271 bis 276 sind nicht nebeneinander berechnungsfähig.,true,2026-09-15,manual_verification:coverage_sprint_batch3
excl_b3_272_271,272,271,mutual,GOÄ Allgemeine Bestimmungen zu Abschnitt C II,Die Leistungen nach den Nummern 271 bis 276 sind nicht nebeneinander berechnungsfähig.,true,2026-09-15,manual_verification:coverage_sprint_batch3
excl_b3_271_273,271,273,mutual,GOÄ Allgemeine Bestimmungen zu Abschnitt C II,Die Leistungen nach den Nummern 271 bis 276 sind nicht nebeneinander berechnungsfähig.,true,2026-09-15,manual_verification:coverage_sprint_batch3
excl_b3_273_271,273,271,mutual,GOÄ Allgemeine Bestimmungen zu Abschnitt C II,Die Leistungen nach den Nummern 271 bis 276 sind nicht nebeneinander berechnungsfähig.,true,2026-09-15,manual_verification:coverage_sprint_batch3
excl_b3_271_274,271,274,mutual,GOÄ Allgemeine Bestimmungen zu Abschnitt C II,Die Leistungen nach den Nummern 271 bis 276 sind nicht nebeneinander berechnungsfähig.,true,2026-09-15,manual_verification:coverage_sprint_batch3
excl_b3_274_271,274,271,mutual,GOÄ Allgemeine Bestimmungen zu Abschnitt C II,Die Leistungen nach den Nummern 271 bis 276 sind nicht nebeneinander berechnungsfähig.,true,2026-09-15,manual_verification:coverage_sprint_batch3
excl_b3_271_275,271,275,mutual,GOÄ Allgemeine Bestimmungen zu Abschnitt C II,Die Leistungen nach den Nummern 271 bis 276 sind nicht nebeneinander berechnungsfähig.,true,2026-09-15,manual_verification:coverage_sprint_batch3
excl_b3_275_271,275,271,mutual,GOÄ Allgemeine Bestimmungen zu Abschnitt C II,Die Leistungen nach den Nummern 271 bis 276 sind nicht nebeneinander berechnungsfähig.,true,2026-09-15,manual_verification:coverage_sprint_batch3
excl_b3_271_276,271,276,mutual,GOÄ Allgemeine Bestimmungen zu Abschnitt C II,Die Leistungen nach den Nummern 271 bis 276 sind nicht nebeneinander berechnungsfähig.,true,2026-09-15,manual_verification:coverage_sprint_batch3
excl_b3_276_271,276,271,mutual,GOÄ Allgemeine Bestimmungen zu Abschnitt C II,Die Leistungen nach den Nummern 271 bis 276 sind nicht nebeneinander berechnungsfähig.,true,2026-09-15,manual_verification:coverage_sprint_batch3
excl_b3_272_273,272,273,mutual,GOÄ Allgemeine Bestimmungen zu Abschnitt C II,Die Leistungen nach den Nummern 271 bis 276 sind nicht nebeneinander berechnungsfähig.,true,2026-09-15,manual_verification:coverage_sprint_batch3
excl_b3_273_272,273,272,mutual,GOÄ Allgemeine Bestimmungen zu Abschnitt C II,Die Leistungen nach den Nummern 271 bis 276 sind nicht nebeneinander berechnungsfähig.,true,2026-09-15,manual_verification:coverage_sprint_batch3
excl_b3_272_274,272,274,mutual,GOÄ Allgemeine Bestimmungen zu Abschnitt C II,Die Leistungen nach den Nummern 271 bis 276 sind nicht nebeneinander berechnungsfähig.,true,2026-09-15,manual_verification:coverage_sprint_batch3
excl_b3_274_272,274,272,mutual,GOÄ Allgemeine Bestimmungen zu Abschnitt C II,Die Leistungen nach den Nummern 271 bis 276 sind nicht nebeneinander berechnungsfähig.,true,2026-09-15,manual_verification:coverage_sprint_batch3
excl_b3_272_275,272,275,mutual,GOÄ Allgemeine Bestimmungen zu Abschnitt C II,Die Leistungen nach den Nummern 271 bis 276 sind nicht nebeneinander berechnungsfähig.,true,2026-09-15,manual_verification:coverage_sprint_batch3
excl_b3_275_272,275,272,mutual,GOÄ Allgemeine Bestimmungen zu Abschnitt C II,Die Leistungen nach den Nummern 271 bis 276 sind nicht nebeneinander berechnungsfähig.,true,2026-09-15,manual_verification:coverage_sprint_batch3
excl_b3_272_276,272,276,mutual,GOÄ Allgemeine Bestimmungen zu Abschnitt C II,Die Leistungen nach den Nummern 271 bis 276 sind nicht nebeneinander berechnungsfähig.,true,2026-09-15,manual_verification:coverage_sprint_batch3
excl_b3_276_272,276,272,mutual,GOÄ Allgemeine Bestimmungen zu Abschnitt C II,Die Leistungen nach den Nummern 271 bis 276 sind nicht nebeneinander berechnungsfähig.,true,2026-09-15,manual_verification:coverage_sprint_batch3
excl_b3_273_274,273,274,mutual,GOÄ Allgemeine Bestimmungen zu Abschnitt C II,Die Leistungen nach den Nummern 271 bis 276 sind nicht nebeneinander berechnungsfähig.,true,2026-09-15,manual_verification:coverage_sprint_batch3
excl_b3_274_273,274,273,mutual,GOÄ Allgemeine Bestimmungen zu Abschnitt C II,Die Leistungen nach den Nummern 271 bis 276 sind nicht nebeneinander berechnungsfähig.,true,2026-09-15,manual_verification:coverage_sprint_batch3
excl_b3_273_275,273,275,mutual,GOÄ Allgemeine Bestimmungen zu Abschnitt C II,Die Leistungen nach den Nummern 271 bis 276 sind nicht nebeneinander berechnungsfähig.,true,2026-09-15,manual_verification:coverage_sprint_batch3
excl_b3_275_273,275,273,mutual,GOÄ Allgemeine Bestimmungen zu Abschnitt C II,Die Leistungen nach den Nummern 271 bis 276 sind nicht nebeneinander berechnungsfähig.,true,2026-09-15,manual_verification:coverage_sprint_batch3
excl_b3_273_276,273,276,mutual,GOÄ Allgemeine Bestimmungen zu Abschnitt C II,Die Leistungen nach den Nummern 271 bis 276 sind nicht nebeneinander berechnungsfähig.,true,2026-09-15,manual_verification:coverage_sprint_batch3
excl_b3_276_273,276,273,mutual,GOÄ Allgemeine Bestimmungen zu Abschnitt C II,Die Leistungen nach den Nummern 271 bis 276 sind nicht nebeneinander berechnungsfähig.,true,2026-09-15,manual_verification:coverage_sprint_batch3
excl_b3_274_275,274,275,mutual,GOÄ Allgemeine Bestimmungen zu Abschnitt C II,Die Leistungen nach den Nummern 271 bis 276 sind nicht nebeneinander berechnungsfähig.,true,2026-09-15,manual_verification:coverage_sprint_batch3
excl_b3_275_274,275,274,mutual,GOÄ Allgemeine Bestimmungen zu Abschnitt C II,Die Leistungen nach den Nummern 271 bis 276 sind nicht nebeneinander berechnungsfähig.,true,2026-09-15,manual_verification:coverage_sprint_batch3
excl_b3_274_276,274,276,mutual,GOÄ Allgemeine Bestimmungen zu Abschnitt C II,Die Leistungen nach den Nummern 271 bis 276 sind nicht nebeneinander berechnungsfähig.,true,2026-09-15,manual_verification:coverage_sprint_batch3
excl_b3_276_274,276,274,mutual,GOÄ Allgemeine Bestimmungen zu Abschnitt C II,Die Leistungen nach den Nummern 271 bis 276 sind nicht nebeneinander berechnungsfähig.,true,2026-09-15,manual_verification:coverage_sprint_batch3
excl_b3_275_276,275,276,mutual,GOÄ Allgemeine Bestimmungen zu Abschnitt C II,Die Leistungen nach den Nummern 271 bis 276 sind nicht nebeneinander berechnungsfähig.,true,2026-09-15,manual_verification:coverage_sprint_batch3
excl_b3_276_275,276,275,mutual,GOÄ Allgemeine Bestimmungen zu Abschnitt C II,Die Leistungen nach den Nummern 271 bis 276 sind nicht nebeneinander berechnungsfähig.,true,2026-09-15,manual_verification:coverage_sprint_batch3
excl_b3_376_1,376,1,one_way,GOÄ Allgemeine Bestimmungen zu Abschnitt C V,Neben den Leistungen nach den Nummern 376 bis 378 sind die Leistungen nach den Nummern 1 und 2 und die gegebenenfalls erforderliche Eintragung in den Impfpaß nicht berechnungsfähig.,true,2026-09-15,manual_verification:coverage_sprint_batch3
excl_b3_376_2,376,2,one_way,GOÄ Allgemeine Bestimmungen zu Abschnitt C V,Neben den Leistungen nach den Nummern 376 bis 378 sind die Leistungen nach den Nummern 1 und 2 und die gegebenenfalls erforderliche Eintragung in den Impfpaß nicht berechnungsfähig.,true,2026-09-15,manual_verification:coverage_sprint_batch3
excl_b3_377_1,377,1,one_way,GOÄ Allgemeine Bestimmungen zu Abschnitt C V,Neben den Leistungen nach den Nummern 376 bis 378 sind die Leistungen nach den Nummern 1 und 2 und die gegebenenfalls erforderliche Eintragung in den Impfpaß nicht berechnungsfähig.,true,2026-09-15,manual_verification:coverage_sprint_batch3
excl_b3_377_2,377,2,one_way,GOÄ Allgemeine Bestimmungen zu Abschnitt C V,Neben den Leistungen nach den Nummern 376 bis 378 sind die Leistungen nach den Nummern 1 und 2 und die gegebenenfalls erforderliche Eintragung in den Impfpaß nicht berechnungsfähig.,true,2026-09-15,manual_verification:coverage_sprint_batch3
excl_b3_378_1,378,1,one_way,GOÄ Allgemeine Bestimmungen zu Abschnitt C V,Neben den Leistungen nach den Nummern 376 bis 378 sind die Leistungen nach den Nummern 1 und 2 und die gegebenenfalls erforderliche Eintragung in den Impfpaß nicht berechnungsfähig.,true,2026-09-15,manual_verification:coverage_sprint_batch3
excl_b3_378_2,378,2,one_way,GOÄ Allgemeine Bestimmungen zu Abschnitt C V,Neben den Leistungen nach den Nummern 376 bis 378 sind die Leistungen nach den Nummern 1 und 2 und die gegebenenfalls erforderliche Eintragung in den Impfpaß nicht berechnungsfähig.,true,2026-09-15,manual_verification:coverage_sprint_batch3
excl_b3_410_412,410,412,mutual,"GOÄ Allgemeine Bestimmungen zu Abschnitt C VI, Nr. 3",Leistungen nach den Nummern 410 bis 418 sind nicht nebeneinander berechnungsfähig.,true,2026-09-15,manual_verification:coverage_sprint_batch3
excl_b3_412_410,412,410,mutual,"GOÄ Allgemeine Bestimmungen zu Abschnitt C VI, Nr. 3",Leistungen nach den Nummern 410 bis 418 sind nicht nebeneinander berechnungsfähig.,true,2026-09-15,manual_verification:coverage_sprint_batch3
excl_b3_410_413,410,413,mutual,"GOÄ Allgemeine Bestimmungen zu Abschnitt C VI, Nr. 3",Leistungen nach den Nummern 410 bis 418 sind nicht nebeneinander berechnungsfähig.,true,2026-09-15,manual_verification:coverage_sprint_batch3
excl_b3_413_410,413,410,mutual,"GOÄ Allgemeine Bestimmungen zu Abschnitt C VI, Nr. 3",Leistungen nach den Nummern 410 bis 418 sind nicht nebeneinander berechnungsfähig.,true,2026-09-15,manual_verification:coverage_sprint_batch3
excl_b3_410_415,410,415,mutual,"GOÄ Allgemeine Bestimmungen zu Abschnitt C VI, Nr. 3",Leistungen nach den Nummern 410 bis 418 sind nicht nebeneinander berechnungsfähig.,true,2026-09-15,manual_verification:coverage_sprint_batch3
excl_b3_415_410,415,410,mutual,"GOÄ Allgemeine Bestimmungen zu Abschnitt C VI, Nr. 3",Leistungen nach den Nummern 410 bis 418 sind nicht nebeneinander berechnungsfähig.,true,2026-09-15,manual_verification:coverage_sprint_batch3
excl_b3_410_417,410,417,mutual,"GOÄ Allgemeine Bestimmungen zu Abschnitt C VI, Nr. 3",Leistungen nach den Nummern 410 bis 418 sind nicht nebeneinander berechnungsfähig.,true,2026-09-15,manual_verification:coverage_sprint_batch3
excl_b3_417_410,417,410,mutual,"GOÄ Allgemeine Bestimmungen zu Abschnitt C VI, Nr. 3",Leistungen nach den Nummern 410 bis 418 sind nicht nebeneinander berechnungsfähig.,true,2026-09-15,manual_verification:coverage_sprint_batch3
excl_b3_410_418,410,418,mutual,"GOÄ Allgemeine Bestimmungen zu Abschnitt C VI, Nr. 3",Leistungen nach den Nummern 410 bis 418 sind nicht nebeneinander berechnungsfähig.,true,2026-09-15,manual_verification:coverage_sprint_batch3
excl_b3_418_410,418,410,mutual,"GOÄ Allgemeine Bestimmungen zu Abschnitt C VI, Nr. 3",Leistungen nach den Nummern 410 bis 418 sind nicht nebeneinander berechnungsfähig.,true,2026-09-15,manual_verification:coverage_sprint_batch3
excl_b3_412_413,412,413,mutual,"GOÄ Allgemeine Bestimmungen zu Abschnitt C VI, Nr. 3",Leistungen nach den Nummern 410 bis 418 sind nicht nebeneinander berechnungsfähig.,true,2026-09-15,manual_verification:coverage_sprint_batch3
excl_b3_413_412,413,412,mutual,"GOÄ Allgemeine Bestimmungen zu Abschnitt C VI, Nr. 3",Leistungen nach den Nummern 410 bis 418 sind nicht nebeneinander berechnungsfähig.,true,2026-09-15,manual_verification:coverage_sprint_batch3
excl_b3_412_415,412,415,mutual,"GOÄ Allgemeine Bestimmungen zu Abschnitt C VI, Nr. 3",Leistungen nach den Nummern 410 bis 418 sind nicht nebeneinander berechnungsfähig.,true,2026-09-15,manual_verification:coverage_sprint_batch3
excl_b3_415_412,415,412,mutual,"GOÄ Allgemeine Bestimmungen zu Abschnitt C VI, Nr. 3",Leistungen nach den Nummern 410 bis 418 sind nicht nebeneinander berechnungsfähig.,true,2026-09-15,manual_verification:coverage_sprint_batch3
excl_b3_412_417,412,417,mutual,"GOÄ Allgemeine Bestimmungen zu Abschnitt C VI, Nr. 3",Leistungen nach den Nummern 410 bis 418 sind nicht nebeneinander berechnungsfähig.,true,2026-09-15,manual_verification:coverage_sprint_batch3
excl_b3_417_412,417,412,mutual,"GOÄ Allgemeine Bestimmungen zu Abschnitt C VI, Nr. 3",Leistungen nach den Nummern 410 bis 418 sind nicht nebeneinander berechnungsfähig.,true,2026-09-15,manual_verification:coverage_sprint_batch3
excl_b3_412_418,412,418,mutual,"GOÄ Allgemeine Bestimmungen zu Abschnitt C VI, Nr. 3",Leistungen nach den Nummern 410 bis 418 sind nicht nebeneinander berechnungsfähig.,true,2026-09-15,manual_verification:coverage_sprint_batch3
excl_b3_418_412,418,412,mutual,"GOÄ Allgemeine Bestimmungen zu Abschnitt C VI, Nr. 3",Leistungen nach den Nummern 410 bis 418 sind nicht nebeneinander berechnungsfähig.,true,2026-09-15,manual_verification:coverage_sprint_batch3
excl_b3_413_415,413,415,mutual,"GOÄ Allgemeine Bestimmungen zu Abschnitt C VI, Nr. 3",Leistungen nach den Nummern 410 bis 418 sind nicht nebeneinander berechnungsfähig.,true,2026-09-15,manual_verification:coverage_sprint_batch3
excl_b3_415_413,415,413,mutual,"GOÄ Allgemeine Bestimmungen zu Abschnitt C VI, Nr. 3",Leistungen nach den Nummern 410 bis 418 sind nicht nebeneinander berechnungsfähig.,true,2026-09-15,manual_verification:coverage_sprint_batch3
excl_b3_413_417,413,417,mutual,"GOÄ Allgemeine Bestimmungen zu Abschnitt C VI, Nr. 3",Leistungen nach den Nummern 410 bis 418 sind nicht nebeneinander berechnungsfähig.,true,2026-09-15,manual_verification:coverage_sprint_batch3
excl_b3_417_413,417,413,mutual,"GOÄ Allgemeine Bestimmungen zu Abschnitt C VI, Nr. 3",Leistungen nach den Nummern 410 bis 418 sind nicht nebeneinander berechnungsfähig.,true,2026-09-15,manual_verification:coverage_sprint_batch3
excl_b3_413_418,413,418,mutual,"GOÄ Allgemeine Bestimmungen zu Abschnitt C VI, Nr. 3",Leistungen nach den Nummern 410 bis 418 sind nicht nebeneinander berechnungsfähig.,true,2026-09-15,manual_verification:coverage_sprint_batch3
excl_b3_418_413,418,413,mutual,"GOÄ Allgemeine Bestimmungen zu Abschnitt C VI, Nr. 3",Leistungen nach den Nummern 410 bis 418 sind nicht nebeneinander berechnungsfähig.,true,2026-09-15,manual_verification:coverage_sprint_batch3
excl_b3_415_417,415,417,mutual,"GOÄ Allgemeine Bestimmungen zu Abschnitt C VI, Nr. 3",Leistungen nach den Nummern 410 bis 418 sind nicht nebeneinander berechnungsfähig.,true,2026-09-15,manual_verification:coverage_sprint_batch3
excl_b3_417_415,417,415,mutual,"GOÄ Allgemeine Bestimmungen zu Abschnitt C VI, Nr. 3",Leistungen nach den Nummern 410 bis 418 sind nicht nebeneinander berechnungsfähig.,true,2026-09-15,manual_verification:coverage_sprint_batch3
excl_b3_415_418,415,418,mutual,"GOÄ Allgemeine Bestimmungen zu Abschnitt C VI, Nr. 3",Leistungen nach den Nummern 410 bis 418 sind nicht nebeneinander berechnungsfähig.,true,2026-09-15,manual_verification:coverage_sprint_batch3
excl_b3_418_415,418,415,mutual,"GOÄ Allgemeine Bestimmungen zu Abschnitt C VI, Nr. 3",Leistungen nach den Nummern 410 bis 418 sind nicht nebeneinander berechnungsfähig.,true,2026-09-15,manual_verification:coverage_sprint_batch3
excl_b3_417_418,417,418,mutual,"GOÄ Allgemeine Bestimmungen zu Abschnitt C VI, Nr. 3",Leistungen nach den Nummern 410 bis 418 sind nicht nebeneinander berechnungsfähig.,true,2026-09-15,manual_verification:coverage_sprint_batch3
excl_b3_418_417,418,417,mutual,"GOÄ Allgemeine Bestimmungen zu Abschnitt C VI, Nr. 3",Leistungen nach den Nummern 410 bis 418 sind nicht nebeneinander berechnungsfähig.,true,2026-09-15,manual_verification:coverage_sprint_batch3
excl_b3_422_423,422,423,mutual,"GOÄ Allgemeine Bestimmungen zu Abschnitt C VI, Nr. 4",Die Leistungen nach den Nummern 422 bis 424 sind nicht nebeneinander berechnungsfähig.,true,2026-09-15,manual_verification:coverage_sprint_batch3
excl_b3_423_422,423,422,mutual,"GOÄ Allgemeine Bestimmungen zu Abschnitt C VI, Nr. 4",Die Leistungen nach den Nummern 422 bis 424 sind nicht nebeneinander berechnungsfähig.,true,2026-09-15,manual_verification:coverage_sprint_batch3
excl_b3_422_424,422,424,mutual,"GOÄ Allgemeine Bestimmungen zu Abschnitt C VI, Nr. 4",Die Leistungen nach den Nummern 422 bis 424 sind nicht nebeneinander berechnungsfähig.,true,2026-09-15,manual_verification:coverage_sprint_batch3
excl_b3_424_422,424,422,mutual,"GOÄ Allgemeine Bestimmungen zu Abschnitt C VI, Nr. 4",Die Leistungen nach den Nummern 422 bis 424 sind nicht nebeneinander berechnungsfähig.,true,2026-09-15,manual_verification:coverage_sprint_batch3
excl_b3_423_424,423,424,mutual,"GOÄ Allgemeine Bestimmungen zu Abschnitt C VI, Nr. 4",Die Leistungen nach den Nummern 422 bis 424 sind nicht nebeneinander berechnungsfähig.,true,2026-09-15,manual_verification:coverage_sprint_batch3
excl_b3_424_423,424,423,mutual,"GOÄ Allgemeine Bestimmungen zu Abschnitt C VI, Nr. 4",Die Leistungen nach den Nummern 422 bis 424 sind nicht nebeneinander berechnungsfähig.,true,2026-09-15,manual_verification:coverage_sprint_batch3
excl_b3_448_56,448,56,mutual,"GOÄ Allgemeine Bestimmungen zu Abschnitt C VIII, Nr. 4 i.V.m. GOÄ Anmerkungen zu den Nummern 448 und 449",Neben den Leistungen nach Nummer 448 oder 449 darf die Leistung nach Nummer 56 nicht berechnet werden.,true,2026-09-15,manual_verification:coverage_sprint_batch3
excl_b3_56_448,56,448,mutual,"GOÄ Allgemeine Bestimmungen zu Abschnitt C VIII, Nr. 4 i.V.m. GOÄ Anmerkungen zu den Nummern 448 und 449",Neben den Leistungen nach Nummer 448 oder 449 darf die Leistung nach Nummer 56 nicht berechnet werden.,true,2026-09-15,manual_verification:coverage_sprint_batch3
excl_b3_449_56,449,56,mutual,"GOÄ Allgemeine Bestimmungen zu Abschnitt C VIII, Nr. 4 i.V.m. GOÄ Anmerkungen zu den Nummern 448 und 449",Neben den Leistungen nach Nummer 448 oder 449 darf die Leistung nach Nummer 56 nicht berechnet werden.,true,2026-09-15,manual_verification:coverage_sprint_batch3
excl_b3_56_449,56,449,mutual,"GOÄ Allgemeine Bestimmungen zu Abschnitt C VIII, Nr. 4 i.V.m. GOÄ Anmerkungen zu den Nummern 448 und 449",Neben den Leistungen nach Nummer 448 oder 449 darf die Leistung nach Nummer 56 nicht berechnet werden.,true,2026-09-15,manual_verification:coverage_sprint_batch3
excl_b3_448_449,448,449,mutual,GOÄ Anmerkung zu Nummer 448,Der Zuschlag nach Nummer 448 ist neben den Leistungen nach den Nummern 1 bis 8 und 56 sowie dem Zuschlag nach Nummer 449 nicht berechnungsfähig.,true,2026-09-15,manual_verification:coverage_sprint_batch3
excl_b3_449_448,449,448,mutual,GOÄ Anmerkung zu Nummer 448,Der Zuschlag nach Nummer 448 ist neben den Leistungen nach den Nummern 1 bis 8 und 56 sowie dem Zuschlag nach Nummer 449 nicht berechnungsfähig.,true,2026-09-15,manual_verification:coverage_sprint_batch3
excl_b3_1_448,1,448,one_way,GOÄ Anmerkung zu Nummer 448,Der Zuschlag nach Nummer 448 ist neben den Leistungen nach den Nummern 1 bis 8 und 56 sowie dem Zuschlag nach Nummer 449 nicht berechnungsfähig.,true,2026-09-15,manual_verification:coverage_sprint_batch3
excl_b3_2_448,2,448,one_way,GOÄ Anmerkung zu Nummer 448,Der Zuschlag nach Nummer 448 ist neben den Leistungen nach den Nummern 1 bis 8 und 56 sowie dem Zuschlag nach Nummer 449 nicht berechnungsfähig.,true,2026-09-15,manual_verification:coverage_sprint_batch3
excl_b3_3_448,3,448,one_way,GOÄ Anmerkung zu Nummer 448,Der Zuschlag nach Nummer 448 ist neben den Leistungen nach den Nummern 1 bis 8 und 56 sowie dem Zuschlag nach Nummer 449 nicht berechnungsfähig.,true,2026-09-15,manual_verification:coverage_sprint_batch3
excl_b3_4_448,4,448,one_way,GOÄ Anmerkung zu Nummer 448,Der Zuschlag nach Nummer 448 ist neben den Leistungen nach den Nummern 1 bis 8 und 56 sowie dem Zuschlag nach Nummer 449 nicht berechnungsfähig.,true,2026-09-15,manual_verification:coverage_sprint_batch3
excl_b3_5_448,5,448,one_way,GOÄ Anmerkung zu Nummer 448,Der Zuschlag nach Nummer 448 ist neben den Leistungen nach den Nummern 1 bis 8 und 56 sowie dem Zuschlag nach Nummer 449 nicht berechnungsfähig.,true,2026-09-15,manual_verification:coverage_sprint_batch3
excl_b3_6_448,6,448,one_way,GOÄ Anmerkung zu Nummer 448,Der Zuschlag nach Nummer 448 ist neben den Leistungen nach den Nummern 1 bis 8 und 56 sowie dem Zuschlag nach Nummer 449 nicht berechnungsfähig.,true,2026-09-15,manual_verification:coverage_sprint_batch3
excl_b3_7_448,7,448,one_way,GOÄ Anmerkung zu Nummer 448,Der Zuschlag nach Nummer 448 ist neben den Leistungen nach den Nummern 1 bis 8 und 56 sowie dem Zuschlag nach Nummer 449 nicht berechnungsfähig.,true,2026-09-15,manual_verification:coverage_sprint_batch3
excl_b3_8_448,8,448,one_way,GOÄ Anmerkung zu Nummer 448,Der Zuschlag nach Nummer 448 ist neben den Leistungen nach den Nummern 1 bis 8 und 56 sowie dem Zuschlag nach Nummer 449 nicht berechnungsfähig.,true,2026-09-15,manual_verification:coverage_sprint_batch3
excl_b3_1_449,1,449,one_way,GOÄ Anmerkung zu Nummer 449,Der Zuschlag nach Nummer 449 ist neben den Leistungen nach den Nummern 1 bis 8 und 56 sowie dem Zuschlag nach Nummer 448 nicht berechnungsfähig.,true,2026-09-15,manual_verification:coverage_sprint_batch3
excl_b3_2_449,2,449,one_way,GOÄ Anmerkung zu Nummer 449,Der Zuschlag nach Nummer 449 ist neben den Leistungen nach den Nummern 1 bis 8 und 56 sowie dem Zuschlag nach Nummer 448 nicht berechnungsfähig.,true,2026-09-15,manual_verification:coverage_sprint_batch3
excl_b3_3_449,3,449,one_way,GOÄ Anmerkung zu Nummer 449,Der Zuschlag nach Nummer 449 ist neben den Leistungen nach den Nummern 1 bis 8 und 56 sowie dem Zuschlag nach Nummer 448 nicht berechnungsfähig.,true,2026-09-15,manual_verification:coverage_sprint_batch3
excl_b3_4_449,4,449,one_way,GOÄ Anmerkung zu Nummer 449,Der Zuschlag nach Nummer 449 ist neben den Leistungen nach den Nummern 1 bis 8 und 56 sowie dem Zuschlag nach Nummer 448 nicht berechnungsfähig.,true,2026-09-15,manual_verification:coverage_sprint_batch3
excl_b3_5_449,5,449,one_way,GOÄ Anmerkung zu Nummer 449,Der Zuschlag nach Nummer 449 ist neben den Leistungen nach den Nummern 1 bis 8 und 56 sowie dem Zuschlag nach Nummer 448 nicht berechnungsfähig.,true,2026-09-15,manual_verification:coverage_sprint_batch3
excl_b3_6_449,6,449,one_way,GOÄ Anmerkung zu Nummer 449,Der Zuschlag nach Nummer 449 ist neben den Leistungen nach den Nummern 1 bis 8 und 56 sowie dem Zuschlag nach Nummer 448 nicht berechnungsfähig.,true,2026-09-15,manual_verification:coverage_sprint_batch3
excl_b3_7_449,7,449,one_way,GOÄ Anmerkung zu Nummer 449,Der Zuschlag nach Nummer 449 ist neben den Leistungen nach den Nummern 1 bis 8 und 56 sowie dem Zuschlag nach Nummer 448 nicht berechnungsfähig.,true,2026-09-15,manual_verification:coverage_sprint_batch3
excl_b3_8_449,8,449,one_way,GOÄ Anmerkung zu Nummer 449,Der Zuschlag nach Nummer 449 ist neben den Leistungen nach den Nummern 1 bis 8 und 56 sowie dem Zuschlag nach Nummer 448 nicht berechnungsfähig.,true,2026-09-15,manual_verification:coverage_sprint_batch3
excl_b3_2189_300,2189,300,one_way,GOÄ Allgemeine Bestimmungen zu Abschnitt L III,Neben den Leistungen nach den Nummern 2189 bis 2196 sind die Leistungen nach den Nummern 300 bis 302 sowie 3300 nicht berechnungsfähig.,true,2026-09-15,manual_verification:coverage_sprint_batch3
excl_b3_2189_301,2189,301,one_way,GOÄ Allgemeine Bestimmungen zu Abschnitt L III,Neben den Leistungen nach den Nummern 2189 bis 2196 sind die Leistungen nach den Nummern 300 bis 302 sowie 3300 nicht berechnungsfähig.,true,2026-09-15,manual_verification:coverage_sprint_batch3
excl_b3_2189_302,2189,302,one_way,GOÄ Allgemeine Bestimmungen zu Abschnitt L III,Neben den Leistungen nach den Nummern 2189 bis 2196 sind die Leistungen nach den Nummern 300 bis 302 sowie 3300 nicht berechnungsfähig.,true,2026-09-15,manual_verification:coverage_sprint_batch3
excl_b3_2189_3300,2189,3300,one_way,GOÄ Allgemeine Bestimmungen zu Abschnitt L III,Neben den Leistungen nach den Nummern 2189 bis 2196 sind die Leistungen nach den Nummern 300 bis 302 sowie 3300 nicht berechnungsfähig.,true,2026-09-15,manual_verification:coverage_sprint_batch3
excl_b3_2190_300,2190,300,one_way,GOÄ Allgemeine Bestimmungen zu Abschnitt L III,Neben den Leistungen nach den Nummern 2189 bis 2196 sind die Leistungen nach den Nummern 300 bis 302 sowie 3300 nicht berechnungsfähig.,true,2026-09-15,manual_verification:coverage_sprint_batch3
excl_b3_2190_301,2190,301,one_way,GOÄ Allgemeine Bestimmungen zu Abschnitt L III,Neben den Leistungen nach den Nummern 2189 bis 2196 sind die Leistungen nach den Nummern 300 bis 302 sowie 3300 nicht berechnungsfähig.,true,2026-09-15,manual_verification:coverage_sprint_batch3
excl_b3_2190_302,2190,302,one_way,GOÄ Allgemeine Bestimmungen zu Abschnitt L III,Neben den Leistungen nach den Nummern 2189 bis 2196 sind die Leistungen nach den Nummern 300 bis 302 sowie 3300 nicht berechnungsfähig.,true,2026-09-15,manual_verification:coverage_sprint_batch3
excl_b3_2190_3300,2190,3300,one_way,GOÄ Allgemeine Bestimmungen zu Abschnitt L III,Neben den Leistungen nach den Nummern 2189 bis 2196 sind die Leistungen nach den Nummern 300 bis 302 sowie 3300 nicht berechnungsfähig.,true,2026-09-15,manual_verification:coverage_sprint_batch3
excl_b3_2191_300,2191,300,one_way,GOÄ Allgemeine Bestimmungen zu Abschnitt L III,Neben den Leistungen nach den Nummern 2189 bis 2196 sind die Leistungen nach den Nummern 300 bis 302 sowie 3300 nicht berechnungsfähig.,true,2026-09-15,manual_verification:coverage_sprint_batch3
excl_b3_2191_301,2191,301,one_way,GOÄ Allgemeine Bestimmungen zu Abschnitt L III,Neben den Leistungen nach den Nummern 2189 bis 2196 sind die Leistungen nach den Nummern 300 bis 302 sowie 3300 nicht berechnungsfähig.,true,2026-09-15,manual_verification:coverage_sprint_batch3
excl_b3_2191_302,2191,302,one_way,GOÄ Allgemeine Bestimmungen zu Abschnitt L III,Neben den Leistungen nach den Nummern 2189 bis 2196 sind die Leistungen nach den Nummern 300 bis 302 sowie 3300 nicht berechnungsfähig.,true,2026-09-15,manual_verification:coverage_sprint_batch3
excl_b3_2191_3300,2191,3300,one_way,GOÄ Allgemeine Bestimmungen zu Abschnitt L III,Neben den Leistungen nach den Nummern 2189 bis 2196 sind die Leistungen nach den Nummern 300 bis 302 sowie 3300 nicht berechnungsfähig.,true,2026-09-15,manual_verification:coverage_sprint_batch3
excl_b3_2192_300,2192,300,one_way,GOÄ Allgemeine Bestimmungen zu Abschnitt L III,Neben den Leistungen nach den Nummern 2189 bis 2196 sind die Leistungen nach den Nummern 300 bis 302 sowie 3300 nicht berechnungsfähig.,true,2026-09-15,manual_verification:coverage_sprint_batch3
excl_b3_2192_301,2192,301,one_way,GOÄ Allgemeine Bestimmungen zu Abschnitt L III,Neben den Leistungen nach den Nummern 2189 bis 2196 sind die Leistungen nach den Nummern 300 bis 302 sowie 3300 nicht berechnungsfähig.,true,2026-09-15,manual_verification:coverage_sprint_batch3
excl_b3_2192_302,2192,302,one_way,GOÄ Allgemeine Bestimmungen zu Abschnitt L III,Neben den Leistungen nach den Nummern 2189 bis 2196 sind die Leistungen nach den Nummern 300 bis 302 sowie 3300 nicht berechnungsfähig.,true,2026-09-15,manual_verification:coverage_sprint_batch3
excl_b3_2192_3300,2192,3300,one_way,GOÄ Allgemeine Bestimmungen zu Abschnitt L III,Neben den Leistungen nach den Nummern 2189 bis 2196 sind die Leistungen nach den Nummern 300 bis 302 sowie 3300 nicht berechnungsfähig.,true,2026-09-15,manual_verification:coverage_sprint_batch3
excl_b3_2193_300,2193,300,one_way,GOÄ Allgemeine Bestimmungen zu Abschnitt L III,Neben den Leistungen nach den Nummern 2189 bis 2196 sind die Leistungen nach den Nummern 300 bis 302 sowie 3300 nicht berechnungsfähig.,true,2026-09-15,manual_verification:coverage_sprint_batch3
excl_b3_2193_301,2193,301,one_way,GOÄ Allgemeine Bestimmungen zu Abschnitt L III,Neben den Leistungen nach den Nummern 2189 bis 2196 sind die Leistungen nach den Nummern 300 bis 302 sowie 3300 nicht berechnungsfähig.,true,2026-09-15,manual_verification:coverage_sprint_batch3
excl_b3_2193_302,2193,302,one_way,GOÄ Allgemeine Bestimmungen zu Abschnitt L III,Neben den Leistungen nach den Nummern 2189 bis 2196 sind die Leistungen nach den Nummern 300 bis 302 sowie 3300 nicht berechnungsfähig.,true,2026-09-15,manual_verification:coverage_sprint_batch3
excl_b3_2193_3300,2193,3300,one_way,GOÄ Allgemeine Bestimmungen zu Abschnitt L III,Neben den Leistungen nach den Nummern 2189 bis 2196 sind die Leistungen nach den Nummern 300 bis 302 sowie 3300 nicht berechnungsfähig.,true,2026-09-15,manual_verification:coverage_sprint_batch3
excl_b3_2195_300,2195,300,one_way,GOÄ Allgemeine Bestimmungen zu Abschnitt L III,Neben den Leistungen nach den Nummern 2189 bis 2196 sind die Leistungen nach den Nummern 300 bis 302 sowie 3300 nicht berechnungsfähig.,true,2026-09-15,manual_verification:coverage_sprint_batch3
excl_b3_2195_301,2195,301,one_way,GOÄ Allgemeine Bestimmungen zu Abschnitt L III,Neben den Leistungen nach den Nummern 2189 bis 2196 sind die Leistungen nach den Nummern 300 bis 302 sowie 3300 nicht berechnungsfähig.,true,2026-09-15,manual_verification:coverage_sprint_batch3
excl_b3_2195_302,2195,302,one_way,GOÄ Allgemeine Bestimmungen zu Abschnitt L III,Neben den Leistungen nach den Nummern 2189 bis 2196 sind die Leistungen nach den Nummern 300 bis 302 sowie 3300 nicht berechnungsfähig.,true,2026-09-15,manual_verification:coverage_sprint_batch3
excl_b3_2195_3300,2195,3300,one_way,GOÄ Allgemeine Bestimmungen zu Abschnitt L III,Neben den Leistungen nach den Nummern 2189 bis 2196 sind die Leistungen nach den Nummern 300 bis 302 sowie 3300 nicht berechnungsfähig.,true,2026-09-15,manual_verification:coverage_sprint_batch3
excl_b3_2196_300,2196,300,one_way,GOÄ Allgemeine Bestimmungen zu Abschnitt L III,Neben den Leistungen nach den Nummern 2189 bis 2196 sind die Leistungen nach den Nummern 300 bis 302 sowie 3300 nicht berechnungsfähig.,true,2026-09-15,manual_verification:coverage_sprint_batch3
excl_b3_2196_301,2196,301,one_way,GOÄ Allgemeine Bestimmungen zu Abschnitt L III,Neben den Leistungen nach den Nummern 2189 bis 2196 sind die Leistungen nach den Nummern 300 bis 302 sowie 3300 nicht berechnungsfähig.,true,2026-09-15,manual_verification:coverage_sprint_batch3
excl_b3_2196_302,2196,302,one_way,GOÄ Allgemeine Bestimmungen zu Abschnitt L III,Neben den Leistungen nach den Nummern 2189 bis 2196 sind die Leistungen nach den Nummern 300 bis 302 sowie 3300 nicht berechnungsfähig.,true,2026-09-15,manual_verification:coverage_sprint_batch3
excl_b3_2196_3300,2196,3300,one_way,GOÄ Allgemeine Bestimmungen zu Abschnitt L III,Neben den Leistungen nach den Nummern 2189 bis 2196 sind die Leistungen nach den Nummern 300 bis 302 sowie 3300 nicht berechnungsfähig.,true,2026-09-15,manual_verification:coverage_sprint_batch3
excl_b3_3892_3572,3892,3572,one_way,GOÄ Allgemeine Bestimmung zu Abschnitt M III 9,"Neben den Leistungen nach den Nummer 3892, 3893 nd/oder 3894 sind die Leistungen nach den ummern 3572, 3890 und/oder 3891 nicht errechnungsfähig.",true,2026-09-15,manual_verification:coverage_sprint_batch3
excl_b3_3892_3890,3892,3890,one_way,GOÄ Allgemeine Bestimmung zu Abschnitt M III 9,"Neben den Leistungen nach den Nummer 3892, 3893 nd/oder 3894 sind die Leistungen nach den ummern 3572, 3890 und/oder 3891 nicht errechnungsfähig.",true,2026-09-15,manual_verification:coverage_sprint_batch3
excl_b3_3892_3891,3892,3891,one_way,GOÄ Allgemeine Bestimmung zu Abschnitt M III 9,"Neben den Leistungen nach den Nummer 3892, 3893 nd/oder 3894 sind die Leistungen nach den ummern 3572, 3890 und/oder 3891 nicht errechnungsfähig.",true,2026-09-15,manual_verification:coverage_sprint_batch3
excl_b3_3893_3572,3893,3572,one_way,GOÄ Allgemeine Bestimmung zu Abschnitt M III 9,"Neben den Leistungen nach den Nummer 3892, 3893 nd/oder 3894 sind die Leistungen nach den ummern 3572, 3890 und/oder 3891 nicht errechnungsfähig.",true,2026-09-15,manual_verification:coverage_sprint_batch3
excl_b3_3893_3890,3893,3890,one_way,GOÄ Allgemeine Bestimmung zu Abschnitt M III 9,"Neben den Leistungen nach den Nummer 3892, 3893 nd/oder 3894 sind die Leistungen nach den ummern 3572, 3890 und/oder 3891 nicht errechnungsfähig.",true,2026-09-15,manual_verification:coverage_sprint_batch3
excl_b3_3893_3891,3893,3891,one_way,GOÄ Allgemeine Bestimmung zu Abschnitt M III 9,"Neben den Leistungen nach den Nummer 3892, 3893 nd/oder 3894 sind die Leistungen nach den ummern 3572, 3890 und/oder 3891 nicht errechnungsfähig.",true,2026-09-15,manual_verification:coverage_sprint_batch3
excl_b3_3894_3572,3894,3572,one_way,GOÄ Allgemeine Bestimmung zu Abschnitt M III 9,"Neben den Leistungen nach den Nummer 3892, 3893 nd/oder 3894 sind die Leistungen nach den ummern 3572, 3890 und/oder 3891 nicht errechnungsfähig.",true,2026-09-15,manual_verification:coverage_sprint_batch3
excl_b3_3894_3890,3894,3890,one_way,GOÄ Allgemeine Bestimmung zu Abschnitt M III 9,"Neben den Leistungen nach den Nummer 3892, 3893 nd/oder 3894 sind die Leistungen nach den ummern 3572, 3890 und/oder 3891 nicht errechnungsfähig.",true,2026-09-15,manual_verification:coverage_sprint_batch3
excl_b3_3894_3891,3894,3891,one_way,GOÄ Allgemeine Bestimmung zu Abschnitt M III 9,"Neben den Leistungen nach den Nummer 3892, 3893 nd/oder 3894 sind die Leistungen nach den ummern 3572, 3890 und/oder 3891 nicht errechnungsfähig.",true,2026-09-15,manual_verification:coverage_sprint_batch3
excl_b3_5050_300,5050,300,one_way,GOÄ Allgemeine Bestimmung zu Abschnitt O I 1 (Skelett),"Neben den Leistungen nach den Nummern 5050, 5060 und 5070 sind die Leistungen nach den Nummern 300 bis 302, 372, 373, 490, 491 und 5295 nicht berechnungsfähig.",true,2026-09-15,manual_verification:coverage_sprint_batch3
excl_b3_5050_301,5050,301,one_way,GOÄ Allgemeine Bestimmung zu Abschnitt O I 1 (Skelett),"Neben den Leistungen nach den Nummern 5050, 5060 und 5070 sind die Leistungen nach den Nummern 300 bis 302, 372, 373, 490, 491 und 5295 nicht berechnungsfähig.",true,2026-09-15,manual_verification:coverage_sprint_batch3
excl_b3_5050_302,5050,302,one_way,GOÄ Allgemeine Bestimmung zu Abschnitt O I 1 (Skelett),"Neben den Leistungen nach den Nummern 5050, 5060 und 5070 sind die Leistungen nach den Nummern 300 bis 302, 372, 373, 490, 491 und 5295 nicht berechnungsfähig.",true,2026-09-15,manual_verification:coverage_sprint_batch3
excl_b3_5050_372,5050,372,one_way,GOÄ Allgemeine Bestimmung zu Abschnitt O I 1 (Skelett),"Neben den Leistungen nach den Nummern 5050, 5060 und 5070 sind die Leistungen nach den Nummern 300 bis 302, 372, 373, 490, 491 und 5295 nicht berechnungsfähig.",true,2026-09-15,manual_verification:coverage_sprint_batch3
excl_b3_5050_373,5050,373,one_way,GOÄ Allgemeine Bestimmung zu Abschnitt O I 1 (Skelett),"Neben den Leistungen nach den Nummern 5050, 5060 und 5070 sind die Leistungen nach den Nummern 300 bis 302, 372, 373, 490, 491 und 5295 nicht berechnungsfähig.",true,2026-09-15,manual_verification:coverage_sprint_batch3
excl_b3_5050_490,5050,490,one_way,GOÄ Allgemeine Bestimmung zu Abschnitt O I 1 (Skelett),"Neben den Leistungen nach den Nummern 5050, 5060 und 5070 sind die Leistungen nach den Nummern 300 bis 302, 372, 373, 490, 491 und 5295 nicht berechnungsfähig.",true,2026-09-15,manual_verification:coverage_sprint_batch3
excl_b3_5050_491,5050,491,one_way,GOÄ Allgemeine Bestimmung zu Abschnitt O I 1 (Skelett),"Neben den Leistungen nach den Nummern 5050, 5060 und 5070 sind die Leistungen nach den Nummern 300 bis 302, 372, 373, 490, 491 und 5295 nicht berechnungsfähig.",true,2026-09-15,manual_verification:coverage_sprint_batch3
excl_b3_5050_5295,5050,5295,one_way,GOÄ Allgemeine Bestimmung zu Abschnitt O I 1 (Skelett),"Neben den Leistungen nach den Nummern 5050, 5060 und 5070 sind die Leistungen nach den Nummern 300 bis 302, 372, 373, 490, 491 und 5295 nicht berechnungsfähig.",true,2026-09-15,manual_verification:coverage_sprint_batch3
excl_b3_5060_300,5060,300,one_way,GOÄ Allgemeine Bestimmung zu Abschnitt O I 1 (Skelett),"Neben den Leistungen nach den Nummern 5050, 5060 und 5070 sind die Leistungen nach den Nummern 300 bis 302, 372, 373, 490, 491 und 5295 nicht berechnungsfähig.",true,2026-09-15,manual_verification:coverage_sprint_batch3
excl_b3_5060_301,5060,301,one_way,GOÄ Allgemeine Bestimmung zu Abschnitt O I 1 (Skelett),"Neben den Leistungen nach den Nummern 5050, 5060 und 5070 sind die Leistungen nach den Nummern 300 bis 302, 372, 373, 490, 491 und 5295 nicht berechnungsfähig.",true,2026-09-15,manual_verification:coverage_sprint_batch3
excl_b3_5060_302,5060,302,one_way,GOÄ Allgemeine Bestimmung zu Abschnitt O I 1 (Skelett),"Neben den Leistungen nach den Nummern 5050, 5060 und 5070 sind die Leistungen nach den Nummern 300 bis 302, 372, 373, 490, 491 und 5295 nicht berechnungsfähig.",true,2026-09-15,manual_verification:coverage_sprint_batch3
excl_b3_5060_372,5060,372,one_way,GOÄ Allgemeine Bestimmung zu Abschnitt O I 1 (Skelett),"Neben den Leistungen nach den Nummern 5050, 5060 und 5070 sind die Leistungen nach den Nummern 300 bis 302, 372, 373, 490, 491 und 5295 nicht berechnungsfähig.",true,2026-09-15,manual_verification:coverage_sprint_batch3
excl_b3_5060_373,5060,373,one_way,GOÄ Allgemeine Bestimmung zu Abschnitt O I 1 (Skelett),"Neben den Leistungen nach den Nummern 5050, 5060 und 5070 sind die Leistungen nach den Nummern 300 bis 302, 372, 373, 490, 491 und 5295 nicht berechnungsfähig.",true,2026-09-15,manual_verification:coverage_sprint_batch3
excl_b3_5060_490,5060,490,one_way,GOÄ Allgemeine Bestimmung zu Abschnitt O I 1 (Skelett),"Neben den Leistungen nach den Nummern 5050, 5060 und 5070 sind die Leistungen nach den Nummern 300 bis 302, 372, 373, 490, 491 und 5295 nicht berechnungsfähig.",true,2026-09-15,manual_verification:coverage_sprint_batch3
excl_b3_5060_491,5060,491,one_way,GOÄ Allgemeine Bestimmung zu Abschnitt O I 1 (Skelett),"Neben den Leistungen nach den Nummern 5050, 5060 und 5070 sind die Leistungen nach den Nummern 300 bis 302, 372, 373, 490, 491 und 5295 nicht berechnungsfähig.",true,2026-09-15,manual_verification:coverage_sprint_batch3
excl_b3_5060_5295,5060,5295,one_way,GOÄ Allgemeine Bestimmung zu Abschnitt O I 1 (Skelett),"Neben den Leistungen nach den Nummern 5050, 5060 und 5070 sind die Leistungen nach den Nummern 300 bis 302, 372, 373, 490, 491 und 5295 nicht berechnungsfähig.",true,2026-09-15,manual_verification:coverage_sprint_batch3
excl_b3_5070_300,5070,300,one_way,GOÄ Allgemeine Bestimmung zu Abschnitt O I 1 (Skelett),"Neben den Leistungen nach den Nummern 5050, 5060 und 5070 sind die Leistungen nach den Nummern 300 bis 302, 372, 373, 490, 491 und 5295 nicht berechnungsfähig.",true,2026-09-15,manual_verification:coverage_sprint_batch3
excl_b3_5070_301,5070,301,one_way,GOÄ Allgemeine Bestimmung zu Abschnitt O I 1 (Skelett),"Neben den Leistungen nach den Nummern 5050, 5060 und 5070 sind die Leistungen nach den Nummern 300 bis 302, 372, 373, 490, 491 und 5295 nicht berechnungsfähig.",true,2026-09-15,manual_verification:coverage_sprint_batch3
excl_b3_5070_302,5070,302,one_way,GOÄ Allgemeine Bestimmung zu Abschnitt O I 1 (Skelett),"Neben den Leistungen nach den Nummern 5050, 5060 und 5070 sind die Leistungen nach den Nummern 300 bis 302, 372, 373, 490, 491 und 5295 nicht berechnungsfähig.",true,2026-09-15,manual_verification:coverage_sprint_batch3
excl_b3_5070_372,5070,372,one_way,GOÄ Allgemeine Bestimmung zu Abschnitt O I 1 (Skelett),"Neben den Leistungen nach den Nummern 5050, 5060 und 5070 sind die Leistungen nach den Nummern 300 bis 302, 372, 373, 490, 491 und 5295 nicht berechnungsfähig.",true,2026-09-15,manual_verification:coverage_sprint_batch3
excl_b3_5070_373,5070,373,one_way,GOÄ Allgemeine Bestimmung zu Abschnitt O I 1 (Skelett),"Neben den Leistungen nach den Nummern 5050, 5060 und 5070 sind die Leistungen nach den Nummern 300 bis 302, 372, 373, 490, 491 und 5295 nicht berechnungsfähig.",true,2026-09-15,manual_verification:coverage_sprint_batch3
excl_b3_5070_490,5070,490,one_way,GOÄ Allgemeine Bestimmung zu Abschnitt O I 1 (Skelett),"Neben den Leistungen nach den Nummern 5050, 5060 und 5070 sind die Leistungen nach den Nummern 300 bis 302, 372, 373, 490, 491 und 5295 nicht berechnungsfähig.",true,2026-09-15,manual_verification:coverage_sprint_batch3
excl_b3_5070_491,5070,491,one_way,GOÄ Allgemeine Bestimmung zu Abschnitt O I 1 (Skelett),"Neben den Leistungen nach den Nummern 5050, 5060 und 5070 sind die Leistungen nach den Nummern 300 bis 302, 372, 373, 490, 491 und 5295 nicht berechnungsfähig.",true,2026-09-15,manual_verification:coverage_sprint_batch3
excl_b3_5070_5295,5070,5295,one_way,GOÄ Allgemeine Bestimmung zu Abschnitt O I 1 (Skelett),"Neben den Leistungen nach den Nummern 5050, 5060 und 5070 sind die Leistungen nach den Nummern 300 bis 302, 372, 373, 490, 491 und 5295 nicht berechnungsfähig.",true,2026-09-15,manual_verification:coverage_sprint_batch3
excl_b3_5473_5481,5473,5481,mutual,"GOÄ Allgemeine Bestimmungen zu Abschnitt O II, Nr. 2",Die Leistungen nach den Nummern 5473 und 5481 dürfen nicht nebeneinander berechnet werden.,true,2026-09-15,manual_verification:coverage_sprint_batch3
excl_b3_5481_5473,5481,5473,mutual,"GOÄ Allgemeine Bestimmungen zu Abschnitt O II, Nr. 2",Die Leistungen nach den Nummern 5473 und 5481 dürfen nicht nebeneinander berechnet werden.,true,2026-09-15,manual_verification:coverage_sprint_batch3
excl_b3_435_1,435,1,one_way,GOÄ Anmerkung zu Nummer 435,"Neben der Leistung nach Nummer 435 sind für die Dauer der stationären intensivmedizinischen Überwachung und Behandlung Leistungen nach den Abschnitten C III und M sowie die Leistungen nach den Nummern 1 bis 56, 61 bis 96, 200 bis 211, 247, 250 bis 268, 270 bis 286a, 288 bis 298, 401 bis 424, 427 bis 433, 483 bis 485, 488 bis 490, 500, 501, 505, 600 bis 609, 634 bis 648, 650 bis 657, 659 bis 661, 665 bis 672, 1529 bis 1532, 1728 bis 1733 und 3055 nicht berechnungsfähig.",true,2026-09-15,manual_verification:coverage_sprint_batch3
excl_b3_435_2,435,2,one_way,GOÄ Anmerkung zu Nummer 435,"Neben der Leistung nach Nummer 435 sind für die Dauer der stationären intensivmedizinischen Überwachung und Behandlung Leistungen nach den Abschnitten C III und M sowie die Leistungen nach den Nummern 1 bis 56, 61 bis 96, 200 bis 211, 247, 250 bis 268, 270 bis 286a, 288 bis 298, 401 bis 424, 427 bis 433, 483 bis 485, 488 bis 490, 500, 501, 505, 600 bis 609, 634 bis 648, 650 bis 657, 659 bis 661, 665 bis 672, 1529 bis 1532, 1728 bis 1733 und 3055 nicht berechnungsfähig.",true,2026-09-15,manual_verification:coverage_sprint_batch3
excl_b3_435_3,435,3,one_way,GOÄ Anmerkung zu Nummer 435,"Neben der Leistung nach Nummer 435 sind für die Dauer der stationären intensivmedizinischen Überwachung und Behandlung Leistungen nach den Abschnitten C III und M sowie die Leistungen nach den Nummern 1 bis 56, 61 bis 96, 200 bis 211, 247, 250 bis 268, 270 bis 286a, 288 bis 298, 401 bis 424, 427 bis 433, 483 bis 485, 488 bis 490, 500, 501, 505, 600 bis 609, 634 bis 648, 650 bis 657, 659 bis 661, 665 bis 672, 1529 bis 1532, 1728 bis 1733 und 3055 nicht berechnungsfähig.",true,2026-09-15,manual_verification:coverage_sprint_batch3
excl_b3_435_4,435,4,one_way,GOÄ Anmerkung zu Nummer 435,"Neben der Leistung nach Nummer 435 sind für die Dauer der stationären intensivmedizinischen Überwachung und Behandlung Leistungen nach den Abschnitten C III und M sowie die Leistungen nach den Nummern 1 bis 56, 61 bis 96, 200 bis 211, 247, 250 bis 268, 270 bis 286a, 288 bis 298, 401 bis 424, 427 bis 433, 483 bis 485, 488 bis 490, 500, 501, 505, 600 bis 609, 634 bis 648, 650 bis 657, 659 bis 661, 665 bis 672, 1529 bis 1532, 1728 bis 1733 und 3055 nicht berechnungsfähig.",true,2026-09-15,manual_verification:coverage_sprint_batch3
excl_b3_435_5,435,5,one_way,GOÄ Anmerkung zu Nummer 435,"Neben der Leistung nach Nummer 435 sind für die Dauer der stationären intensivmedizinischen Überwachung und Behandlung Leistungen nach den Abschnitten C III und M sowie die Leistungen nach den Nummern 1 bis 56, 61 bis 96, 200 bis 211, 247, 250 bis 268, 270 bis 286a, 288 bis 298, 401 bis 424, 427 bis 433, 483 bis 485, 488 bis 490, 500, 501, 505, 600 bis 609, 634 bis 648, 650 bis 657, 659 bis 661, 665 bis 672, 1529 bis 1532, 1728 bis 1733 und 3055 nicht berechnungsfähig.",true,2026-09-15,manual_verification:coverage_sprint_batch3
excl_b3_435_6,435,6,one_way,GOÄ Anmerkung zu Nummer 435,"Neben der Leistung nach Nummer 435 sind für die Dauer der stationären intensivmedizinischen Überwachung und Behandlung Leistungen nach den Abschnitten C III und M sowie die Leistungen nach den Nummern 1 bis 56, 61 bis 96, 200 bis 211, 247, 250 bis 268, 270 bis 286a, 288 bis 298, 401 bis 424, 427 bis 433, 483 bis 485, 488 bis 490, 500, 501, 505, 600 bis 609, 634 bis 648, 650 bis 657, 659 bis 661, 665 bis 672, 1529 bis 1532, 1728 bis 1733 und 3055 nicht berechnungsfähig.",true,2026-09-15,manual_verification:coverage_sprint_batch3
excl_b3_435_7,435,7,one_way,GOÄ Anmerkung zu Nummer 435,"Neben der Leistung nach Nummer 435 sind für die Dauer der stationären intensivmedizinischen Überwachung und Behandlung Leistungen nach den Abschnitten C III und M sowie die Leistungen nach den Nummern 1 bis 56, 61 bis 96, 200 bis 211, 247, 250 bis 268, 270 bis 286a, 288 bis 298, 401 bis 424, 427 bis 433, 483 bis 485, 488 bis 490, 500, 501, 505, 600 bis 609, 634 bis 648, 650 bis 657, 659 bis 661, 665 bis 672, 1529 bis 1532, 1728 bis 1733 und 3055 nicht berechnungsfähig.",true,2026-09-15,manual_verification:coverage_sprint_batch3
excl_b3_435_8,435,8,one_way,GOÄ Anmerkung zu Nummer 435,"Neben der Leistung nach Nummer 435 sind für die Dauer der stationären intensivmedizinischen Überwachung und Behandlung Leistungen nach den Abschnitten C III und M sowie die Leistungen nach den Nummern 1 bis 56, 61 bis 96, 200 bis 211, 247, 250 bis 268, 270 bis 286a, 288 bis 298, 401 bis 424, 427 bis 433, 483 bis 485, 488 bis 490, 500, 501, 505, 600 bis 609, 634 bis 648, 650 bis 657, 659 bis 661, 665 bis 672, 1529 bis 1532, 1728 bis 1733 und 3055 nicht berechnungsfähig.",true,2026-09-15,manual_verification:coverage_sprint_batch3
excl_b3_435_11,435,11,one_way,GOÄ Anmerkung zu Nummer 435,"Neben der Leistung nach Nummer 435 sind für die Dauer der stationären intensivmedizinischen Überwachung und Behandlung Leistungen nach den Abschnitten C III und M sowie die Leistungen nach den Nummern 1 bis 56, 61 bis 96, 200 bis 211, 247, 250 bis 268, 270 bis 286a, 288 bis 298, 401 bis 424, 427 bis 433, 483 bis 485, 488 bis 490, 500, 501, 505, 600 bis 609, 634 bis 648, 650 bis 657, 659 bis 661, 665 bis 672, 1529 bis 1532, 1728 bis 1733 und 3055 nicht berechnungsfähig.",true,2026-09-15,manual_verification:coverage_sprint_batch3
excl_b3_435_15,435,15,one_way,GOÄ Anmerkung zu Nummer 435,"Neben der Leistung nach Nummer 435 sind für die Dauer der stationären intensivmedizinischen Überwachung und Behandlung Leistungen nach den Abschnitten C III und M sowie die Leistungen nach den Nummern 1 bis 56, 61 bis 96, 200 bis 211, 247, 250 bis 268, 270 bis 286a, 288 bis 298, 401 bis 424, 427 bis 433, 483 bis 485, 488 bis 490, 500, 501, 505, 600 bis 609, 634 bis 648, 650 bis 657, 659 bis 661, 665 bis 672, 1529 bis 1532, 1728 bis 1733 und 3055 nicht berechnungsfähig.",true,2026-09-15,manual_verification:coverage_sprint_batch3
excl_b3_435_20,435,20,one_way,GOÄ Anmerkung zu Nummer 435,"Neben der Leistung nach Nummer 435 sind für die Dauer der stationären intensivmedizinischen Überwachung und Behandlung Leistungen nach den Abschnitten C III und M sowie die Leistungen nach den Nummern 1 bis 56, 61 bis 96, 200 bis 211, 247, 250 bis 268, 270 bis 286a, 288 bis 298, 401 bis 424, 427 bis 433, 483 bis 485, 488 bis 490, 500, 501, 505, 600 bis 609, 634 bis 648, 650 bis 657, 659 bis 661, 665 bis 672, 1529 bis 1532, 1728 bis 1733 und 3055 nicht berechnungsfähig.",true,2026-09-15,manual_verification:coverage_sprint_batch3
excl_b3_435_21,435,21,one_way,GOÄ Anmerkung zu Nummer 435,"Neben der Leistung nach Nummer 435 sind für die Dauer der stationären intensivmedizinischen Überwachung und Behandlung Leistungen nach den Abschnitten C III und M sowie die Leistungen nach den Nummern 1 bis 56, 61 bis 96, 200 bis 211, 247, 250 bis 268, 270 bis 286a, 288 bis 298, 401 bis 424, 427 bis 433, 483 bis 485, 488 bis 490, 500, 501, 505, 600 bis 609, 634 bis 648, 650 bis 657, 659 bis 661, 665 bis 672, 1529 bis 1532, 1728 bis 1733 und 3055 nicht berechnungsfähig.",true,2026-09-15,manual_verification:coverage_sprint_batch3
excl_b3_435_22,435,22,one_way,GOÄ Anmerkung zu Nummer 435,"Neben der Leistung nach Nummer 435 sind für die Dauer der stationären intensivmedizinischen Überwachung und Behandlung Leistungen nach den Abschnitten C III und M sowie die Leistungen nach den Nummern 1 bis 56, 61 bis 96, 200 bis 211, 247, 250 bis 268, 270 bis 286a, 288 bis 298, 401 bis 424, 427 bis 433, 483 bis 485, 488 bis 490, 500, 501, 505, 600 bis 609, 634 bis 648, 650 bis 657, 659 bis 661, 665 bis 672, 1529 bis 1532, 1728 bis 1733 und 3055 nicht berechnungsfähig.",true,2026-09-15,manual_verification:coverage_sprint_batch3
excl_b3_435_23,435,23,one_way,GOÄ Anmerkung zu Nummer 435,"Neben der Leistung nach Nummer 435 sind für die Dauer der stationären intensivmedizinischen Überwachung und Behandlung Leistungen nach den Abschnitten C III und M sowie die Leistungen nach den Nummern 1 bis 56, 61 bis 96, 200 bis 211, 247, 250 bis 268, 270 bis 286a, 288 bis 298, 401 bis 424, 427 bis 433, 483 bis 485, 488 bis 490, 500, 501, 505, 600 bis 609, 634 bis 648, 650 bis 657, 659 bis 661, 665 bis 672, 1529 bis 1532, 1728 bis 1733 und 3055 nicht berechnungsfähig.",true,2026-09-15,manual_verification:coverage_sprint_batch3
excl_b3_435_24,435,24,one_way,GOÄ Anmerkung zu Nummer 435,"Neben der Leistung nach Nummer 435 sind für die Dauer der stationären intensivmedizinischen Überwachung und Behandlung Leistungen nach den Abschnitten C III und M sowie die Leistungen nach den Nummern 1 bis 56, 61 bis 96, 200 bis 211, 247, 250 bis 268, 270 bis 286a, 288 bis 298, 401 bis 424, 427 bis 433, 483 bis 485, 488 bis 490, 500, 501, 505, 600 bis 609, 634 bis 648, 650 bis 657, 659 bis 661, 665 bis 672, 1529 bis 1532, 1728 bis 1733 und 3055 nicht berechnungsfähig.",true,2026-09-15,manual_verification:coverage_sprint_batch3
excl_b3_435_25,435,25,one_way,GOÄ Anmerkung zu Nummer 435,"Neben der Leistung nach Nummer 435 sind für die Dauer der stationären intensivmedizinischen Überwachung und Behandlung Leistungen nach den Abschnitten C III und M sowie die Leistungen nach den Nummern 1 bis 56, 61 bis 96, 200 bis 211, 247, 250 bis 268, 270 bis 286a, 288 bis 298, 401 bis 424, 427 bis 433, 483 bis 485, 488 bis 490, 500, 501, 505, 600 bis 609, 634 bis 648, 650 bis 657, 659 bis 661, 665 bis 672, 1529 bis 1532, 1728 bis 1733 und 3055 nicht berechnungsfähig.",true,2026-09-15,manual_verification:coverage_sprint_batch3
excl_b3_435_26,435,26,one_way,GOÄ Anmerkung zu Nummer 435,"Neben der Leistung nach Nummer 435 sind für die Dauer der stationären intensivmedizinischen Überwachung und Behandlung Leistungen nach den Abschnitten C III und M sowie die Leistungen nach den Nummern 1 bis 56, 61 bis 96, 200 bis 211, 247, 250 bis 268, 270 bis 286a, 288 bis 298, 401 bis 424, 427 bis 433, 483 bis 485, 488 bis 490, 500, 501, 505, 600 bis 609, 634 bis 648, 650 bis 657, 659 bis 661, 665 bis 672, 1529 bis 1532, 1728 bis 1733 und 3055 nicht berechnungsfähig.",true,2026-09-15,manual_verification:coverage_sprint_batch3
excl_b3_435_27,435,27,one_way,GOÄ Anmerkung zu Nummer 435,"Neben der Leistung nach Nummer 435 sind für die Dauer der stationären intensivmedizinischen Überwachung und Behandlung Leistungen nach den Abschnitten C III und M sowie die Leistungen nach den Nummern 1 bis 56, 61 bis 96, 200 bis 211, 247, 250 bis 268, 270 bis 286a, 288 bis 298, 401 bis 424, 427 bis 433, 483 bis 485, 488 bis 490, 500, 501, 505, 600 bis 609, 634 bis 648, 650 bis 657, 659 bis 661, 665 bis 672, 1529 bis 1532, 1728 bis 1733 und 3055 nicht berechnungsfähig.",true,2026-09-15,manual_verification:coverage_sprint_batch3
excl_b3_435_28,435,28,one_way,GOÄ Anmerkung zu Nummer 435,"Neben der Leistung nach Nummer 435 sind für die Dauer der stationären intensivmedizinischen Überwachung und Behandlung Leistungen nach den Abschnitten C III und M sowie die Leistungen nach den Nummern 1 bis 56, 61 bis 96, 200 bis 211, 247, 250 bis 268, 270 bis 286a, 288 bis 298, 401 bis 424, 427 bis 433, 483 bis 485, 488 bis 490, 500, 501, 505, 600 bis 609, 634 bis 648, 650 bis 657, 659 bis 661, 665 bis 672, 1529 bis 1532, 1728 bis 1733 und 3055 nicht berechnungsfähig.",true,2026-09-15,manual_verification:coverage_sprint_batch3
excl_b3_435_29,435,29,one_way,GOÄ Anmerkung zu Nummer 435,"Neben der Leistung nach Nummer 435 sind für die Dauer der stationären intensivmedizinischen Überwachung und Behandlung Leistungen nach den Abschnitten C III und M sowie die Leistungen nach den Nummern 1 bis 56, 61 bis 96, 200 bis 211, 247, 250 bis 268, 270 bis 286a, 288 bis 298, 401 bis 424, 427 bis 433, 483 bis 485, 488 bis 490, 500, 501, 505, 600 bis 609, 634 bis 648, 650 bis 657, 659 bis 661, 665 bis 672, 1529 bis 1532, 1728 bis 1733 und 3055 nicht berechnungsfähig.",true,2026-09-15,manual_verification:coverage_sprint_batch3
excl_b3_435_30,435,30,one_way,GOÄ Anmerkung zu Nummer 435,"Neben der Leistung nach Nummer 435 sind für die Dauer der stationären intensivmedizinischen Überwachung und Behandlung Leistungen nach den Abschnitten C III und M sowie die Leistungen nach den Nummern 1 bis 56, 61 bis 96, 200 bis 211, 247, 250 bis 268, 270 bis 286a, 288 bis 298, 401 bis 424, 427 bis 433, 483 bis 485, 488 bis 490, 500, 501, 505, 600 bis 609, 634 bis 648, 650 bis 657, 659 bis 661, 665 bis 672, 1529 bis 1532, 1728 bis 1733 und 3055 nicht berechnungsfähig.",true,2026-09-15,manual_verification:coverage_sprint_batch3
excl_b3_435_31,435,31,one_way,GOÄ Anmerkung zu Nummer 435,"Neben der Leistung nach Nummer 435 sind für die Dauer der stationären intensivmedizinischen Überwachung und Behandlung Leistungen nach den Abschnitten C III und M sowie die Leistungen nach den Nummern 1 bis 56, 61 bis 96, 200 bis 211, 247, 250 bis 268, 270 bis 286a, 288 bis 298, 401 bis 424, 427 bis 433, 483 bis 485, 488 bis 490, 500, 501, 505, 600 bis 609, 634 bis 648, 650 bis 657, 659 bis 661, 665 bis 672, 1529 bis 1532, 1728 bis 1733 und 3055 nicht berechnungsfähig.",true,2026-09-15,manual_verification:coverage_sprint_batch3
excl_b3_435_32,435,32,one_way,GOÄ Anmerkung zu Nummer 435,"Neben der Leistung nach Nummer 435 sind für die Dauer der stationären intensivmedizinischen Überwachung und Behandlung Leistungen nach den Abschnitten C III und M sowie die Leistungen nach den Nummern 1 bis 56, 61 bis 96, 200 bis 211, 247, 250 bis 268, 270 bis 286a, 288 bis 298, 401 bis 424, 427 bis 433, 483 bis 485, 488 bis 490, 500, 501, 505, 600 bis 609, 634 bis 648, 650 bis 657, 659 bis 661, 665 bis 672, 1529 bis 1532, 1728 bis 1733 und 3055 nicht berechnungsfähig.",true,2026-09-15,manual_verification:coverage_sprint_batch3
excl_b3_435_33,435,33,one_way,GOÄ Anmerkung zu Nummer 435,"Neben der Leistung nach Nummer 435 sind für die Dauer der stationären intensivmedizinischen Überwachung und Behandlung Leistungen nach den Abschnitten C III und M sowie die Leistungen nach den Nummern 1 bis 56, 61 bis 96, 200 bis 211, 247, 250 bis 268, 270 bis 286a, 288 bis 298, 401 bis 424, 427 bis 433, 483 bis 485, 488 bis 490, 500, 501, 505, 600 bis 609, 634 bis 648, 650 bis 657, 659 bis 661, 665 bis 672, 1529 bis 1532, 1728 bis 1733 und 3055 nicht berechnungsfähig.",true,2026-09-15,manual_verification:coverage_sprint_batch3
excl_b3_435_34,435,34,one_way,GOÄ Anmerkung zu Nummer 435,"Neben der Leistung nach Nummer 435 sind für die Dauer der stationären intensivmedizinischen Überwachung und Behandlung Leistungen nach den Abschnitten C III und M sowie die Leistungen nach den Nummern 1 bis 56, 61 bis 96, 200 bis 211, 247, 250 bis 268, 270 bis 286a, 288 bis 298, 401 bis 424, 427 bis 433, 483 bis 485, 488 bis 490, 500, 501, 505, 600 bis 609, 634 bis 648, 650 bis 657, 659 bis 661, 665 bis 672, 1529 bis 1532, 1728 bis 1733 und 3055 nicht berechnungsfähig.",true,2026-09-15,manual_verification:coverage_sprint_batch3
excl_b3_435_45,435,45,one_way,GOÄ Anmerkung zu Nummer 435,"Neben der Leistung nach Nummer 435 sind für die Dauer der stationären intensivmedizinischen Überwachung und Behandlung Leistungen nach den Abschnitten C III und M sowie die Leistungen nach den Nummern 1 bis 56, 61 bis 96, 200 bis 211, 247, 250 bis 268, 270 bis 286a, 288 bis 298, 401 bis 424, 427 bis 433, 483 bis 485, 488 bis 490, 500, 501, 505, 600 bis 609, 634 bis 648, 650 bis 657, 659 bis 661, 665 bis 672, 1529 bis 1532, 1728 bis 1733 und 3055 nicht berechnungsfähig.",true,2026-09-15,manual_verification:coverage_sprint_batch3
excl_b3_435_46,435,46,one_way,GOÄ Anmerkung zu Nummer 435,"Neben der Leistung nach Nummer 435 sind für die Dauer der stationären intensivmedizinischen Überwachung und Behandlung Leistungen nach den Abschnitten C III und M sowie die Leistungen nach den Nummern 1 bis 56, 61 bis 96, 200 bis 211, 247, 250 bis 268, 270 bis 286a, 288 bis 298, 401 bis 424, 427 bis 433, 483 bis 485, 488 bis 490, 500, 501, 505, 600 bis 609, 634 bis 648, 650 bis 657, 659 bis 661, 665 bis 672, 1529 bis 1532, 1728 bis 1733 und 3055 nicht berechnungsfähig.",true,2026-09-15,manual_verification:coverage_sprint_batch3
excl_b3_435_48,435,48,one_way,GOÄ Anmerkung zu Nummer 435,"Neben der Leistung nach Nummer 435 sind für die Dauer der stationären intensivmedizinischen Überwachung und Behandlung Leistungen nach den Abschnitten C III und M sowie die Leistungen nach den Nummern 1 bis 56, 61 bis 96, 200 bis 211, 247, 250 bis 268, 270 bis 286a, 288 bis 298, 401 bis 424, 427 bis 433, 483 bis 485, 488 bis 490, 500, 501, 505, 600 bis 609, 634 bis 648, 650 bis 657, 659 bis 661, 665 bis 672, 1529 bis 1532, 1728 bis 1733 und 3055 nicht berechnungsfähig.",true,2026-09-15,manual_verification:coverage_sprint_batch3
excl_b3_435_50,435,50,one_way,GOÄ Anmerkung zu Nummer 435,"Neben der Leistung nach Nummer 435 sind für die Dauer der stationären intensivmedizinischen Überwachung und Behandlung Leistungen nach den Abschnitten C III und M sowie die Leistungen nach den Nummern 1 bis 56, 61 bis 96, 200 bis 211, 247, 250 bis 268, 270 bis 286a, 288 bis 298, 401 bis 424, 427 bis 433, 483 bis 485, 488 bis 490, 500, 501, 505, 600 bis 609, 634 bis 648, 650 bis 657, 659 bis 661, 665 bis 672, 1529 bis 1532, 1728 bis 1733 und 3055 nicht berechnungsfähig.",true,2026-09-15,manual_verification:coverage_sprint_batch3
excl_b3_435_51,435,51,one_way,GOÄ Anmerkung zu Nummer 435,"Neben der Leistung nach Nummer 435 sind für die Dauer der stationären intensivmedizinischen Überwachung und Behandlung Leistungen nach den Abschnitten C III und M sowie die Leistungen nach den Nummern 1 bis 56, 61 bis 96, 200 bis 211, 247, 250 bis 268, 270 bis 286a, 288 bis 298, 401 bis 424, 427 bis 433, 483 bis 485, 488 bis 490, 500, 501, 505, 600 bis 609, 634 bis 648, 650 bis 657, 659 bis 661, 665 bis 672, 1529 bis 1532, 1728 bis 1733 und 3055 nicht berechnungsfähig.",true,2026-09-15,manual_verification:coverage_sprint_batch3
excl_b3_435_52,435,52,one_way,GOÄ Anmerkung zu Nummer 435,"Neben der Leistung nach Nummer 435 sind für die Dauer der stationären intensivmedizinischen Überwachung und Behandlung Leistungen nach den Abschnitten C III und M sowie die Leistungen nach den Nummern 1 bis 56, 61 bis 96, 200 bis 211, 247, 250 bis 268, 270 bis 286a, 288 bis 298, 401 bis 424, 427 bis 433, 483 bis 485, 488 bis 490, 500, 501, 505, 600 bis 609, 634 bis 648, 650 bis 657, 659 bis 661, 665 bis 672, 1529 bis 1532, 1728 bis 1733 und 3055 nicht berechnungsfähig.",true,2026-09-15,manual_verification:coverage_sprint_batch3
excl_b3_435_55,435,55,one_way,GOÄ Anmerkung zu Nummer 435,"Neben der Leistung nach Nummer 435 sind für die Dauer der stationären intensivmedizinischen Überwachung und Behandlung Leistungen nach den Abschnitten C III und M sowie die Leistungen nach den Nummern 1 bis 56, 61 bis 96, 200 bis 211, 247, 250 bis 268, 270 bis 286a, 288 bis 298, 401 bis 424, 427 bis 433, 483 bis 485, 488 bis 490, 500, 501, 505, 600 bis 609, 634 bis 648, 650 bis 657, 659 bis 661, 665 bis 672, 1529 bis 1532, 1728 bis 1733 und 3055 nicht berechnungsfähig.",true,2026-09-15,manual_verification:coverage_sprint_batch3
excl_b3_435_56,435,56,one_way,GOÄ Anmerkung zu Nummer 435,"Neben der Leistung nach Nummer 435 sind für die Dauer der stationären intensivmedizinischen Überwachung und Behandlung Leistungen nach den Abschnitten C III und M sowie die Leistungen nach den Nummern 1 bis 56, 61 bis 96, 200 bis 211, 247, 250 bis 268, 270 bis 286a, 288 bis 298, 401 bis 424, 427 bis 433, 483 bis 485, 488 bis 490, 500, 501, 505, 600 bis 609, 634 bis 648, 650 bis 657, 659 bis 661, 665 bis 672, 1529 bis 1532, 1728 bis 1733 und 3055 nicht berechnungsfähig.",true,2026-09-15,manual_verification:coverage_sprint_batch3
excl_b3_435_61,435,61,one_way,GOÄ Anmerkung zu Nummer 435,"Neben der Leistung nach Nummer 435 sind für die Dauer der stationären intensivmedizinischen Überwachung und Behandlung Leistungen nach den Abschnitten C III und M sowie die Leistungen nach den Nummern 1 bis 56, 61 bis 96, 200 bis 211, 247, 250 bis 268, 270 bis 286a, 288 bis 298, 401 bis 424, 427 bis 433, 483 bis 485, 488 bis 490, 500, 501, 505, 600 bis 609, 634 bis 648, 650 bis 657, 659 bis 661, 665 bis 672, 1529 bis 1532, 1728 bis 1733 und 3055 nicht berechnungsfähig.",true,2026-09-15,manual_verification:coverage_sprint_batch3
excl_b3_435_62,435,62,one_way,GOÄ Anmerkung zu Nummer 435,"Neben der Leistung nach Nummer 435 sind für die Dauer der stationären intensivmedizinischen Überwachung und Behandlung Leistungen nach den Abschnitten C III und M sowie die Leistungen nach den Nummern 1 bis 56, 61 bis 96, 200 bis 211, 247, 250 bis 268, 270 bis 286a, 288 bis 298, 401 bis 424, 427 bis 433, 483 bis 485, 488 bis 490, 500, 501, 505, 600 bis 609, 634 bis 648, 650 bis 657, 659 bis 661, 665 bis 672, 1529 bis 1532, 1728 bis 1733 und 3055 nicht berechnungsfähig.",true,2026-09-15,manual_verification:coverage_sprint_batch3
excl_b3_435_70,435,70,one_way,GOÄ Anmerkung zu Nummer 435,"Neben der Leistung nach Nummer 435 sind für die Dauer der stationären intensivmedizinischen Überwachung und Behandlung Leistungen nach den Abschnitten C III und M sowie die Leistungen nach den Nummern 1 bis 56, 61 bis 96, 200 bis 211, 247, 250 bis 268, 270 bis 286a, 288 bis 298, 401 bis 424, 427 bis 433, 483 bis 485, 488 bis 490, 500, 501, 505, 600 bis 609, 634 bis 648, 650 bis 657, 659 bis 661, 665 bis 672, 1529 bis 1532, 1728 bis 1733 und 3055 nicht berechnungsfähig.",true,2026-09-15,manual_verification:coverage_sprint_batch3
excl_b3_435_75,435,75,one_way,GOÄ Anmerkung zu Nummer 435,"Neben der Leistung nach Nummer 435 sind für die Dauer der stationären intensivmedizinischen Überwachung und Behandlung Leistungen nach den Abschnitten C III und M sowie die Leistungen nach den Nummern 1 bis 56, 61 bis 96, 200 bis 211, 247, 250 bis 268, 270 bis 286a, 288 bis 298, 401 bis 424, 427 bis 433, 483 bis 485, 488 bis 490, 500, 501, 505, 600 bis 609, 634 bis 648, 650 bis 657, 659 bis 661, 665 bis 672, 1529 bis 1532, 1728 bis 1733 und 3055 nicht berechnungsfähig.",true,2026-09-15,manual_verification:coverage_sprint_batch3
excl_b3_435_76,435,76,one_way,GOÄ Anmerkung zu Nummer 435,"Neben der Leistung nach Nummer 435 sind für die Dauer der stationären intensivmedizinischen Überwachung und Behandlung Leistungen nach den Abschnitten C III und M sowie die Leistungen nach den Nummern 1 bis 56, 61 bis 96, 200 bis 211, 247, 250 bis 268, 270 bis 286a, 288 bis 298, 401 bis 424, 427 bis 433, 483 bis 485, 488 bis 490, 500, 501, 505, 600 bis 609, 634 bis 648, 650 bis 657, 659 bis 661, 665 bis 672, 1529 bis 1532, 1728 bis 1733 und 3055 nicht berechnungsfähig.",true,2026-09-15,manual_verification:coverage_sprint_batch3
excl_b3_435_77,435,77,one_way,GOÄ Anmerkung zu Nummer 435,"Neben der Leistung nach Nummer 435 sind für die Dauer der stationären intensivmedizinischen Überwachung und Behandlung Leistungen nach den Abschnitten C III und M sowie die Leistungen nach den Nummern 1 bis 56, 61 bis 96, 200 bis 211, 247, 250 bis 268, 270 bis 286a, 288 bis 298, 401 bis 424, 427 bis 433, 483 bis 485, 488 bis 490, 500, 501, 505, 600 bis 609, 634 bis 648, 650 bis 657, 659 bis 661, 665 bis 672, 1529 bis 1532, 1728 bis 1733 und 3055 nicht berechnungsfähig.",true,2026-09-15,manual_verification:coverage_sprint_batch3
excl_b3_435_78,435,78,one_way,GOÄ Anmerkung zu Nummer 435,"Neben der Leistung nach Nummer 435 sind für die Dauer der stationären intensivmedizinischen Überwachung und Behandlung Leistungen nach den Abschnitten C III und M sowie die Leistungen nach den Nummern 1 bis 56, 61 bis 96, 200 bis 211, 247, 250 bis 268, 270 bis 286a, 288 bis 298, 401 bis 424, 427 bis 433, 483 bis 485, 488 bis 490, 500, 501, 505, 600 bis 609, 634 bis 648, 650 bis 657, 659 bis 661, 665 bis 672, 1529 bis 1532, 1728 bis 1733 und 3055 nicht berechnungsfähig.",true,2026-09-15,manual_verification:coverage_sprint_batch3
excl_b3_435_80,435,80,one_way,GOÄ Anmerkung zu Nummer 435,"Neben der Leistung nach Nummer 435 sind für die Dauer der stationären intensivmedizinischen Überwachung und Behandlung Leistungen nach den Abschnitten C III und M sowie die Leistungen nach den Nummern 1 bis 56, 61 bis 96, 200 bis 211, 247, 250 bis 268, 270 bis 286a, 288 bis 298, 401 bis 424, 427 bis 433, 483 bis 485, 488 bis 490, 500, 501, 505, 600 bis 609, 634 bis 648, 650 bis 657, 659 bis 661, 665 bis 672, 1529 bis 1532, 1728 bis 1733 und 3055 nicht berechnungsfähig.",true,2026-09-15,manual_verification:coverage_sprint_batch3
excl_b3_435_85,435,85,one_way,GOÄ Anmerkung zu Nummer 435,"Neben der Leistung nach Nummer 435 sind für die Dauer der stationären intensivmedizinischen Überwachung und Behandlung Leistungen nach den Abschnitten C III und M sowie die Leistungen nach den Nummern 1 bis 56, 61 bis 96, 200 bis 211, 247, 250 bis 268, 270 bis 286a, 288 bis 298, 401 bis 424, 427 bis 433, 483 bis 485, 488 bis 490, 500, 501, 505, 600 bis 609, 634 bis 648, 650 bis 657, 659 bis 661, 665 bis 672, 1529 bis 1532, 1728 bis 1733 und 3055 nicht berechnungsfähig.",true,2026-09-15,manual_verification:coverage_sprint_batch3
excl_b3_435_90,435,90,one_way,GOÄ Anmerkung zu Nummer 435,"Neben der Leistung nach Nummer 435 sind für die Dauer der stationären intensivmedizinischen Überwachung und Behandlung Leistungen nach den Abschnitten C III und M sowie die Leistungen nach den Nummern 1 bis 56, 61 bis 96, 200 bis 211, 247, 250 bis 268, 270 bis 286a, 288 bis 298, 401 bis 424, 427 bis 433, 483 bis 485, 488 bis 490, 500, 501, 505, 600 bis 609, 634 bis 648, 650 bis 657, 659 bis 661, 665 bis 672, 1529 bis 1532, 1728 bis 1733 und 3055 nicht berechnungsfähig.",true,2026-09-15,manual_verification:coverage_sprint_batch3
excl_b3_435_95,435,95,one_way,GOÄ Anmerkung zu Nummer 435,"Neben der Leistung nach Nummer 435 sind für die Dauer der stationären intensivmedizinischen Überwachung und Behandlung Leistungen nach den Abschnitten C III und M sowie die Leistungen nach den Nummern 1 bis 56, 61 bis 96, 200 bis 211, 247, 250 bis 268, 270 bis 286a, 288 bis 298, 401 bis 424, 427 bis 433, 483 bis 485, 488 bis 490, 500, 501, 505, 600 bis 609, 634 bis 648, 650 bis 657, 659 bis 661, 665 bis 672, 1529 bis 1532, 1728 bis 1733 und 3055 nicht berechnungsfähig.",true,2026-09-15,manual_verification:coverage_sprint_batch3
excl_b3_435_96,435,96,one_way,GOÄ Anmerkung zu Nummer 435,"Neben der Leistung nach Nummer 435 sind für die Dauer der stationären intensivmedizinischen Überwachung und Behandlung Leistungen nach den Abschnitten C III und M sowie die Leistungen nach den Nummern 1 bis 56, 61 bis 96, 200 bis 211, 247, 250 bis 268, 270 bis 286a, 288 bis 298, 401 bis 424, 427 bis 433, 483 bis 485, 488 bis 490, 500, 501, 505, 600 bis 609, 634 bis 648, 650 bis 657, 659 bis 661, 665 bis 672, 1529 bis 1532, 1728 bis 1733 und 3055 nicht berechnungsfähig.",true,2026-09-15,manual_verification:coverage_sprint_batch3
excl_b3_435_200,435,200,one_way,GOÄ Anmerkung zu Nummer 435,"Neben der Leistung nach Nummer 435 sind für die Dauer der stationären intensivmedizinischen Überwachung und Behandlung Leistungen nach den Abschnitten C III und M sowie die Leistungen nach den Nummern 1 bis 56, 61 bis 96, 200 bis 211, 247, 250 bis 268, 270 bis 286a, 288 bis 298, 401 bis 424, 427 bis 433, 483 bis 485, 488 bis 490, 500, 501, 505, 600 bis 609, 634 bis 648, 650 bis 657, 659 bis 661, 665 bis 672, 1529 bis 1532, 1728 bis 1733 und 3055 nicht berechnungsfähig.",true,2026-09-15,manual_verification:coverage_sprint_batch3
excl_b3_435_201,435,201,one_way,GOÄ Anmerkung zu Nummer 435,"Neben der Leistung nach Nummer 435 sind für die Dauer der stationären intensivmedizinischen Überwachung und Behandlung Leistungen nach den Abschnitten C III und M sowie die Leistungen nach den Nummern 1 bis 56, 61 bis 96, 200 bis 211, 247, 250 bis 268, 270 bis 286a, 288 bis 298, 401 bis 424, 427 bis 433, 483 bis 485, 488 bis 490, 500, 501, 505, 600 bis 609, 634 bis 648, 650 bis 657, 659 bis 661, 665 bis 672, 1529 bis 1532, 1728 bis 1733 und 3055 nicht berechnungsfähig.",true,2026-09-15,manual_verification:coverage_sprint_batch3
excl_b3_435_204,435,204,one_way,GOÄ Anmerkung zu Nummer 435,"Neben der Leistung nach Nummer 435 sind für die Dauer der stationären intensivmedizinischen Überwachung und Behandlung Leistungen nach den Abschnitten C III und M sowie die Leistungen nach den Nummern 1 bis 56, 61 bis 96, 200 bis 211, 247, 250 bis 268, 270 bis 286a, 288 bis 298, 401 bis 424, 427 bis 433, 483 bis 485, 488 bis 490, 500, 501, 505, 600 bis 609, 634 bis 648, 650 bis 657, 659 bis 661, 665 bis 672, 1529 bis 1532, 1728 bis 1733 und 3055 nicht berechnungsfähig.",true,2026-09-15,manual_verification:coverage_sprint_batch3
excl_b3_435_206,435,206,one_way,GOÄ Anmerkung zu Nummer 435,"Neben der Leistung nach Nummer 435 sind für die Dauer der stationären intensivmedizinischen Überwachung und Behandlung Leistungen nach den Abschnitten C III und M sowie die Leistungen nach den Nummern 1 bis 56, 61 bis 96, 200 bis 211, 247, 250 bis 268, 270 bis 286a, 288 bis 298, 401 bis 424, 427 bis 433, 483 bis 485, 488 bis 490, 500, 501, 505, 600 bis 609, 634 bis 648, 650 bis 657, 659 bis 661, 665 bis 672, 1529 bis 1532, 1728 bis 1733 und 3055 nicht berechnungsfähig.",true,2026-09-15,manual_verification:coverage_sprint_batch3
excl_b3_435_207,435,207,one_way,GOÄ Anmerkung zu Nummer 435,"Neben der Leistung nach Nummer 435 sind für die Dauer der stationären intensivmedizinischen Überwachung und Behandlung Leistungen nach den Abschnitten C III und M sowie die Leistungen nach den Nummern 1 bis 56, 61 bis 96, 200 bis 211, 247, 250 bis 268, 270 bis 286a, 288 bis 298, 401 bis 424, 427 bis 433, 483 bis 485, 488 bis 490, 500, 501, 505, 600 bis 609, 634 bis 648, 650 bis 657, 659 bis 661, 665 bis 672, 1529 bis 1532, 1728 bis 1733 und 3055 nicht berechnungsfähig.",true,2026-09-15,manual_verification:coverage_sprint_batch3
excl_b3_435_208,435,208,one_way,GOÄ Anmerkung zu Nummer 435,"Neben der Leistung nach Nummer 435 sind für die Dauer der stationären intensivmedizinischen Überwachung und Behandlung Leistungen nach den Abschnitten C III und M sowie die Leistungen nach den Nummern 1 bis 56, 61 bis 96, 200 bis 211, 247, 250 bis 268, 270 bis 286a, 288 bis 298, 401 bis 424, 427 bis 433, 483 bis 485, 488 bis 490, 500, 501, 505, 600 bis 609, 634 bis 648, 650 bis 657, 659 bis 661, 665 bis 672, 1529 bis 1532, 1728 bis 1733 und 3055 nicht berechnungsfähig.",true,2026-09-15,manual_verification:coverage_sprint_batch3
excl_b3_435_209,435,209,one_way,GOÄ Anmerkung zu Nummer 435,"Neben der Leistung nach Nummer 435 sind für die Dauer der stationären intensivmedizinischen Überwachung und Behandlung Leistungen nach den Abschnitten C III und M sowie die Leistungen nach den Nummern 1 bis 56, 61 bis 96, 200 bis 211, 247, 250 bis 268, 270 bis 286a, 288 bis 298, 401 bis 424, 427 bis 433, 483 bis 485, 488 bis 490, 500, 501, 505, 600 bis 609, 634 bis 648, 650 bis 657, 659 bis 661, 665 bis 672, 1529 bis 1532, 1728 bis 1733 und 3055 nicht berechnungsfähig.",true,2026-09-15,manual_verification:coverage_sprint_batch3
excl_b3_435_210,435,210,one_way,GOÄ Anmerkung zu Nummer 435,"Neben der Leistung nach Nummer 435 sind für die Dauer der stationären intensivmedizinischen Überwachung und Behandlung Leistungen nach den Abschnitten C III und M sowie die Leistungen nach den Nummern 1 bis 56, 61 bis 96, 200 bis 211, 247, 250 bis 268, 270 bis 286a, 288 bis 298, 401 bis 424, 427 bis 433, 483 bis 485, 488 bis 490, 500, 501, 505, 600 bis 609, 634 bis 648, 650 bis 657, 659 bis 661, 665 bis 672, 1529 bis 1532, 1728 bis 1733 und 3055 nicht berechnungsfähig.",true,2026-09-15,manual_verification:coverage_sprint_batch3
excl_b3_435_211,435,211,one_way,GOÄ Anmerkung zu Nummer 435,"Neben der Leistung nach Nummer 435 sind für die Dauer der stationären intensivmedizinischen Überwachung und Behandlung Leistungen nach den Abschnitten C III und M sowie die Leistungen nach den Nummern 1 bis 56, 61 bis 96, 200 bis 211, 247, 250 bis 268, 270 bis 286a, 288 bis 298, 401 bis 424, 427 bis 433, 483 bis 485, 488 bis 490, 500, 501, 505, 600 bis 609, 634 bis 648, 650 bis 657, 659 bis 661, 665 bis 672, 1529 bis 1532, 1728 bis 1733 und 3055 nicht berechnungsfähig.",true,2026-09-15,manual_verification:coverage_sprint_batch3
excl_b3_435_247,435,247,one_way,GOÄ Anmerkung zu Nummer 435,"Neben der Leistung nach Nummer 435 sind für die Dauer der stationären intensivmedizinischen Überwachung und Behandlung Leistungen nach den Abschnitten C III und M sowie die Leistungen nach den Nummern 1 bis 56, 61 bis 96, 200 bis 211, 247, 250 bis 268, 270 bis 286a, 288 bis 298, 401 bis 424, 427 bis 433, 483 bis 485, 488 bis 490, 500, 501, 505, 600 bis 609, 634 bis 648, 650 bis 657, 659 bis 661, 665 bis 672, 1529 bis 1532, 1728 bis 1733 und 3055 nicht berechnungsfähig.",true,2026-09-15,manual_verification:coverage_sprint_batch3
excl_b3_435_250,435,250,one_way,GOÄ Anmerkung zu Nummer 435,"Neben der Leistung nach Nummer 435 sind für die Dauer der stationären intensivmedizinischen Überwachung und Behandlung Leistungen nach den Abschnitten C III und M sowie die Leistungen nach den Nummern 1 bis 56, 61 bis 96, 200 bis 211, 247, 250 bis 268, 270 bis 286a, 288 bis 298, 401 bis 424, 427 bis 433, 483 bis 485, 488 bis 490, 500, 501, 505, 600 bis 609, 634 bis 648, 650 bis 657, 659 bis 661, 665 bis 672, 1529 bis 1532, 1728 bis 1733 und 3055 nicht berechnungsfähig.",true,2026-09-15,manual_verification:coverage_sprint_batch3
excl_b3_435_251,435,251,one_way,GOÄ Anmerkung zu Nummer 435,"Neben der Leistung nach Nummer 435 sind für die Dauer der stationären intensivmedizinischen Überwachung und Behandlung Leistungen nach den Abschnitten C III und M sowie die Leistungen nach den Nummern 1 bis 56, 61 bis 96, 200 bis 211, 247, 250 bis 268, 270 bis 286a, 288 bis 298, 401 bis 424, 427 bis 433, 483 bis 485, 488 bis 490, 500, 501, 505, 600 bis 609, 634 bis 648, 650 bis 657, 659 bis 661, 665 bis 672, 1529 bis 1532, 1728 bis 1733 und 3055 nicht berechnungsfähig.",true,2026-09-15,manual_verification:coverage_sprint_batch3
excl_b3_435_252,435,252,one_way,GOÄ Anmerkung zu Nummer 435,"Neben der Leistung nach Nummer 435 sind für die Dauer der stationären intensivmedizinischen Überwachung und Behandlung Leistungen nach den Abschnitten C III und M sowie die Leistungen nach den Nummern 1 bis 56, 61 bis 96, 200 bis 211, 247, 250 bis 268, 270 bis 286a, 288 bis 298, 401 bis 424, 427 bis 433, 483 bis 485, 488 bis 490, 500, 501, 505, 600 bis 609, 634 bis 648, 650 bis 657, 659 bis 661, 665 bis 672, 1529 bis 1532, 1728 bis 1733 und 3055 nicht berechnungsfähig.",true,2026-09-15,manual_verification:coverage_sprint_batch3
excl_b3_435_253,435,253,one_way,GOÄ Anmerkung zu Nummer 435,"Neben der Leistung nach Nummer 435 sind für die Dauer der stationären intensivmedizinischen Überwachung und Behandlung Leistungen nach den Abschnitten C III und M sowie die Leistungen nach den Nummern 1 bis 56, 61 bis 96, 200 bis 211, 247, 250 bis 268, 270 bis 286a, 288 bis 298, 401 bis 424, 427 bis 433, 483 bis 485, 488 bis 490, 500, 501, 505, 600 bis 609, 634 bis 648, 650 bis 657, 659 bis 661, 665 bis 672, 1529 bis 1532, 1728 bis 1733 und 3055 nicht berechnungsfähig.",true,2026-09-15,manual_verification:coverage_sprint_batch3
excl_b3_435_254,435,254,one_way,GOÄ Anmerkung zu Nummer 435,"Neben der Leistung nach Nummer 435 sind für die Dauer der stationären intensivmedizinischen Überwachung und Behandlung Leistungen nach den Abschnitten C III und M sowie die Leistungen nach den Nummern 1 bis 56, 61 bis 96, 200 bis 211, 247, 250 bis 268, 270 bis 286a, 288 bis 298, 401 bis 424, 427 bis 433, 483 bis 485, 488 bis 490, 500, 501, 505, 600 bis 609, 634 bis 648, 650 bis 657, 659 bis 661, 665 bis 672, 1529 bis 1532, 1728 bis 1733 und 3055 nicht berechnungsfähig.",true,2026-09-15,manual_verification:coverage_sprint_batch3
excl_b3_435_255,435,255,one_way,GOÄ Anmerkung zu Nummer 435,"Neben der Leistung nach Nummer 435 sind für die Dauer der stationären intensivmedizinischen Überwachung und Behandlung Leistungen nach den Abschnitten C III und M sowie die Leistungen nach den Nummern 1 bis 56, 61 bis 96, 200 bis 211, 247, 250 bis 268, 270 bis 286a, 288 bis 298, 401 bis 424, 427 bis 433, 483 bis 485, 488 bis 490, 500, 501, 505, 600 bis 609, 634 bis 648, 650 bis 657, 659 bis 661, 665 bis 672, 1529 bis 1532, 1728 bis 1733 und 3055 nicht berechnungsfähig.",true,2026-09-15,manual_verification:coverage_sprint_batch3
excl_b3_435_256,435,256,one_way,GOÄ Anmerkung zu Nummer 435,"Neben der Leistung nach Nummer 435 sind für die Dauer der stationären intensivmedizinischen Überwachung und Behandlung Leistungen nach den Abschnitten C III und M sowie die Leistungen nach den Nummern 1 bis 56, 61 bis 96, 200 bis 211, 247, 250 bis 268, 270 bis 286a, 288 bis 298, 401 bis 424, 427 bis 433, 483 bis 485, 488 bis 490, 500, 501, 505, 600 bis 609, 634 bis 648, 650 bis 657, 659 bis 661, 665 bis 672, 1529 bis 1532, 1728 bis 1733 und 3055 nicht berechnungsfähig.",true,2026-09-15,manual_verification:coverage_sprint_batch3
excl_b3_435_257,435,257,one_way,GOÄ Anmerkung zu Nummer 435,"Neben der Leistung nach Nummer 435 sind für die Dauer der stationären intensivmedizinischen Überwachung und Behandlung Leistungen nach den Abschnitten C III und M sowie die Leistungen nach den Nummern 1 bis 56, 61 bis 96, 200 bis 211, 247, 250 bis 268, 270 bis 286a, 288 bis 298, 401 bis 424, 427 bis 433, 483 bis 485, 488 bis 490, 500, 501, 505, 600 bis 609, 634 bis 648, 650 bis 657, 659 bis 661, 665 bis 672, 1529 bis 1532, 1728 bis 1733 und 3055 nicht berechnungsfähig.",true,2026-09-15,manual_verification:coverage_sprint_batch3
excl_b3_435_258,435,258,one_way,GOÄ Anmerkung zu Nummer 435,"Neben der Leistung nach Nummer 435 sind für die Dauer der stationären intensivmedizinischen Überwachung und Behandlung Leistungen nach den Abschnitten C III und M sowie die Leistungen nach den Nummern 1 bis 56, 61 bis 96, 200 bis 211, 247, 250 bis 268, 270 bis 286a, 288 bis 298, 401 bis 424, 427 bis 433, 483 bis 485, 488 bis 490, 500, 501, 505, 600 bis 609, 634 bis 648, 650 bis 657, 659 bis 661, 665 bis 672, 1529 bis 1532, 1728 bis 1733 und 3055 nicht berechnungsfähig.",true,2026-09-15,manual_verification:coverage_sprint_batch3
excl_b3_435_259,435,259,one_way,GOÄ Anmerkung zu Nummer 435,"Neben der Leistung nach Nummer 435 sind für die Dauer der stationären intensivmedizinischen Überwachung und Behandlung Leistungen nach den Abschnitten C III und M sowie die Leistungen nach den Nummern 1 bis 56, 61 bis 96, 200 bis 211, 247, 250 bis 268, 270 bis 286a, 288 bis 298, 401 bis 424, 427 bis 433, 483 bis 485, 488 bis 490, 500, 501, 505, 600 bis 609, 634 bis 648, 650 bis 657, 659 bis 661, 665 bis 672, 1529 bis 1532, 1728 bis 1733 und 3055 nicht berechnungsfähig.",true,2026-09-15,manual_verification:coverage_sprint_batch3
excl_b3_435_260,435,260,one_way,GOÄ Anmerkung zu Nummer 435,"Neben der Leistung nach Nummer 435 sind für die Dauer der stationären intensivmedizinischen Überwachung und Behandlung Leistungen nach den Abschnitten C III und M sowie die Leistungen nach den Nummern 1 bis 56, 61 bis 96, 200 bis 211, 247, 250 bis 268, 270 bis 286a, 288 bis 298, 401 bis 424, 427 bis 433, 483 bis 485, 488 bis 490, 500, 501, 505, 600 bis 609, 634 bis 648, 650 bis 657, 659 bis 661, 665 bis 672, 1529 bis 1532, 1728 bis 1733 und 3055 nicht berechnungsfähig.",true,2026-09-15,manual_verification:coverage_sprint_batch3
excl_b3_435_261,435,261,one_way,GOÄ Anmerkung zu Nummer 435,"Neben der Leistung nach Nummer 435 sind für die Dauer der stationären intensivmedizinischen Überwachung und Behandlung Leistungen nach den Abschnitten C III und M sowie die Leistungen nach den Nummern 1 bis 56, 61 bis 96, 200 bis 211, 247, 250 bis 268, 270 bis 286a, 288 bis 298, 401 bis 424, 427 bis 433, 483 bis 485, 488 bis 490, 500, 501, 505, 600 bis 609, 634 bis 648, 650 bis 657, 659 bis 661, 665 bis 672, 1529 bis 1532, 1728 bis 1733 und 3055 nicht berechnungsfähig.",true,2026-09-15,manual_verification:coverage_sprint_batch3
excl_b3_435_262,435,262,one_way,GOÄ Anmerkung zu Nummer 435,"Neben der Leistung nach Nummer 435 sind für die Dauer der stationären intensivmedizinischen Überwachung und Behandlung Leistungen nach den Abschnitten C III und M sowie die Leistungen nach den Nummern 1 bis 56, 61 bis 96, 200 bis 211, 247, 250 bis 268, 270 bis 286a, 288 bis 298, 401 bis 424, 427 bis 433, 483 bis 485, 488 bis 490, 500, 501, 505, 600 bis 609, 634 bis 648, 650 bis 657, 659 bis 661, 665 bis 672, 1529 bis 1532, 1728 bis 1733 und 3055 nicht berechnungsfähig.",true,2026-09-15,manual_verification:coverage_sprint_batch3
excl_b3_435_263,435,263,one_way,GOÄ Anmerkung zu Nummer 435,"Neben der Leistung nach Nummer 435 sind für die Dauer der stationären intensivmedizinischen Überwachung und Behandlung Leistungen nach den Abschnitten C III und M sowie die Leistungen nach den Nummern 1 bis 56, 61 bis 96, 200 bis 211, 247, 250 bis 268, 270 bis 286a, 288 bis 298, 401 bis 424, 427 bis 433, 483 bis 485, 488 bis 490, 500, 501, 505, 600 bis 609, 634 bis 648, 650 bis 657, 659 bis 661, 665 bis 672, 1529 bis 1532, 1728 bis 1733 und 3055 nicht berechnungsfähig.",true,2026-09-15,manual_verification:coverage_sprint_batch3
excl_b3_435_264,435,264,one_way,GOÄ Anmerkung zu Nummer 435,"Neben der Leistung nach Nummer 435 sind für die Dauer der stationären intensivmedizinischen Überwachung und Behandlung Leistungen nach den Abschnitten C III und M sowie die Leistungen nach den Nummern 1 bis 56, 61 bis 96, 200 bis 211, 247, 250 bis 268, 270 bis 286a, 288 bis 298, 401 bis 424, 427 bis 433, 483 bis 485, 488 bis 490, 500, 501, 505, 600 bis 609, 634 bis 648, 650 bis 657, 659 bis 661, 665 bis 672, 1529 bis 1532, 1728 bis 1733 und 3055 nicht berechnungsfähig.",true,2026-09-15,manual_verification:coverage_sprint_batch3
excl_b3_435_265,435,265,one_way,GOÄ Anmerkung zu Nummer 435,"Neben der Leistung nach Nummer 435 sind für die Dauer der stationären intensivmedizinischen Überwachung und Behandlung Leistungen nach den Abschnitten C III und M sowie die Leistungen nach den Nummern 1 bis 56, 61 bis 96, 200 bis 211, 247, 250 bis 268, 270 bis 286a, 288 bis 298, 401 bis 424, 427 bis 433, 483 bis 485, 488 bis 490, 500, 501, 505, 600 bis 609, 634 bis 648, 650 bis 657, 659 bis 661, 665 bis 672, 1529 bis 1532, 1728 bis 1733 und 3055 nicht berechnungsfähig.",true,2026-09-15,manual_verification:coverage_sprint_batch3
excl_b3_435_266,435,266,one_way,GOÄ Anmerkung zu Nummer 435,"Neben der Leistung nach Nummer 435 sind für die Dauer der stationären intensivmedizinischen Überwachung und Behandlung Leistungen nach den Abschnitten C III und M sowie die Leistungen nach den Nummern 1 bis 56, 61 bis 96, 200 bis 211, 247, 250 bis 268, 270 bis 286a, 288 bis 298, 401 bis 424, 427 bis 433, 483 bis 485, 488 bis 490, 500, 501, 505, 600 bis 609, 634 bis 648, 650 bis 657, 659 bis 661, 665 bis 672, 1529 bis 1532, 1728 bis 1733 und 3055 nicht berechnungsfähig.",true,2026-09-15,manual_verification:coverage_sprint_batch3
excl_b3_435_267,435,267,one_way,GOÄ Anmerkung zu Nummer 435,"Neben der Leistung nach Nummer 435 sind für die Dauer der stationären intensivmedizinischen Überwachung und Behandlung Leistungen nach den Abschnitten C III und M sowie die Leistungen nach den Nummern 1 bis 56, 61 bis 96, 200 bis 211, 247, 250 bis 268, 270 bis 286a, 288 bis 298, 401 bis 424, 427 bis 433, 483 bis 485, 488 bis 490, 500, 501, 505, 600 bis 609, 634 bis 648, 650 bis 657, 659 bis 661, 665 bis 672, 1529 bis 1532, 1728 bis 1733 und 3055 nicht berechnungsfähig.",true,2026-09-15,manual_verification:coverage_sprint_batch3
excl_b3_435_268,435,268,one_way,GOÄ Anmerkung zu Nummer 435,"Neben der Leistung nach Nummer 435 sind für die Dauer der stationären intensivmedizinischen Überwachung und Behandlung Leistungen nach den Abschnitten C III und M sowie die Leistungen nach den Nummern 1 bis 56, 61 bis 96, 200 bis 211, 247, 250 bis 268, 270 bis 286a, 288 bis 298, 401 bis 424, 427 bis 433, 483 bis 485, 488 bis 490, 500, 501, 505, 600 bis 609, 634 bis 648, 650 bis 657, 659 bis 661, 665 bis 672, 1529 bis 1532, 1728 bis 1733 und 3055 nicht berechnungsfähig.",true,2026-09-15,manual_verification:coverage_sprint_batch3
excl_b3_435_270,435,270,one_way,GOÄ Anmerkung zu Nummer 435,"Neben der Leistung nach Nummer 435 sind für die Dauer der stationären intensivmedizinischen Überwachung und Behandlung Leistungen nach den Abschnitten C III und M sowie die Leistungen nach den Nummern 1 bis 56, 61 bis 96, 200 bis 211, 247, 250 bis 268, 270 bis 286a, 288 bis 298, 401 bis 424, 427 bis 433, 483 bis 485, 488 bis 490, 500, 501, 505, 600 bis 609, 634 bis 648, 650 bis 657, 659 bis 661, 665 bis 672, 1529 bis 1532, 1728 bis 1733 und 3055 nicht berechnungsfähig.",true,2026-09-15,manual_verification:coverage_sprint_batch3
excl_b3_435_271,435,271,one_way,GOÄ Anmerkung zu Nummer 435,"Neben der Leistung nach Nummer 435 sind für die Dauer der stationären intensivmedizinischen Überwachung und Behandlung Leistungen nach den Abschnitten C III und M sowie die Leistungen nach den Nummern 1 bis 56, 61 bis 96, 200 bis 211, 247, 250 bis 268, 270 bis 286a, 288 bis 298, 401 bis 424, 427 bis 433, 483 bis 485, 488 bis 490, 500, 501, 505, 600 bis 609, 634 bis 648, 650 bis 657, 659 bis 661, 665 bis 672, 1529 bis 1532, 1728 bis 1733 und 3055 nicht berechnungsfähig.",true,2026-09-15,manual_verification:coverage_sprint_batch3
excl_b3_435_272,435,272,one_way,GOÄ Anmerkung zu Nummer 435,"Neben der Leistung nach Nummer 435 sind für die Dauer der stationären intensivmedizinischen Überwachung und Behandlung Leistungen nach den Abschnitten C III und M sowie die Leistungen nach den Nummern 1 bis 56, 61 bis 96, 200 bis 211, 247, 250 bis 268, 270 bis 286a, 288 bis 298, 401 bis 424, 427 bis 433, 483 bis 485, 488 bis 490, 500, 501, 505, 600 bis 609, 634 bis 648, 650 bis 657, 659 bis 661, 665 bis 672, 1529 bis 1532, 1728 bis 1733 und 3055 nicht berechnungsfähig.",true,2026-09-15,manual_verification:coverage_sprint_batch3
excl_b3_435_273,435,273,one_way,GOÄ Anmerkung zu Nummer 435,"Neben der Leistung nach Nummer 435 sind für die Dauer der stationären intensivmedizinischen Überwachung und Behandlung Leistungen nach den Abschnitten C III und M sowie die Leistungen nach den Nummern 1 bis 56, 61 bis 96, 200 bis 211, 247, 250 bis 268, 270 bis 286a, 288 bis 298, 401 bis 424, 427 bis 433, 483 bis 485, 488 bis 490, 500, 501, 505, 600 bis 609, 634 bis 648, 650 bis 657, 659 bis 661, 665 bis 672, 1529 bis 1532, 1728 bis 1733 und 3055 nicht berechnungsfähig.",true,2026-09-15,manual_verification:coverage_sprint_batch3
excl_b3_435_274,435,274,one_way,GOÄ Anmerkung zu Nummer 435,"Neben der Leistung nach Nummer 435 sind für die Dauer der stationären intensivmedizinischen Überwachung und Behandlung Leistungen nach den Abschnitten C III und M sowie die Leistungen nach den Nummern 1 bis 56, 61 bis 96, 200 bis 211, 247, 250 bis 268, 270 bis 286a, 288 bis 298, 401 bis 424, 427 bis 433, 483 bis 485, 488 bis 490, 500, 501, 505, 600 bis 609, 634 bis 648, 650 bis 657, 659 bis 661, 665 bis 672, 1529 bis 1532, 1728 bis 1733 und 3055 nicht berechnungsfähig.",true,2026-09-15,manual_verification:coverage_sprint_batch3
excl_b3_435_275,435,275,one_way,GOÄ Anmerkung zu Nummer 435,"Neben der Leistung nach Nummer 435 sind für die Dauer der stationären intensivmedizinischen Überwachung und Behandlung Leistungen nach den Abschnitten C III und M sowie die Leistungen nach den Nummern 1 bis 56, 61 bis 96, 200 bis 211, 247, 250 bis 268, 270 bis 286a, 288 bis 298, 401 bis 424, 427 bis 433, 483 bis 485, 488 bis 490, 500, 501, 505, 600 bis 609, 634 bis 648, 650 bis 657, 659 bis 661, 665 bis 672, 1529 bis 1532, 1728 bis 1733 und 3055 nicht berechnungsfähig.",true,2026-09-15,manual_verification:coverage_sprint_batch3
excl_b3_435_276,435,276,one_way,GOÄ Anmerkung zu Nummer 435,"Neben der Leistung nach Nummer 435 sind für die Dauer der stationären intensivmedizinischen Überwachung und Behandlung Leistungen nach den Abschnitten C III und M sowie die Leistungen nach den Nummern 1 bis 56, 61 bis 96, 200 bis 211, 247, 250 bis 268, 270 bis 286a, 288 bis 298, 401 bis 424, 427 bis 433, 483 bis 485, 488 bis 490, 500, 501, 505, 600 bis 609, 634 bis 648, 650 bis 657, 659 bis 661, 665 bis 672, 1529 bis 1532, 1728 bis 1733 und 3055 nicht berechnungsfähig.",true,2026-09-15,manual_verification:coverage_sprint_batch3
excl_b3_435_277,435,277,one_way,GOÄ Anmerkung zu Nummer 435,"Neben der Leistung nach Nummer 435 sind für die Dauer der stationären intensivmedizinischen Überwachung und Behandlung Leistungen nach den Abschnitten C III und M sowie die Leistungen nach den Nummern 1 bis 56, 61 bis 96, 200 bis 211, 247, 250 bis 268, 270 bis 286a, 288 bis 298, 401 bis 424, 427 bis 433, 483 bis 485, 488 bis 490, 500, 501, 505, 600 bis 609, 634 bis 648, 650 bis 657, 659 bis 661, 665 bis 672, 1529 bis 1532, 1728 bis 1733 und 3055 nicht berechnungsfähig.",true,2026-09-15,manual_verification:coverage_sprint_batch3
excl_b3_435_278,435,278,one_way,GOÄ Anmerkung zu Nummer 435,"Neben der Leistung nach Nummer 435 sind für die Dauer der stationären intensivmedizinischen Überwachung und Behandlung Leistungen nach den Abschnitten C III und M sowie die Leistungen nach den Nummern 1 bis 56, 61 bis 96, 200 bis 211, 247, 250 bis 268, 270 bis 286a, 288 bis 298, 401 bis 424, 427 bis 433, 483 bis 485, 488 bis 490, 500, 501, 505, 600 bis 609, 634 bis 648, 650 bis 657, 659 bis 661, 665 bis 672, 1529 bis 1532, 1728 bis 1733 und 3055 nicht berechnungsfähig.",true,2026-09-15,manual_verification:coverage_sprint_batch3
excl_b3_435_279,435,279,one_way,GOÄ Anmerkung zu Nummer 435,"Neben der Leistung nach Nummer 435 sind für die Dauer der stationären intensivmedizinischen Überwachung und Behandlung Leistungen nach den Abschnitten C III und M sowie die Leistungen nach den Nummern 1 bis 56, 61 bis 96, 200 bis 211, 247, 250 bis 268, 270 bis 286a, 288 bis 298, 401 bis 424, 427 bis 433, 483 bis 485, 488 bis 490, 500, 501, 505, 600 bis 609, 634 bis 648, 650 bis 657, 659 bis 661, 665 bis 672, 1529 bis 1532, 1728 bis 1733 und 3055 nicht berechnungsfähig.",true,2026-09-15,manual_verification:coverage_sprint_batch3
excl_b3_435_280,435,280,one_way,GOÄ Anmerkung zu Nummer 435,"Neben der Leistung nach Nummer 435 sind für die Dauer der stationären intensivmedizinischen Überwachung und Behandlung Leistungen nach den Abschnitten C III und M sowie die Leistungen nach den Nummern 1 bis 56, 61 bis 96, 200 bis 211, 247, 250 bis 268, 270 bis 286a, 288 bis 298, 401 bis 424, 427 bis 433, 483 bis 485, 488 bis 490, 500, 501, 505, 600 bis 609, 634 bis 648, 650 bis 657, 659 bis 661, 665 bis 672, 1529 bis 1532, 1728 bis 1733 und 3055 nicht berechnungsfähig.",true,2026-09-15,manual_verification:coverage_sprint_batch3
excl_b3_435_281,435,281,one_way,GOÄ Anmerkung zu Nummer 435,"Neben der Leistung nach Nummer 435 sind für die Dauer der stationären intensivmedizinischen Überwachung und Behandlung Leistungen nach den Abschnitten C III und M sowie die Leistungen nach den Nummern 1 bis 56, 61 bis 96, 200 bis 211, 247, 250 bis 268, 270 bis 286a, 288 bis 298, 401 bis 424, 427 bis 433, 483 bis 485, 488 bis 490, 500, 501, 505, 600 bis 609, 634 bis 648, 650 bis 657, 659 bis 661, 665 bis 672, 1529 bis 1532, 1728 bis 1733 und 3055 nicht berechnungsfähig.",true,2026-09-15,manual_verification:coverage_sprint_batch3
excl_b3_435_282,435,282,one_way,GOÄ Anmerkung zu Nummer 435,"Neben der Leistung nach Nummer 435 sind für die Dauer der stationären intensivmedizinischen Überwachung und Behandlung Leistungen nach den Abschnitten C III und M sowie die Leistungen nach den Nummern 1 bis 56, 61 bis 96, 200 bis 211, 247, 250 bis 268, 270 bis 286a, 288 bis 298, 401 bis 424, 427 bis 433, 483 bis 485, 488 bis 490, 500, 501, 505, 600 bis 609, 634 bis 648, 650 bis 657, 659 bis 661, 665 bis 672, 1529 bis 1532, 1728 bis 1733 und 3055 nicht berechnungsfähig.",true,2026-09-15,manual_verification:coverage_sprint_batch3
excl_b3_435_283,435,283,one_way,GOÄ Anmerkung zu Nummer 435,"Neben der Leistung nach Nummer 435 sind für die Dauer der stationären intensivmedizinischen Überwachung und Behandlung Leistungen nach den Abschnitten C III und M sowie die Leistungen nach den Nummern 1 bis 56, 61 bis 96, 200 bis 211, 247, 250 bis 268, 270 bis 286a, 288 bis 298, 401 bis 424, 427 bis 433, 483 bis 485, 488 bis 490, 500, 501, 505, 600 bis 609, 634 bis 648, 650 bis 657, 659 bis 661, 665 bis 672, 1529 bis 1532, 1728 bis 1733 und 3055 nicht berechnungsfähig.",true,2026-09-15,manual_verification:coverage_sprint_batch3
excl_b3_435_284,435,284,one_way,GOÄ Anmerkung zu Nummer 435,"Neben der Leistung nach Nummer 435 sind für die Dauer der stationären intensivmedizinischen Überwachung und Behandlung Leistungen nach den Abschnitten C III und M sowie die Leistungen nach den Nummern 1 bis 56, 61 bis 96, 200 bis 211, 247, 250 bis 268, 270 bis 286a, 288 bis 298, 401 bis 424, 427 bis 433, 483 bis 485, 488 bis 490, 500, 501, 505, 600 bis 609, 634 bis 648, 650 bis 657, 659 bis 661, 665 bis 672, 1529 bis 1532, 1728 bis 1733 und 3055 nicht berechnungsfähig.",true,2026-09-15,manual_verification:coverage_sprint_batch3
excl_b3_435_285,435,285,one_way,GOÄ Anmerkung zu Nummer 435,"Neben der Leistung nach Nummer 435 sind für die Dauer der stationären intensivmedizinischen Überwachung und Behandlung Leistungen nach den Abschnitten C III und M sowie die Leistungen nach den Nummern 1 bis 56, 61 bis 96, 200 bis 211, 247, 250 bis 268, 270 bis 286a, 288 bis 298, 401 bis 424, 427 bis 433, 483 bis 485, 488 bis 490, 500, 501, 505, 600 bis 609, 634 bis 648, 650 bis 657, 659 bis 661, 665 bis 672, 1529 bis 1532, 1728 bis 1733 und 3055 nicht berechnungsfähig.",true,2026-09-15,manual_verification:coverage_sprint_batch3
excl_b3_435_286,435,286,one_way,GOÄ Anmerkung zu Nummer 435,"Neben der Leistung nach Nummer 435 sind für die Dauer der stationären intensivmedizinischen Überwachung und Behandlung Leistungen nach den Abschnitten C III und M sowie die Leistungen nach den Nummern 1 bis 56, 61 bis 96, 200 bis 211, 247, 250 bis 268, 270 bis 286a, 288 bis 298, 401 bis 424, 427 bis 433, 483 bis 485, 488 bis 490, 500, 501, 505, 600 bis 609, 634 bis 648, 650 bis 657, 659 bis 661, 665 bis 672, 1529 bis 1532, 1728 bis 1733 und 3055 nicht berechnungsfähig.",true,2026-09-15,manual_verification:coverage_sprint_batch3
excl_b3_435_286a,435,286a,one_way,GOÄ Anmerkung zu Nummer 435,"Neben der Leistung nach Nummer 435 sind für die Dauer der stationären intensivmedizinischen Überwachung und Behandlung Leistungen nach den Abschnitten C III und M sowie die Leistungen nach den Nummern 1 bis 56, 61 bis 96, 200 bis 211, 247, 250 bis 268, 270 bis 286a, 288 bis 298, 401 bis 424, 427 bis 433, 483 bis 485, 488 bis 490, 500, 501, 505, 600 bis 609, 634 bis 648, 650 bis 657, 659 bis 661, 665 bis 672, 1529 bis 1532, 1728 bis 1733 und 3055 nicht berechnungsfähig.",true,2026-09-15,manual_verification:coverage_sprint_batch3
excl_b3_435_288,435,288,one_way,GOÄ Anmerkung zu Nummer 435,"Neben der Leistung nach Nummer 435 sind für die Dauer der stationären intensivmedizinischen Überwachung und Behandlung Leistungen nach den Abschnitten C III und M sowie die Leistungen nach den Nummern 1 bis 56, 61 bis 96, 200 bis 211, 247, 250 bis 268, 270 bis 286a, 288 bis 298, 401 bis 424, 427 bis 433, 483 bis 485, 488 bis 490, 500, 501, 505, 600 bis 609, 634 bis 648, 650 bis 657, 659 bis 661, 665 bis 672, 1529 bis 1532, 1728 bis 1733 und 3055 nicht berechnungsfähig.",true,2026-09-15,manual_verification:coverage_sprint_batch3
excl_b3_435_289,435,289,one_way,GOÄ Anmerkung zu Nummer 435,"Neben der Leistung nach Nummer 435 sind für die Dauer der stationären intensivmedizinischen Überwachung und Behandlung Leistungen nach den Abschnitten C III und M sowie die Leistungen nach den Nummern 1 bis 56, 61 bis 96, 200 bis 211, 247, 250 bis 268, 270 bis 286a, 288 bis 298, 401 bis 424, 427 bis 433, 483 bis 485, 488 bis 490, 500, 501, 505, 600 bis 609, 634 bis 648, 650 bis 657, 659 bis 661, 665 bis 672, 1529 bis 1532, 1728 bis 1733 und 3055 nicht berechnungsfähig.",true,2026-09-15,manual_verification:coverage_sprint_batch3
excl_b3_435_290,435,290,one_way,GOÄ Anmerkung zu Nummer 435,"Neben der Leistung nach Nummer 435 sind für die Dauer der stationären intensivmedizinischen Überwachung und Behandlung Leistungen nach den Abschnitten C III und M sowie die Leistungen nach den Nummern 1 bis 56, 61 bis 96, 200 bis 211, 247, 250 bis 268, 270 bis 286a, 288 bis 298, 401 bis 424, 427 bis 433, 483 bis 485, 488 bis 490, 500, 501, 505, 600 bis 609, 634 bis 648, 650 bis 657, 659 bis 661, 665 bis 672, 1529 bis 1532, 1728 bis 1733 und 3055 nicht berechnungsfähig.",true,2026-09-15,manual_verification:coverage_sprint_batch3
excl_b3_435_291,435,291,one_way,GOÄ Anmerkung zu Nummer 435,"Neben der Leistung nach Nummer 435 sind für die Dauer der stationären intensivmedizinischen Überwachung und Behandlung Leistungen nach den Abschnitten C III und M sowie die Leistungen nach den Nummern 1 bis 56, 61 bis 96, 200 bis 211, 247, 250 bis 268, 270 bis 286a, 288 bis 298, 401 bis 424, 427 bis 433, 483 bis 485, 488 bis 490, 500, 501, 505, 600 bis 609, 634 bis 648, 650 bis 657, 659 bis 661, 665 bis 672, 1529 bis 1532, 1728 bis 1733 und 3055 nicht berechnungsfähig.",true,2026-09-15,manual_verification:coverage_sprint_batch3
excl_b3_435_297,435,297,one_way,GOÄ Anmerkung zu Nummer 435,"Neben der Leistung nach Nummer 435 sind für die Dauer der stationären intensivmedizinischen Überwachung und Behandlung Leistungen nach den Abschnitten C III und M sowie die Leistungen nach den Nummern 1 bis 56, 61 bis 96, 200 bis 211, 247, 250 bis 268, 270 bis 286a, 288 bis 298, 401 bis 424, 427 bis 433, 483 bis 485, 488 bis 490, 500, 501, 505, 600 bis 609, 634 bis 648, 650 bis 657, 659 bis 661, 665 bis 672, 1529 bis 1532, 1728 bis 1733 und 3055 nicht berechnungsfähig.",true,2026-09-15,manual_verification:coverage_sprint_batch3
excl_b3_435_298,435,298,one_way,GOÄ Anmerkung zu Nummer 435,"Neben der Leistung nach Nummer 435 sind für die Dauer der stationären intensivmedizinischen Überwachung und Behandlung Leistungen nach den Abschnitten C III und M sowie die Leistungen nach den Nummern 1 bis 56, 61 bis 96, 200 bis 211, 247, 250 bis 268, 270 bis 286a, 288 bis 298, 401 bis 424, 427 bis 433, 483 bis 485, 488 bis 490, 500, 501, 505, 600 bis 609, 634 bis 648, 650 bis 657, 659 bis 661, 665 bis 672, 1529 bis 1532, 1728 bis 1733 und 3055 nicht berechnungsfähig.",true,2026-09-15,manual_verification:coverage_sprint_batch3
excl_b3_435_401,435,401,one_way,GOÄ Anmerkung zu Nummer 435,"Neben der Leistung nach Nummer 435 sind für die Dauer der stationären intensivmedizinischen Überwachung und Behandlung Leistungen nach den Abschnitten C III und M sowie die Leistungen nach den Nummern 1 bis 56, 61 bis 96, 200 bis 211, 247, 250 bis 268, 270 bis 286a, 288 bis 298, 401 bis 424, 427 bis 433, 483 bis 485, 488 bis 490, 500, 501, 505, 600 bis 609, 634 bis 648, 650 bis 657, 659 bis 661, 665 bis 672, 1529 bis 1532, 1728 bis 1733 und 3055 nicht berechnungsfähig.",true,2026-09-15,manual_verification:coverage_sprint_batch3
excl_b3_435_402,435,402,one_way,GOÄ Anmerkung zu Nummer 435,"Neben der Leistung nach Nummer 435 sind für die Dauer der stationären intensivmedizinischen Überwachung und Behandlung Leistungen nach den Abschnitten C III und M sowie die Leistungen nach den Nummern 1 bis 56, 61 bis 96, 200 bis 211, 247, 250 bis 268, 270 bis 286a, 288 bis 298, 401 bis 424, 427 bis 433, 483 bis 485, 488 bis 490, 500, 501, 505, 600 bis 609, 634 bis 648, 650 bis 657, 659 bis 661, 665 bis 672, 1529 bis 1532, 1728 bis 1733 und 3055 nicht berechnungsfähig.",true,2026-09-15,manual_verification:coverage_sprint_batch3
excl_b3_435_403,435,403,one_way,GOÄ Anmerkung zu Nummer 435,"Neben der Leistung nach Nummer 435 sind für die Dauer der stationären intensivmedizinischen Überwachung und Behandlung Leistungen nach den Abschnitten C III und M sowie die Leistungen nach den Nummern 1 bis 56, 61 bis 96, 200 bis 211, 247, 250 bis 268, 270 bis 286a, 288 bis 298, 401 bis 424, 427 bis 433, 483 bis 485, 488 bis 490, 500, 501, 505, 600 bis 609, 634 bis 648, 650 bis 657, 659 bis 661, 665 bis 672, 1529 bis 1532, 1728 bis 1733 und 3055 nicht berechnungsfähig.",true,2026-09-15,manual_verification:coverage_sprint_batch3
excl_b3_435_404,435,404,one_way,GOÄ Anmerkung zu Nummer 435,"Neben der Leistung nach Nummer 435 sind für die Dauer der stationären intensivmedizinischen Überwachung und Behandlung Leistungen nach den Abschnitten C III und M sowie die Leistungen nach den Nummern 1 bis 56, 61 bis 96, 200 bis 211, 247, 250 bis 268, 270 bis 286a, 288 bis 298, 401 bis 424, 427 bis 433, 483 bis 485, 488 bis 490, 500, 501, 505, 600 bis 609, 634 bis 648, 650 bis 657, 659 bis 661, 665 bis 672, 1529 bis 1532, 1728 bis 1733 und 3055 nicht berechnungsfähig.",true,2026-09-15,manual_verification:coverage_sprint_batch3
excl_b3_435_405,435,405,one_way,GOÄ Anmerkung zu Nummer 435,"Neben der Leistung nach Nummer 435 sind für die Dauer der stationären intensivmedizinischen Überwachung und Behandlung Leistungen nach den Abschnitten C III und M sowie die Leistungen nach den Nummern 1 bis 56, 61 bis 96, 200 bis 211, 247, 250 bis 268, 270 bis 286a, 288 bis 298, 401 bis 424, 427 bis 433, 483 bis 485, 488 bis 490, 500, 501, 505, 600 bis 609, 634 bis 648, 650 bis 657, 659 bis 661, 665 bis 672, 1529 bis 1532, 1728 bis 1733 und 3055 nicht berechnungsfähig.",true,2026-09-15,manual_verification:coverage_sprint_batch3
excl_b3_435_406,435,406,one_way,GOÄ Anmerkung zu Nummer 435,"Neben der Leistung nach Nummer 435 sind für die Dauer der stationären intensivmedizinischen Überwachung und Behandlung Leistungen nach den Abschnitten C III und M sowie die Leistungen nach den Nummern 1 bis 56, 61 bis 96, 200 bis 211, 247, 250 bis 268, 270 bis 286a, 288 bis 298, 401 bis 424, 427 bis 433, 483 bis 485, 488 bis 490, 500, 501, 505, 600 bis 609, 634 bis 648, 650 bis 657, 659 bis 661, 665 bis 672, 1529 bis 1532, 1728 bis 1733 und 3055 nicht berechnungsfähig.",true,2026-09-15,manual_verification:coverage_sprint_batch3
excl_b3_435_408,435,408,one_way,GOÄ Anmerkung zu Nummer 435,"Neben der Leistung nach Nummer 435 sind für die Dauer der stationären intensivmedizinischen Überwachung und Behandlung Leistungen nach den Abschnitten C III und M sowie die Leistungen nach den Nummern 1 bis 56, 61 bis 96, 200 bis 211, 247, 250 bis 268, 270 bis 286a, 288 bis 298, 401 bis 424, 427 bis 433, 483 bis 485, 488 bis 490, 500, 501, 505, 600 bis 609, 634 bis 648, 650 bis 657, 659 bis 661, 665 bis 672, 1529 bis 1532, 1728 bis 1733 und 3055 nicht berechnungsfähig.",true,2026-09-15,manual_verification:coverage_sprint_batch3
excl_b3_435_410,435,410,one_way,GOÄ Anmerkung zu Nummer 435,"Neben der Leistung nach Nummer 435 sind für die Dauer der stationären intensivmedizinischen Überwachung und Behandlung Leistungen nach den Abschnitten C III und M sowie die Leistungen nach den Nummern 1 bis 56, 61 bis 96, 200 bis 211, 247, 250 bis 268, 270 bis 286a, 288 bis 298, 401 bis 424, 427 bis 433, 483 bis 485, 488 bis 490, 500, 501, 505, 600 bis 609, 634 bis 648, 650 bis 657, 659 bis 661, 665 bis 672, 1529 bis 1532, 1728 bis 1733 und 3055 nicht berechnungsfähig.",true,2026-09-15,manual_verification:coverage_sprint_batch3
excl_b3_435_412,435,412,one_way,GOÄ Anmerkung zu Nummer 435,"Neben der Leistung nach Nummer 435 sind für die Dauer der stationären intensivmedizinischen Überwachung und Behandlung Leistungen nach den Abschnitten C III und M sowie die Leistungen nach den Nummern 1 bis 56, 61 bis 96, 200 bis 211, 247, 250 bis 268, 270 bis 286a, 288 bis 298, 401 bis 424, 427 bis 433, 483 bis 485, 488 bis 490, 500, 501, 505, 600 bis 609, 634 bis 648, 650 bis 657, 659 bis 661, 665 bis 672, 1529 bis 1532, 1728 bis 1733 und 3055 nicht berechnungsfähig.",true,2026-09-15,manual_verification:coverage_sprint_batch3
excl_b3_435_413,435,413,one_way,GOÄ Anmerkung zu Nummer 435,"Neben der Leistung nach Nummer 435 sind für die Dauer der stationären intensivmedizinischen Überwachung und Behandlung Leistungen nach den Abschnitten C III und M sowie die Leistungen nach den Nummern 1 bis 56, 61 bis 96, 200 bis 211, 247, 250 bis 268, 270 bis 286a, 288 bis 298, 401 bis 424, 427 bis 433, 483 bis 485, 488 bis 490, 500, 501, 505, 600 bis 609, 634 bis 648, 650 bis 657, 659 bis 661, 665 bis 672, 1529 bis 1532, 1728 bis 1733 und 3055 nicht berechnungsfähig.",true,2026-09-15,manual_verification:coverage_sprint_batch3
excl_b3_435_415,435,415,one_way,GOÄ Anmerkung zu Nummer 435,"Neben der Leistung nach Nummer 435 sind für die Dauer der stationären intensivmedizinischen Überwachung und Behandlung Leistungen nach den Abschnitten C III und M sowie die Leistungen nach den Nummern 1 bis 56, 61 bis 96, 200 bis 211, 247, 250 bis 268, 270 bis 286a, 288 bis 298, 401 bis 424, 427 bis 433, 483 bis 485, 488 bis 490, 500, 501, 505, 600 bis 609, 634 bis 648, 650 bis 657, 659 bis 661, 665 bis 672, 1529 bis 1532, 1728 bis 1733 und 3055 nicht berechnungsfähig.",true,2026-09-15,manual_verification:coverage_sprint_batch3
excl_b3_435_417,435,417,one_way,GOÄ Anmerkung zu Nummer 435,"Neben der Leistung nach Nummer 435 sind für die Dauer der stationären intensivmedizinischen Überwachung und Behandlung Leistungen nach den Abschnitten C III und M sowie die Leistungen nach den Nummern 1 bis 56, 61 bis 96, 200 bis 211, 247, 250 bis 268, 270 bis 286a, 288 bis 298, 401 bis 424, 427 bis 433, 483 bis 485, 488 bis 490, 500, 501, 505, 600 bis 609, 634 bis 648, 650 bis 657, 659 bis 661, 665 bis 672, 1529 bis 1532, 1728 bis 1733 und 3055 nicht berechnungsfähig.",true,2026-09-15,manual_verification:coverage_sprint_batch3
excl_b3_435_418,435,418,one_way,GOÄ Anmerkung zu Nummer 435,"Neben der Leistung nach Nummer 435 sind für die Dauer der stationären intensivmedizinischen Überwachung und Behandlung Leistungen nach den Abschnitten C III und M sowie die Leistungen nach den Nummern 1 bis 56, 61 bis 96, 200 bis 211, 247, 250 bis 268, 270 bis 286a, 288 bis 298, 401 bis 424, 427 bis 433, 483 bis 485, 488 bis 490, 500, 501, 505, 600 bis 609, 634 bis 648, 650 bis 657, 659 bis 661, 665 bis 672, 1529 bis 1532, 1728 bis 1733 und 3055 nicht berechnungsfähig.",true,2026-09-15,manual_verification:coverage_sprint_batch3
excl_b3_435_420,435,420,one_way,GOÄ Anmerkung zu Nummer 435,"Neben der Leistung nach Nummer 435 sind für die Dauer der stationären intensivmedizinischen Überwachung und Behandlung Leistungen nach den Abschnitten C III und M sowie die Leistungen nach den Nummern 1 bis 56, 61 bis 96, 200 bis 211, 247, 250 bis 268, 270 bis 286a, 288 bis 298, 401 bis 424, 427 bis 433, 483 bis 485, 488 bis 490, 500, 501, 505, 600 bis 609, 634 bis 648, 650 bis 657, 659 bis 661, 665 bis 672, 1529 bis 1532, 1728 bis 1733 und 3055 nicht berechnungsfähig.",true,2026-09-15,manual_verification:coverage_sprint_batch3
excl_b3_435_422,435,422,one_way,GOÄ Anmerkung zu Nummer 435,"Neben der Leistung nach Nummer 435 sind für die Dauer der stationären intensivmedizinischen Überwachung und Behandlung Leistungen nach den Abschnitten C III und M sowie die Leistungen nach den Nummern 1 bis 56, 61 bis 96, 200 bis 211, 247, 250 bis 268, 270 bis 286a, 288 bis 298, 401 bis 424, 427 bis 433, 483 bis 485, 488 bis 490, 500, 501, 505, 600 bis 609, 634 bis 648, 650 bis 657, 659 bis 661, 665 bis 672, 1529 bis 1532, 1728 bis 1733 und 3055 nicht berechnungsfähig.",true,2026-09-15,manual_verification:coverage_sprint_batch3
excl_b3_435_423,435,423,one_way,GOÄ Anmerkung zu Nummer 435,"Neben der Leistung nach Nummer 435 sind für die Dauer der stationären intensivmedizinischen Überwachung und Behandlung Leistungen nach den Abschnitten C III und M sowie die Leistungen nach den Nummern 1 bis 56, 61 bis 96, 200 bis 211, 247, 250 bis 268, 270 bis 286a, 288 bis 298, 401 bis 424, 427 bis 433, 483 bis 485, 488 bis 490, 500, 501, 505, 600 bis 609, 634 bis 648, 650 bis 657, 659 bis 661, 665 bis 672, 1529 bis 1532, 1728 bis 1733 und 3055 nicht berechnungsfähig.",true,2026-09-15,manual_verification:coverage_sprint_batch3
excl_b3_435_424,435,424,one_way,GOÄ Anmerkung zu Nummer 435,"Neben der Leistung nach Nummer 435 sind für die Dauer der stationären intensivmedizinischen Überwachung und Behandlung Leistungen nach den Abschnitten C III und M sowie die Leistungen nach den Nummern 1 bis 56, 61 bis 96, 200 bis 211, 247, 250 bis 268, 270 bis 286a, 288 bis 298, 401 bis 424, 427 bis 433, 483 bis 485, 488 bis 490, 500, 501, 505, 600 bis 609, 634 bis 648, 650 bis 657, 659 bis 661, 665 bis 672, 1529 bis 1532, 1728 bis 1733 und 3055 nicht berechnungsfähig.",true,2026-09-15,manual_verification:coverage_sprint_batch3
excl_b3_435_427,435,427,one_way,GOÄ Anmerkung zu Nummer 435,"Neben der Leistung nach Nummer 435 sind für die Dauer der stationären intensivmedizinischen Überwachung und Behandlung Leistungen nach den Abschnitten C III und M sowie die Leistungen nach den Nummern 1 bis 56, 61 bis 96, 200 bis 211, 247, 250 bis 268, 270 bis 286a, 288 bis 298, 401 bis 424, 427 bis 433, 483 bis 485, 488 bis 490, 500, 501, 505, 600 bis 609, 634 bis 648, 650 bis 657, 659 bis 661, 665 bis 672, 1529 bis 1532, 1728 bis 1733 und 3055 nicht berechnungsfähig.",true,2026-09-15,manual_verification:coverage_sprint_batch3
excl_b3_435_428,435,428,one_way,GOÄ Anmerkung zu Nummer 435,"Neben der Leistung nach Nummer 435 sind für die Dauer der stationären intensivmedizinischen Überwachung und Behandlung Leistungen nach den Abschnitten C III und M sowie die Leistungen nach den Nummern 1 bis 56, 61 bis 96, 200 bis 211, 247, 250 bis 268, 270 bis 286a, 288 bis 298, 401 bis 424, 427 bis 433, 483 bis 485, 488 bis 490, 500, 501, 505, 600 bis 609, 634 bis 648, 650 bis 657, 659 bis 661, 665 bis 672, 1529 bis 1532, 1728 bis 1733 und 3055 nicht berechnungsfähig.",true,2026-09-15,manual_verification:coverage_sprint_batch3
excl_b3_435_429,435,429,one_way,GOÄ Anmerkung zu Nummer 435,"Neben der Leistung nach Nummer 435 sind für die Dauer der stationären intensivmedizinischen Überwachung und Behandlung Leistungen nach den Abschnitten C III und M sowie die Leistungen nach den Nummern 1 bis 56, 61 bis 96, 200 bis 211, 247, 250 bis 268, 270 bis 286a, 288 bis 298, 401 bis 424, 427 bis 433, 483 bis 485, 488 bis 490, 500, 501, 505, 600 bis 609, 634 bis 648, 650 bis 657, 659 bis 661, 665 bis 672, 1529 bis 1532, 1728 bis 1733 und 3055 nicht berechnungsfähig.",true,2026-09-15,manual_verification:coverage_sprint_batch3
excl_b3_435_430,435,430,one_way,GOÄ Anmerkung zu Nummer 435,"Neben der Leistung nach Nummer 435 sind für die Dauer der stationären intensivmedizinischen Überwachung und Behandlung Leistungen nach den Abschnitten C III und M sowie die Leistungen nach den Nummern 1 bis 56, 61 bis 96, 200 bis 211, 247, 250 bis 268, 270 bis 286a, 288 bis 298, 401 bis 424, 427 bis 433, 483 bis 485, 488 bis 490, 500, 501, 505, 600 bis 609, 634 bis 648, 650 bis 657, 659 bis 661, 665 bis 672, 1529 bis 1532, 1728 bis 1733 und 3055 nicht berechnungsfähig.",true,2026-09-15,manual_verification:coverage_sprint_batch3
excl_b3_435_431,435,431,one_way,GOÄ Anmerkung zu Nummer 435,"Neben der Leistung nach Nummer 435 sind für die Dauer der stationären intensivmedizinischen Überwachung und Behandlung Leistungen nach den Abschnitten C III und M sowie die Leistungen nach den Nummern 1 bis 56, 61 bis 96, 200 bis 211, 247, 250 bis 268, 270 bis 286a, 288 bis 298, 401 bis 424, 427 bis 433, 483 bis 485, 488 bis 490, 500, 501, 505, 600 bis 609, 634 bis 648, 650 bis 657, 659 bis 661, 665 bis 672, 1529 bis 1532, 1728 bis 1733 und 3055 nicht berechnungsfähig.",true,2026-09-15,manual_verification:coverage_sprint_batch3
excl_b3_435_433,435,433,one_way,GOÄ Anmerkung zu Nummer 435,"Neben der Leistung nach Nummer 435 sind für die Dauer der stationären intensivmedizinischen Überwachung und Behandlung Leistungen nach den Abschnitten C III und M sowie die Leistungen nach den Nummern 1 bis 56, 61 bis 96, 200 bis 211, 247, 250 bis 268, 270 bis 286a, 288 bis 298, 401 bis 424, 427 bis 433, 483 bis 485, 488 bis 490, 500, 501, 505, 600 bis 609, 634 bis 648, 650 bis 657, 659 bis 661, 665 bis 672, 1529 bis 1532, 1728 bis 1733 und 3055 nicht berechnungsfähig.",true,2026-09-15,manual_verification:coverage_sprint_batch3
excl_b3_435_483,435,483,one_way,GOÄ Anmerkung zu Nummer 435,"Neben der Leistung nach Nummer 435 sind für die Dauer der stationären intensivmedizinischen Überwachung und Behandlung Leistungen nach den Abschnitten C III und M sowie die Leistungen nach den Nummern 1 bis 56, 61 bis 96, 200 bis 211, 247, 250 bis 268, 270 bis 286a, 288 bis 298, 401 bis 424, 427 bis 433, 483 bis 485, 488 bis 490, 500, 501, 505, 600 bis 609, 634 bis 648, 650 bis 657, 659 bis 661, 665 bis 672, 1529 bis 1532, 1728 bis 1733 und 3055 nicht berechnungsfähig.",true,2026-09-15,manual_verification:coverage_sprint_batch3
excl_b3_435_484,435,484,one_way,GOÄ Anmerkung zu Nummer 435,"Neben der Leistung nach Nummer 435 sind für die Dauer der stationären intensivmedizinischen Überwachung und Behandlung Leistungen nach den Abschnitten C III und M sowie die Leistungen nach den Nummern 1 bis 56, 61 bis 96, 200 bis 211, 247, 250 bis 268, 270 bis 286a, 288 bis 298, 401 bis 424, 427 bis 433, 483 bis 485, 488 bis 490, 500, 501, 505, 600 bis 609, 634 bis 648, 650 bis 657, 659 bis 661, 665 bis 672, 1529 bis 1532, 1728 bis 1733 und 3055 nicht berechnungsfähig.",true,2026-09-15,manual_verification:coverage_sprint_batch3
excl_b3_435_485,435,485,one_way,GOÄ Anmerkung zu Nummer 435,"Neben der Leistung nach Nummer 435 sind für die Dauer der stationären intensivmedizinischen Überwachung und Behandlung Leistungen nach den Abschnitten C III und M sowie die Leistungen nach den Nummern 1 bis 56, 61 bis 96, 200 bis 211, 247, 250 bis 268, 270 bis 286a, 288 bis 298, 401 bis 424, 427 bis 433, 483 bis 485, 488 bis 490, 500, 501, 505, 600 bis 609, 634 bis 648, 650 bis 657, 659 bis 661, 665 bis 672, 1529 bis 1532, 1728 bis 1733 und 3055 nicht berechnungsfähig.",true,2026-09-15,manual_verification:coverage_sprint_batch3
excl_b3_435_488,435,488,one_way,GOÄ Anmerkung zu Nummer 435,"Neben der Leistung nach Nummer 435 sind für die Dauer der stationären intensivmedizinischen Überwachung und Behandlung Leistungen nach den Abschnitten C III und M sowie die Leistungen nach den Nummern 1 bis 56, 61 bis 96, 200 bis 211, 247, 250 bis 268, 270 bis 286a, 288 bis 298, 401 bis 424, 427 bis 433, 483 bis 485, 488 bis 490, 500, 501, 505, 600 bis 609, 634 bis 648, 650 bis 657, 659 bis 661, 665 bis 672, 1529 bis 1532, 1728 bis 1733 und 3055 nicht berechnungsfähig.",true,2026-09-15,manual_verification:coverage_sprint_batch3
excl_b3_435_489,435,489,one_way,GOÄ Anmerkung zu Nummer 435,"Neben der Leistung nach Nummer 435 sind für die Dauer der stationären intensivmedizinischen Überwachung und Behandlung Leistungen nach den Abschnitten C III und M sowie die Leistungen nach den Nummern 1 bis 56, 61 bis 96, 200 bis 211, 247, 250 bis 268, 270 bis 286a, 288 bis 298, 401 bis 424, 427 bis 433, 483 bis 485, 488 bis 490, 500, 501, 505, 600 bis 609, 634 bis 648, 650 bis 657, 659 bis 661, 665 bis 672, 1529 bis 1532, 1728 bis 1733 und 3055 nicht berechnungsfähig.",true,2026-09-15,manual_verification:coverage_sprint_batch3
excl_b3_435_490,435,490,one_way,GOÄ Anmerkung zu Nummer 435,"Neben der Leistung nach Nummer 435 sind für die Dauer der stationären intensivmedizinischen Überwachung und Behandlung Leistungen nach den Abschnitten C III und M sowie die Leistungen nach den Nummern 1 bis 56, 61 bis 96, 200 bis 211, 247, 250 bis 268, 270 bis 286a, 288 bis 298, 401 bis 424, 427 bis 433, 483 bis 485, 488 bis 490, 500, 501, 505, 600 bis 609, 634 bis 648, 650 bis 657, 659 bis 661, 665 bis 672, 1529 bis 1532, 1728 bis 1733 und 3055 nicht berechnungsfähig.",true,2026-09-15,manual_verification:coverage_sprint_batch3
excl_b3_435_500,435,500,one_way,GOÄ Anmerkung zu Nummer 435,"Neben der Leistung nach Nummer 435 sind für die Dauer der stationären intensivmedizinischen Überwachung und Behandlung Leistungen nach den Abschnitten C III und M sowie die Leistungen nach den Nummern 1 bis 56, 61 bis 96, 200 bis 211, 247, 250 bis 268, 270 bis 286a, 288 bis 298, 401 bis 424, 427 bis 433, 483 bis 485, 488 bis 490, 500, 501, 505, 600 bis 609, 634 bis 648, 650 bis 657, 659 bis 661, 665 bis 672, 1529 bis 1532, 1728 bis 1733 und 3055 nicht berechnungsfähig.",true,2026-09-15,manual_verification:coverage_sprint_batch3
excl_b3_435_501,435,501,one_way,GOÄ Anmerkung zu Nummer 435,"Neben der Leistung nach Nummer 435 sind für die Dauer der stationären intensivmedizinischen Überwachung und Behandlung Leistungen nach den Abschnitten C III und M sowie die Leistungen nach den Nummern 1 bis 56, 61 bis 96, 200 bis 211, 247, 250 bis 268, 270 bis 286a, 288 bis 298, 401 bis 424, 427 bis 433, 483 bis 485, 488 bis 490, 500, 501, 505, 600 bis 609, 634 bis 648, 650 bis 657, 659 bis 661, 665 bis 672, 1529 bis 1532, 1728 bis 1733 und 3055 nicht berechnungsfähig.",true,2026-09-15,manual_verification:coverage_sprint_batch3
excl_b3_435_505,435,505,one_way,GOÄ Anmerkung zu Nummer 435,"Neben der Leistung nach Nummer 435 sind für die Dauer der stationären intensivmedizinischen Überwachung und Behandlung Leistungen nach den Abschnitten C III und M sowie die Leistungen nach den Nummern 1 bis 56, 61 bis 96, 200 bis 211, 247, 250 bis 268, 270 bis 286a, 288 bis 298, 401 bis 424, 427 bis 433, 483 bis 485, 488 bis 490, 500, 501, 505, 600 bis 609, 634 bis 648, 650 bis 657, 659 bis 661, 665 bis 672, 1529 bis 1532, 1728 bis 1733 und 3055 nicht berechnungsfähig.",true,2026-09-15,manual_verification:coverage_sprint_batch3
excl_b3_435_600,435,600,one_way,GOÄ Anmerkung zu Nummer 435,"Neben der Leistung nach Nummer 435 sind für die Dauer der stationären intensivmedizinischen Überwachung und Behandlung Leistungen nach den Abschnitten C III und M sowie die Leistungen nach den Nummern 1 bis 56, 61 bis 96, 200 bis 211, 247, 250 bis 268, 270 bis 286a, 288 bis 298, 401 bis 424, 427 bis 433, 483 bis 485, 488 bis 490, 500, 501, 505, 600 bis 609, 634 bis 648, 650 bis 657, 659 bis 661, 665 bis 672, 1529 bis 1532, 1728 bis 1733 und 3055 nicht berechnungsfähig.",true,2026-09-15,manual_verification:coverage_sprint_batch3
excl_b3_435_601,435,601,one_way,GOÄ Anmerkung zu Nummer 435,"Neben der Leistung nach Nummer 435 sind für die Dauer der stationären intensivmedizinischen Überwachung und Behandlung Leistungen nach den Abschnitten C III und M sowie die Leistungen nach den Nummern 1 bis 56, 61 bis 96, 200 bis 211, 247, 250 bis 268, 270 bis 286a, 288 bis 298, 401 bis 424, 427 bis 433, 483 bis 485, 488 bis 490, 500, 501, 505, 600 bis 609, 634 bis 648, 650 bis 657, 659 bis 661, 665 bis 672, 1529 bis 1532, 1728 bis 1733 und 3055 nicht berechnungsfähig.",true,2026-09-15,manual_verification:coverage_sprint_batch3
excl_b3_435_602,435,602,one_way,GOÄ Anmerkung zu Nummer 435,"Neben der Leistung nach Nummer 435 sind für die Dauer der stationären intensivmedizinischen Überwachung und Behandlung Leistungen nach den Abschnitten C III und M sowie die Leistungen nach den Nummern 1 bis 56, 61 bis 96, 200 bis 211, 247, 250 bis 268, 270 bis 286a, 288 bis 298, 401 bis 424, 427 bis 433, 483 bis 485, 488 bis 490, 500, 501, 505, 600 bis 609, 634 bis 648, 650 bis 657, 659 bis 661, 665 bis 672, 1529 bis 1532, 1728 bis 1733 und 3055 nicht berechnungsfähig.",true,2026-09-15,manual_verification:coverage_sprint_batch3
excl_b3_435_603,435,603,one_way,GOÄ Anmerkung zu Nummer 435,"Neben der Leistung nach Nummer 435 sind für die Dauer der stationären intensivmedizinischen Überwachung und Behandlung Leistungen nach den Abschnitten C III und M sowie die Leistungen nach den Nummern 1 bis 56, 61 bis 96, 200 bis 211, 247, 250 bis 268, 270 bis 286a, 288 bis 298, 401 bis 424, 427 bis 433, 483 bis 485, 488 bis 490, 500, 501, 505, 600 bis 609, 634 bis 648, 650 bis 657, 659 bis 661, 665 bis 672, 1529 bis 1532, 1728 bis 1733 und 3055 nicht berechnungsfähig.",true,2026-09-15,manual_verification:coverage_sprint_batch3
excl_b3_435_604,435,604,one_way,GOÄ Anmerkung zu Nummer 435,"Neben der Leistung nach Nummer 435 sind für die Dauer der stationären intensivmedizinischen Überwachung und Behandlung Leistungen nach den Abschnitten C III und M sowie die Leistungen nach den Nummern 1 bis 56, 61 bis 96, 200 bis 211, 247, 250 bis 268, 270 bis 286a, 288 bis 298, 401 bis 424, 427 bis 433, 483 bis 485, 488 bis 490, 500, 501, 505, 600 bis 609, 634 bis 648, 650 bis 657, 659 bis 661, 665 bis 672, 1529 bis 1532, 1728 bis 1733 und 3055 nicht berechnungsfähig.",true,2026-09-15,manual_verification:coverage_sprint_batch3
excl_b3_435_605,435,605,one_way,GOÄ Anmerkung zu Nummer 435,"Neben der Leistung nach Nummer 435 sind für die Dauer der stationären intensivmedizinischen Überwachung und Behandlung Leistungen nach den Abschnitten C III und M sowie die Leistungen nach den Nummern 1 bis 56, 61 bis 96, 200 bis 211, 247, 250 bis 268, 270 bis 286a, 288 bis 298, 401 bis 424, 427 bis 433, 483 bis 485, 488 bis 490, 500, 501, 505, 600 bis 609, 634 bis 648, 650 bis 657, 659 bis 661, 665 bis 672, 1529 bis 1532, 1728 bis 1733 und 3055 nicht berechnungsfähig.",true,2026-09-15,manual_verification:coverage_sprint_batch3
excl_b3_435_606,435,606,one_way,GOÄ Anmerkung zu Nummer 435,"Neben der Leistung nach Nummer 435 sind für die Dauer der stationären intensivmedizinischen Überwachung und Behandlung Leistungen nach den Abschnitten C III und M sowie die Leistungen nach den Nummern 1 bis 56, 61 bis 96, 200 bis 211, 247, 250 bis 268, 270 bis 286a, 288 bis 298, 401 bis 424, 427 bis 433, 483 bis 485, 488 bis 490, 500, 501, 505, 600 bis 609, 634 bis 648, 650 bis 657, 659 bis 661, 665 bis 672, 1529 bis 1532, 1728 bis 1733 und 3055 nicht berechnungsfähig.",true,2026-09-15,manual_verification:coverage_sprint_batch3
excl_b3_435_607,435,607,one_way,GOÄ Anmerkung zu Nummer 435,"Neben der Leistung nach Nummer 435 sind für die Dauer der stationären intensivmedizinischen Überwachung und Behandlung Leistungen nach den Abschnitten C III und M sowie die Leistungen nach den Nummern 1 bis 56, 61 bis 96, 200 bis 211, 247, 250 bis 268, 270 bis 286a, 288 bis 298, 401 bis 424, 427 bis 433, 483 bis 485, 488 bis 490, 500, 501, 505, 600 bis 609, 634 bis 648, 650 bis 657, 659 bis 661, 665 bis 672, 1529 bis 1532, 1728 bis 1733 und 3055 nicht berechnungsfähig.",true,2026-09-15,manual_verification:coverage_sprint_batch3
excl_b3_435_608,435,608,one_way,GOÄ Anmerkung zu Nummer 435,"Neben der Leistung nach Nummer 435 sind für die Dauer der stationären intensivmedizinischen Überwachung und Behandlung Leistungen nach den Abschnitten C III und M sowie die Leistungen nach den Nummern 1 bis 56, 61 bis 96, 200 bis 211, 247, 250 bis 268, 270 bis 286a, 288 bis 298, 401 bis 424, 427 bis 433, 483 bis 485, 488 bis 490, 500, 501, 505, 600 bis 609, 634 bis 648, 650 bis 657, 659 bis 661, 665 bis 672, 1529 bis 1532, 1728 bis 1733 und 3055 nicht berechnungsfähig.",true,2026-09-15,manual_verification:coverage_sprint_batch3
excl_b3_435_609,435,609,one_way,GOÄ Anmerkung zu Nummer 435,"Neben der Leistung nach Nummer 435 sind für die Dauer der stationären intensivmedizinischen Überwachung und Behandlung Leistungen nach den Abschnitten C III und M sowie die Leistungen nach den Nummern 1 bis 56, 61 bis 96, 200 bis 211, 247, 250 bis 268, 270 bis 286a, 288 bis 298, 401 bis 424, 427 bis 433, 483 bis 485, 488 bis 490, 500, 501, 505, 600 bis 609, 634 bis 648, 650 bis 657, 659 bis 661, 665 bis 672, 1529 bis 1532, 1728 bis 1733 und 3055 nicht berechnungsfähig.",true,2026-09-15,manual_verification:coverage_sprint_batch3
excl_b3_435_634,435,634,one_way,GOÄ Anmerkung zu Nummer 435,"Neben der Leistung nach Nummer 435 sind für die Dauer der stationären intensivmedizinischen Überwachung und Behandlung Leistungen nach den Abschnitten C III und M sowie die Leistungen nach den Nummern 1 bis 56, 61 bis 96, 200 bis 211, 247, 250 bis 268, 270 bis 286a, 288 bis 298, 401 bis 424, 427 bis 433, 483 bis 485, 488 bis 490, 500, 501, 505, 600 bis 609, 634 bis 648, 650 bis 657, 659 bis 661, 665 bis 672, 1529 bis 1532, 1728 bis 1733 und 3055 nicht berechnungsfähig.",true,2026-09-15,manual_verification:coverage_sprint_batch3
excl_b3_435_635,435,635,one_way,GOÄ Anmerkung zu Nummer 435,"Neben der Leistung nach Nummer 435 sind für die Dauer der stationären intensivmedizinischen Überwachung und Behandlung Leistungen nach den Abschnitten C III und M sowie die Leistungen nach den Nummern 1 bis 56, 61 bis 96, 200 bis 211, 247, 250 bis 268, 270 bis 286a, 288 bis 298, 401 bis 424, 427 bis 433, 483 bis 485, 488 bis 490, 500, 501, 505, 600 bis 609, 634 bis 648, 650 bis 657, 659 bis 661, 665 bis 672, 1529 bis 1532, 1728 bis 1733 und 3055 nicht berechnungsfähig.",true,2026-09-15,manual_verification:coverage_sprint_batch3
excl_b3_435_636,435,636,one_way,GOÄ Anmerkung zu Nummer 435,"Neben der Leistung nach Nummer 435 sind für die Dauer der stationären intensivmedizinischen Überwachung und Behandlung Leistungen nach den Abschnitten C III und M sowie die Leistungen nach den Nummern 1 bis 56, 61 bis 96, 200 bis 211, 247, 250 bis 268, 270 bis 286a, 288 bis 298, 401 bis 424, 427 bis 433, 483 bis 485, 488 bis 490, 500, 501, 505, 600 bis 609, 634 bis 648, 650 bis 657, 659 bis 661, 665 bis 672, 1529 bis 1532, 1728 bis 1733 und 3055 nicht berechnungsfähig.",true,2026-09-15,manual_verification:coverage_sprint_batch3
excl_b3_435_637,435,637,one_way,GOÄ Anmerkung zu Nummer 435,"Neben der Leistung nach Nummer 435 sind für die Dauer der stationären intensivmedizinischen Überwachung und Behandlung Leistungen nach den Abschnitten C III und M sowie die Leistungen nach den Nummern 1 bis 56, 61 bis 96, 200 bis 211, 247, 250 bis 268, 270 bis 286a, 288 bis 298, 401 bis 424, 427 bis 433, 483 bis 485, 488 bis 490, 500, 501, 505, 600 bis 609, 634 bis 648, 650 bis 657, 659 bis 661, 665 bis 672, 1529 bis 1532, 1728 bis 1733 und 3055 nicht berechnungsfähig.",true,2026-09-15,manual_verification:coverage_sprint_batch3
excl_b3_435_638,435,638,one_way,GOÄ Anmerkung zu Nummer 435,"Neben der Leistung nach Nummer 435 sind für die Dauer der stationären intensivmedizinischen Überwachung und Behandlung Leistungen nach den Abschnitten C III und M sowie die Leistungen nach den Nummern 1 bis 56, 61 bis 96, 200 bis 211, 247, 250 bis 268, 270 bis 286a, 288 bis 298, 401 bis 424, 427 bis 433, 483 bis 485, 488 bis 490, 500, 501, 505, 600 bis 609, 634 bis 648, 650 bis 657, 659 bis 661, 665 bis 672, 1529 bis 1532, 1728 bis 1733 und 3055 nicht berechnungsfähig.",true,2026-09-15,manual_verification:coverage_sprint_batch3
excl_b3_435_639,435,639,one_way,GOÄ Anmerkung zu Nummer 435,"Neben der Leistung nach Nummer 435 sind für die Dauer der stationären intensivmedizinischen Überwachung und Behandlung Leistungen nach den Abschnitten C III und M sowie die Leistungen nach den Nummern 1 bis 56, 61 bis 96, 200 bis 211, 247, 250 bis 268, 270 bis 286a, 288 bis 298, 401 bis 424, 427 bis 433, 483 bis 485, 488 bis 490, 500, 501, 505, 600 bis 609, 634 bis 648, 650 bis 657, 659 bis 661, 665 bis 672, 1529 bis 1532, 1728 bis 1733 und 3055 nicht berechnungsfähig.",true,2026-09-15,manual_verification:coverage_sprint_batch3
excl_b3_435_640,435,640,one_way,GOÄ Anmerkung zu Nummer 435,"Neben der Leistung nach Nummer 435 sind für die Dauer der stationären intensivmedizinischen Überwachung und Behandlung Leistungen nach den Abschnitten C III und M sowie die Leistungen nach den Nummern 1 bis 56, 61 bis 96, 200 bis 211, 247, 250 bis 268, 270 bis 286a, 288 bis 298, 401 bis 424, 427 bis 433, 483 bis 485, 488 bis 490, 500, 501, 505, 600 bis 609, 634 bis 648, 650 bis 657, 659 bis 661, 665 bis 672, 1529 bis 1532, 1728 bis 1733 und 3055 nicht berechnungsfähig.",true,2026-09-15,manual_verification:coverage_sprint_batch3
excl_b3_435_641,435,641,one_way,GOÄ Anmerkung zu Nummer 435,"Neben der Leistung nach Nummer 435 sind für die Dauer der stationären intensivmedizinischen Überwachung und Behandlung Leistungen nach den Abschnitten C III und M sowie die Leistungen nach den Nummern 1 bis 56, 61 bis 96, 200 bis 211, 247, 250 bis 268, 270 bis 286a, 288 bis 298, 401 bis 424, 427 bis 433, 483 bis 485, 488 bis 490, 500, 501, 505, 600 bis 609, 634 bis 648, 650 bis 657, 659 bis 661, 665 bis 672, 1529 bis 1532, 1728 bis 1733 und 3055 nicht berechnungsfähig.",true,2026-09-15,manual_verification:coverage_sprint_batch3
excl_b3_435_642,435,642,one_way,GOÄ Anmerkung zu Nummer 435,"Neben der Leistung nach Nummer 435 sind für die Dauer der stationären intensivmedizinischen Überwachung und Behandlung Leistungen nach den Abschnitten C III und M sowie die Leistungen nach den Nummern 1 bis 56, 61 bis 96, 200 bis 211, 247, 250 bis 268, 270 bis 286a, 288 bis 298, 401 bis 424, 427 bis 433, 483 bis 485, 488 bis 490, 500, 501, 505, 600 bis 609, 634 bis 648, 650 bis 657, 659 bis 661, 665 bis 672, 1529 bis 1532, 1728 bis 1733 und 3055 nicht berechnungsfähig.",true,2026-09-15,manual_verification:coverage_sprint_batch3
excl_b3_435_643,435,643,one_way,GOÄ Anmerkung zu Nummer 435,"Neben der Leistung nach Nummer 435 sind für die Dauer der stationären intensivmedizinischen Überwachung und Behandlung Leistungen nach den Abschnitten C III und M sowie die Leistungen nach den Nummern 1 bis 56, 61 bis 96, 200 bis 211, 247, 250 bis 268, 270 bis 286a, 288 bis 298, 401 bis 424, 427 bis 433, 483 bis 485, 488 bis 490, 500, 501, 505, 600 bis 609, 634 bis 648, 650 bis 657, 659 bis 661, 665 bis 672, 1529 bis 1532, 1728 bis 1733 und 3055 nicht berechnungsfähig.",true,2026-09-15,manual_verification:coverage_sprint_batch3
excl_b3_435_644,435,644,one_way,GOÄ Anmerkung zu Nummer 435,"Neben der Leistung nach Nummer 435 sind für die Dauer der stationären intensivmedizinischen Überwachung und Behandlung Leistungen nach den Abschnitten C III und M sowie die Leistungen nach den Nummern 1 bis 56, 61 bis 96, 200 bis 211, 247, 250 bis 268, 270 bis 286a, 288 bis 298, 401 bis 424, 427 bis 433, 483 bis 485, 488 bis 490, 500, 501, 505, 600 bis 609, 634 bis 648, 650 bis 657, 659 bis 661, 665 bis 672, 1529 bis 1532, 1728 bis 1733 und 3055 nicht berechnungsfähig.",true,2026-09-15,manual_verification:coverage_sprint_batch3
excl_b3_435_645,435,645,one_way,GOÄ Anmerkung zu Nummer 435,"Neben der Leistung nach Nummer 435 sind für die Dauer der stationären intensivmedizinischen Überwachung und Behandlung Leistungen nach den Abschnitten C III und M sowie die Leistungen nach den Nummern 1 bis 56, 61 bis 96, 200 bis 211, 247, 250 bis 268, 270 bis 286a, 288 bis 298, 401 bis 424, 427 bis 433, 483 bis 485, 488 bis 490, 500, 501, 505, 600 bis 609, 634 bis 648, 650 bis 657, 659 bis 661, 665 bis 672, 1529 bis 1532, 1728 bis 1733 und 3055 nicht berechnungsfähig.",true,2026-09-15,manual_verification:coverage_sprint_batch3
excl_b3_435_646,435,646,one_way,GOÄ Anmerkung zu Nummer 435,"Neben der Leistung nach Nummer 435 sind für die Dauer der stationären intensivmedizinischen Überwachung und Behandlung Leistungen nach den Abschnitten C III und M sowie die Leistungen nach den Nummern 1 bis 56, 61 bis 96, 200 bis 211, 247, 250 bis 268, 270 bis 286a, 288 bis 298, 401 bis 424, 427 bis 433, 483 bis 485, 488 bis 490, 500, 501, 505, 600 bis 609, 634 bis 648, 650 bis 657, 659 bis 661, 665 bis 672, 1529 bis 1532, 1728 bis 1733 und 3055 nicht berechnungsfähig.",true,2026-09-15,manual_verification:coverage_sprint_batch3
excl_b3_435_647,435,647,one_way,GOÄ Anmerkung zu Nummer 435,"Neben der Leistung nach Nummer 435 sind für die Dauer der stationären intensivmedizinischen Überwachung und Behandlung Leistungen nach den Abschnitten C III und M sowie die Leistungen nach den Nummern 1 bis 56, 61 bis 96, 200 bis 211, 247, 250 bis 268, 270 bis 286a, 288 bis 298, 401 bis 424, 427 bis 433, 483 bis 485, 488 bis 490, 500, 501, 505, 600 bis 609, 634 bis 648, 650 bis 657, 659 bis 661, 665 bis 672, 1529 bis 1532, 1728 bis 1733 und 3055 nicht berechnungsfähig.",true,2026-09-15,manual_verification:coverage_sprint_batch3
excl_b3_435_648,435,648,one_way,GOÄ Anmerkung zu Nummer 435,"Neben der Leistung nach Nummer 435 sind für die Dauer der stationären intensivmedizinischen Überwachung und Behandlung Leistungen nach den Abschnitten C III und M sowie die Leistungen nach den Nummern 1 bis 56, 61 bis 96, 200 bis 211, 247, 250 bis 268, 270 bis 286a, 288 bis 298, 401 bis 424, 427 bis 433, 483 bis 485, 488 bis 490, 500, 501, 505, 600 bis 609, 634 bis 648, 650 bis 657, 659 bis 661, 665 bis 672, 1529 bis 1532, 1728 bis 1733 und 3055 nicht berechnungsfähig.",true,2026-09-15,manual_verification:coverage_sprint_batch3
excl_b3_435_650,435,650,one_way,GOÄ Anmerkung zu Nummer 435,"Neben der Leistung nach Nummer 435 sind für die Dauer der stationären intensivmedizinischen Überwachung und Behandlung Leistungen nach den Abschnitten C III und M sowie die Leistungen nach den Nummern 1 bis 56, 61 bis 96, 200 bis 211, 247, 250 bis 268, 270 bis 286a, 288 bis 298, 401 bis 424, 427 bis 433, 483 bis 485, 488 bis 490, 500, 501, 505, 600 bis 609, 634 bis 648, 650 bis 657, 659 bis 661, 665 bis 672, 1529 bis 1532, 1728 bis 1733 und 3055 nicht berechnungsfähig.",true,2026-09-15,manual_verification:coverage_sprint_batch3
excl_b3_435_651,435,651,one_way,GOÄ Anmerkung zu Nummer 435,"Neben der Leistung nach Nummer 435 sind für die Dauer der stationären intensivmedizinischen Überwachung und Behandlung Leistungen nach den Abschnitten C III und M sowie die Leistungen nach den Nummern 1 bis 56, 61 bis 96, 200 bis 211, 247, 250 bis 268, 270 bis 286a, 288 bis 298, 401 bis 424, 427 bis 433, 483 bis 485, 488 bis 490, 500, 501, 505, 600 bis 609, 634 bis 648, 650 bis 657, 659 bis 661, 665 bis 672, 1529 bis 1532, 1728 bis 1733 und 3055 nicht berechnungsfähig.",true,2026-09-15,manual_verification:coverage_sprint_batch3
excl_b3_435_652,435,652,one_way,GOÄ Anmerkung zu Nummer 435,"Neben der Leistung nach Nummer 435 sind für die Dauer der stationären intensivmedizinischen Überwachung und Behandlung Leistungen nach den Abschnitten C III und M sowie die Leistungen nach den Nummern 1 bis 56, 61 bis 96, 200 bis 211, 247, 250 bis 268, 270 bis 286a, 288 bis 298, 401 bis 424, 427 bis 433, 483 bis 485, 488 bis 490, 500, 501, 505, 600 bis 609, 634 bis 648, 650 bis 657, 659 bis 661, 665 bis 672, 1529 bis 1532, 1728 bis 1733 und 3055 nicht berechnungsfähig.",true,2026-09-15,manual_verification:coverage_sprint_batch3
excl_b3_435_653,435,653,one_way,GOÄ Anmerkung zu Nummer 435,"Neben der Leistung nach Nummer 435 sind für die Dauer der stationären intensivmedizinischen Überwachung und Behandlung Leistungen nach den Abschnitten C III und M sowie die Leistungen nach den Nummern 1 bis 56, 61 bis 96, 200 bis 211, 247, 250 bis 268, 270 bis 286a, 288 bis 298, 401 bis 424, 427 bis 433, 483 bis 485, 488 bis 490, 500, 501, 505, 600 bis 609, 634 bis 648, 650 bis 657, 659 bis 661, 665 bis 672, 1529 bis 1532, 1728 bis 1733 und 3055 nicht berechnungsfähig.",true,2026-09-15,manual_verification:coverage_sprint_batch3
excl_b3_435_654,435,654,one_way,GOÄ Anmerkung zu Nummer 435,"Neben der Leistung nach Nummer 435 sind für die Dauer der stationären intensivmedizinischen Überwachung und Behandlung Leistungen nach den Abschnitten C III und M sowie die Leistungen nach den Nummern 1 bis 56, 61 bis 96, 200 bis 211, 247, 250 bis 268, 270 bis 286a, 288 bis 298, 401 bis 424, 427 bis 433, 483 bis 485, 488 bis 490, 500, 501, 505, 600 bis 609, 634 bis 648, 650 bis 657, 659 bis 661, 665 bis 672, 1529 bis 1532, 1728 bis 1733 und 3055 nicht berechnungsfähig.",true,2026-09-15,manual_verification:coverage_sprint_batch3
excl_b3_435_655,435,655,one_way,GOÄ Anmerkung zu Nummer 435,"Neben der Leistung nach Nummer 435 sind für die Dauer der stationären intensivmedizinischen Überwachung und Behandlung Leistungen nach den Abschnitten C III und M sowie die Leistungen nach den Nummern 1 bis 56, 61 bis 96, 200 bis 211, 247, 250 bis 268, 270 bis 286a, 288 bis 298, 401 bis 424, 427 bis 433, 483 bis 485, 488 bis 490, 500, 501, 505, 600 bis 609, 634 bis 648, 650 bis 657, 659 bis 661, 665 bis 672, 1529 bis 1532, 1728 bis 1733 und 3055 nicht berechnungsfähig.",true,2026-09-15,manual_verification:coverage_sprint_batch3
excl_b3_435_656,435,656,one_way,GOÄ Anmerkung zu Nummer 435,"Neben der Leistung nach Nummer 435 sind für die Dauer der stationären intensivmedizinischen Überwachung und Behandlung Leistungen nach den Abschnitten C III und M sowie die Leistungen nach den Nummern 1 bis 56, 61 bis 96, 200 bis 211, 247, 250 bis 268, 270 bis 286a, 288 bis 298, 401 bis 424, 427 bis 433, 483 bis 485, 488 bis 490, 500, 501, 505, 600 bis 609, 634 bis 648, 650 bis 657, 659 bis 661, 665 bis 672, 1529 bis 1532, 1728 bis 1733 und 3055 nicht berechnungsfähig.",true,2026-09-15,manual_verification:coverage_sprint_batch3
excl_b3_435_657,435,657,one_way,GOÄ Anmerkung zu Nummer 435,"Neben der Leistung nach Nummer 435 sind für die Dauer der stationären intensivmedizinischen Überwachung und Behandlung Leistungen nach den Abschnitten C III und M sowie die Leistungen nach den Nummern 1 bis 56, 61 bis 96, 200 bis 211, 247, 250 bis 268, 270 bis 286a, 288 bis 298, 401 bis 424, 427 bis 433, 483 bis 485, 488 bis 490, 500, 501, 505, 600 bis 609, 634 bis 648, 650 bis 657, 659 bis 661, 665 bis 672, 1529 bis 1532, 1728 bis 1733 und 3055 nicht berechnungsfähig.",true,2026-09-15,manual_verification:coverage_sprint_batch3
excl_b3_435_659,435,659,one_way,GOÄ Anmerkung zu Nummer 435,"Neben der Leistung nach Nummer 435 sind für die Dauer der stationären intensivmedizinischen Überwachung und Behandlung Leistungen nach den Abschnitten C III und M sowie die Leistungen nach den Nummern 1 bis 56, 61 bis 96, 200 bis 211, 247, 250 bis 268, 270 bis 286a, 288 bis 298, 401 bis 424, 427 bis 433, 483 bis 485, 488 bis 490, 500, 501, 505, 600 bis 609, 634 bis 648, 650 bis 657, 659 bis 661, 665 bis 672, 1529 bis 1532, 1728 bis 1733 und 3055 nicht berechnungsfähig.",true,2026-09-15,manual_verification:coverage_sprint_batch3
excl_b3_435_660,435,660,one_way,GOÄ Anmerkung zu Nummer 435,"Neben der Leistung nach Nummer 435 sind für die Dauer der stationären intensivmedizinischen Überwachung und Behandlung Leistungen nach den Abschnitten C III und M sowie die Leistungen nach den Nummern 1 bis 56, 61 bis 96, 200 bis 211, 247, 250 bis 268, 270 bis 286a, 288 bis 298, 401 bis 424, 427 bis 433, 483 bis 485, 488 bis 490, 500, 501, 505, 600 bis 609, 634 bis 648, 650 bis 657, 659 bis 661, 665 bis 672, 1529 bis 1532, 1728 bis 1733 und 3055 nicht berechnungsfähig.",true,2026-09-15,manual_verification:coverage_sprint_batch3
excl_b3_435_661,435,661,one_way,GOÄ Anmerkung zu Nummer 435,"Neben der Leistung nach Nummer 435 sind für die Dauer der stationären intensivmedizinischen Überwachung und Behandlung Leistungen nach den Abschnitten C III und M sowie die Leistungen nach den Nummern 1 bis 56, 61 bis 96, 200 bis 211, 247, 250 bis 268, 270 bis 286a, 288 bis 298, 401 bis 424, 427 bis 433, 483 bis 485, 488 bis 490, 500, 501, 505, 600 bis 609, 634 bis 648, 650 bis 657, 659 bis 661, 665 bis 672, 1529 bis 1532, 1728 bis 1733 und 3055 nicht berechnungsfähig.",true,2026-09-15,manual_verification:coverage_sprint_batch3
excl_b3_435_665,435,665,one_way,GOÄ Anmerkung zu Nummer 435,"Neben der Leistung nach Nummer 435 sind für die Dauer der stationären intensivmedizinischen Überwachung und Behandlung Leistungen nach den Abschnitten C III und M sowie die Leistungen nach den Nummern 1 bis 56, 61 bis 96, 200 bis 211, 247, 250 bis 268, 270 bis 286a, 288 bis 298, 401 bis 424, 427 bis 433, 483 bis 485, 488 bis 490, 500, 501, 505, 600 bis 609, 634 bis 648, 650 bis 657, 659 bis 661, 665 bis 672, 1529 bis 1532, 1728 bis 1733 und 3055 nicht berechnungsfähig.",true,2026-09-15,manual_verification:coverage_sprint_batch3
excl_b3_435_666,435,666,one_way,GOÄ Anmerkung zu Nummer 435,"Neben der Leistung nach Nummer 435 sind für die Dauer der stationären intensivmedizinischen Überwachung und Behandlung Leistungen nach den Abschnitten C III und M sowie die Leistungen nach den Nummern 1 bis 56, 61 bis 96, 200 bis 211, 247, 250 bis 268, 270 bis 286a, 288 bis 298, 401 bis 424, 427 bis 433, 483 bis 485, 488 bis 490, 500, 501, 505, 600 bis 609, 634 bis 648, 650 bis 657, 659 bis 661, 665 bis 672, 1529 bis 1532, 1728 bis 1733 und 3055 nicht berechnungsfähig.",true,2026-09-15,manual_verification:coverage_sprint_batch3
excl_b3_435_669,435,669,one_way,GOÄ Anmerkung zu Nummer 435,"Neben der Leistung nach Nummer 435 sind für die Dauer der stationären intensivmedizinischen Überwachung und Behandlung Leistungen nach den Abschnitten C III und M sowie die Leistungen nach den Nummern 1 bis 56, 61 bis 96, 200 bis 211, 247, 250 bis 268, 270 bis 286a, 288 bis 298, 401 bis 424, 427 bis 433, 483 bis 485, 488 bis 490, 500, 501, 505, 600 bis 609, 634 bis 648, 650 bis 657, 659 bis 661, 665 bis 672, 1529 bis 1532, 1728 bis 1733 und 3055 nicht berechnungsfähig.",true,2026-09-15,manual_verification:coverage_sprint_batch3
excl_b3_435_670,435,670,one_way,GOÄ Anmerkung zu Nummer 435,"Neben der Leistung nach Nummer 435 sind für die Dauer der stationären intensivmedizinischen Überwachung und Behandlung Leistungen nach den Abschnitten C III und M sowie die Leistungen nach den Nummern 1 bis 56, 61 bis 96, 200 bis 211, 247, 250 bis 268, 270 bis 286a, 288 bis 298, 401 bis 424, 427 bis 433, 483 bis 485, 488 bis 490, 500, 501, 505, 600 bis 609, 634 bis 648, 650 bis 657, 659 bis 661, 665 bis 672, 1529 bis 1532, 1728 bis 1733 und 3055 nicht berechnungsfähig.",true,2026-09-15,manual_verification:coverage_sprint_batch3
excl_b3_435_671,435,671,one_way,GOÄ Anmerkung zu Nummer 435,"Neben der Leistung nach Nummer 435 sind für die Dauer der stationären intensivmedizinischen Überwachung und Behandlung Leistungen nach den Abschnitten C III und M sowie die Leistungen nach den Nummern 1 bis 56, 61 bis 96, 200 bis 211, 247, 250 bis 268, 270 bis 286a, 288 bis 298, 401 bis 424, 427 bis 433, 483 bis 485, 488 bis 490, 500, 501, 505, 600 bis 609, 634 bis 648, 650 bis 657, 659 bis 661, 665 bis 672, 1529 bis 1532, 1728 bis 1733 und 3055 nicht berechnungsfähig.",true,2026-09-15,manual_verification:coverage_sprint_batch3
excl_b3_435_672,435,672,one_way,GOÄ Anmerkung zu Nummer 435,"Neben der Leistung nach Nummer 435 sind für die Dauer der stationären intensivmedizinischen Überwachung und Behandlung Leistungen nach den Abschnitten C III und M sowie die Leistungen nach den Nummern 1 bis 56, 61 bis 96, 200 bis 211, 247, 250 bis 268, 270 bis 286a, 288 bis 298, 401 bis 424, 427 bis 433, 483 bis 485, 488 bis 490, 500, 501, 505, 600 bis 609, 634 bis 648, 650 bis 657, 659 bis 661, 665 bis 672, 1529 bis 1532, 1728 bis 1733 und 3055 nicht berechnungsfähig.",true,2026-09-15,manual_verification:coverage_sprint_batch3
excl_b3_435_1529,435,1529,one_way,GOÄ Anmerkung zu Nummer 435,"Neben der Leistung nach Nummer 435 sind für die Dauer der stationären intensivmedizinischen Überwachung und Behandlung Leistungen nach den Abschnitten C III und M sowie die Leistungen nach den Nummern 1 bis 56, 61 bis 96, 200 bis 211, 247, 250 bis 268, 270 bis 286a, 288 bis 298, 401 bis 424, 427 bis 433, 483 bis 485, 488 bis 490, 500, 501, 505, 600 bis 609, 634 bis 648, 650 bis 657, 659 bis 661, 665 bis 672, 1529 bis 1532, 1728 bis 1733 und 3055 nicht berechnungsfähig.",true,2026-09-15,manual_verification:coverage_sprint_batch3
excl_b3_435_1530,435,1530,one_way,GOÄ Anmerkung zu Nummer 435,"Neben der Leistung nach Nummer 435 sind für die Dauer der stationären intensivmedizinischen Überwachung und Behandlung Leistungen nach den Abschnitten C III und M sowie die Leistungen nach den Nummern 1 bis 56, 61 bis 96, 200 bis 211, 247, 250 bis 268, 270 bis 286a, 288 bis 298, 401 bis 424, 427 bis 433, 483 bis 485, 488 bis 490, 500, 501, 505, 600 bis 609, 634 bis 648, 650 bis 657, 659 bis 661, 665 bis 672, 1529 bis 1532, 1728 bis 1733 und 3055 nicht berechnungsfähig.",true,2026-09-15,manual_verification:coverage_sprint_batch3
excl_b3_435_1532,435,1532,one_way,GOÄ Anmerkung zu Nummer 435,"Neben der Leistung nach Nummer 435 sind für die Dauer der stationären intensivmedizinischen Überwachung und Behandlung Leistungen nach den Abschnitten C III und M sowie die Leistungen nach den Nummern 1 bis 56, 61 bis 96, 200 bis 211, 247, 250 bis 268, 270 bis 286a, 288 bis 298, 401 bis 424, 427 bis 433, 483 bis 485, 488 bis 490, 500, 501, 505, 600 bis 609, 634 bis 648, 650 bis 657, 659 bis 661, 665 bis 672, 1529 bis 1532, 1728 bis 1733 und 3055 nicht berechnungsfähig.",true,2026-09-15,manual_verification:coverage_sprint_batch3
excl_b3_435_1728,435,1728,one_way,GOÄ Anmerkung zu Nummer 435,"Neben der Leistung nach Nummer 435 sind für die Dauer der stationären intensivmedizinischen Überwachung und Behandlung Leistungen nach den Abschnitten C III und M sowie die Leistungen nach den Nummern 1 bis 56, 61 bis 96, 200 bis 211, 247, 250 bis 268, 270 bis 286a, 288 bis 298, 401 bis 424, 427 bis 433, 483 bis 485, 488 bis 490, 500, 501, 505, 600 bis 609, 634 bis 648, 650 bis 657, 659 bis 661, 665 bis 672, 1529 bis 1532, 1728 bis 1733 und 3055 nicht berechnungsfähig.",true,2026-09-15,manual_verification:coverage_sprint_batch3
excl_b3_435_1729,435,1729,one_way,GOÄ Anmerkung zu Nummer 435,"Neben der Leistung nach Nummer 435 sind für die Dauer der stationären intensivmedizinischen Überwachung und Behandlung Leistungen nach den Abschnitten C III und M sowie die Leistungen nach den Nummern 1 bis 56, 61 bis 96, 200 bis 211, 247, 250 bis 268, 270 bis 286a, 288 bis 298, 401 bis 424, 427 bis 433, 483 bis 485, 488 bis 490, 500, 501, 505, 600 bis 609, 634 bis 648, 650 bis 657, 659 bis 661, 665 bis 672, 1529 bis 1532, 1728 bis 1733 und 3055 nicht berechnungsfähig.",true,2026-09-15,manual_verification:coverage_sprint_batch3
excl_b3_435_1730,435,1730,one_way,GOÄ Anmerkung zu Nummer 435,"Neben der Leistung nach Nummer 435 sind für die Dauer der stationären intensivmedizinischen Überwachung und Behandlung Leistungen nach den Abschnitten C III und M sowie die Leistungen nach den Nummern 1 bis 56, 61 bis 96, 200 bis 211, 247, 250 bis 268, 270 bis 286a, 288 bis 298, 401 bis 424, 427 bis 433, 483 bis 485, 488 bis 490, 500, 501, 505, 600 bis 609, 634 bis 648, 650 bis 657, 659 bis 661, 665 bis 672, 1529 bis 1532, 1728 bis 1733 und 3055 nicht berechnungsfähig.",true,2026-09-15,manual_verification:coverage_sprint_batch3
excl_b3_435_1731,435,1731,one_way,GOÄ Anmerkung zu Nummer 435,"Neben der Leistung nach Nummer 435 sind für die Dauer der stationären intensivmedizinischen Überwachung und Behandlung Leistungen nach den Abschnitten C III und M sowie die Leistungen nach den Nummern 1 bis 56, 61 bis 96, 200 bis 211, 247, 250 bis 268, 270 bis 286a, 288 bis 298, 401 bis 424, 427 bis 433, 483 bis 485, 488 bis 490, 500, 501, 505, 600 bis 609, 634 bis 648, 650 bis 657, 659 bis 661, 665 bis 672, 1529 bis 1532, 1728 bis 1733 und 3055 nicht berechnungsfähig.",true,2026-09-15,manual_verification:coverage_sprint_batch3
excl_b3_435_1732,435,1732,one_way,GOÄ Anmerkung zu Nummer 435,"Neben der Leistung nach Nummer 435 sind für die Dauer der stationären intensivmedizinischen Überwachung und Behandlung Leistungen nach den Abschnitten C III und M sowie die Leistungen nach den Nummern 1 bis 56, 61 bis 96, 200 bis 211, 247, 250 bis 268, 270 bis 286a, 288 bis 298, 401 bis 424, 427 bis 433, 483 bis 485, 488 bis 490, 500, 501, 505, 600 bis 609, 634 bis 648, 650 bis 657, 659 bis 661, 665 bis 672, 1529 bis 1532, 1728 bis 1733 und 3055 nicht berechnungsfähig.",true,2026-09-15,manual_verification:coverage_sprint_batch3
excl_b3_435_1733,435,1733,one_way,GOÄ Anmerkung zu Nummer 435,"Neben der Leistung nach Nummer 435 sind für die Dauer der stationären intensivmedizinischen Überwachung und Behandlung Leistungen nach den Abschnitten C III und M sowie die Leistungen nach den Nummern 1 bis 56, 61 bis 96, 200 bis 211, 247, 250 bis 268, 270 bis 286a, 288 bis 298, 401 bis 424, 427 bis 433, 483 bis 485, 488 bis 490, 500, 501, 505, 600 bis 609, 634 bis 648, 650 bis 657, 659 bis 661, 665 bis 672, 1529 bis 1532, 1728 bis 1733 und 3055 nicht berechnungsfähig.",true,2026-09-15,manual_verification:coverage_sprint_batch3
excl_b3_435_3055,435,3055,one_way,GOÄ Anmerkung zu Nummer 435,"Neben der Leistung nach Nummer 435 sind für die Dauer der stationären intensivmedizinischen Überwachung und Behandlung Leistungen nach den Abschnitten C III und M sowie die Leistungen nach den Nummern 1 bis 56, 61 bis 96, 200 bis 211, 247, 250 bis 268, 270 bis 286a, 288 bis 298, 401 bis 424, 427 bis 433, 483 bis 485, 488 bis 490, 500, 501, 505, 600 bis 609, 634 bis 648, 650 bis 657, 659 bis 661, 665 bis 672, 1529 bis 1532, 1728 bis 1733 und 3055 nicht berechnungsfähig.",true,2026-09-15,manual_verification:coverage_sprint_batch3
