rule_id,from_ziffer,to_ziffer,direction,legal_basis,quote,verified,verified_at,source,parser_verdict,parser_reason,parser_provision
excl_auto_30_4,30,4,one_way,GOÄ Anmerkung zu Nummer 4,"Die Leistung nach Nummer 4 ist neben den Leistungen nach den Nummern 30, 34, 801, 806, 807, 816, 817 und/oder 835 nicht berechnungsfähig.",true,2026-08-29,deterministic_parser:auto_extracted:ist_neben,CONFIRMED,form_A,"Die Leistung nach Nummer 4 ist neben den Leistungen nach den Nummern 30, 34, 801, 806, 807, 816, 817 und/oder 835 nicht berechnungsfähig."
excl_auto_34_4,34,4,one_way,GOÄ Anmerkung zu Nummer 4,"Die Leistung nach Nummer 4 ist neben den Leistungen nach den Nummern 30, 34, 801, 806, 807, 816, 817 und/oder 835 nicht berechnungsfähig.",true,2026-08-29,deterministic_parser:auto_extracted:ist_neben,CONFIRMED,form_A,"Die Leistung nach Nummer 4 ist neben den Leistungen nach den Nummern 30, 34, 801, 806, 807, 816, 817 und/oder 835 nicht berechnungsfähig."
excl_auto_801_4,801,4,one_way,GOÄ Anmerkung zu Nummer 4,"Die Leistung nach Nummer 4 ist neben den Leistungen nach den Nummern 30, 34, 801, 806, 807, 816, 817 und/oder 835 nicht berechnungsfähig.",true,2026-08-29,deterministic_parser:auto_extracted:ist_neben,CONFIRMED,form_A,"Die Leistung nach Nummer 4 ist neben den Leistungen nach den Nummern 30, 34, 801, 806, 807, 816, 817 und/oder 835 nicht berechnungsfähig."
excl_auto_806_4,806,4,one_way,GOÄ Anmerkung zu Nummer 4,"Die Leistung nach Nummer 4 ist neben den Leistungen nach den Nummern 30, 34, 801, 806, 807, 816, 817 und/oder 835 nicht berechnungsfähig.",true,2026-08-29,deterministic_parser:auto_extracted:ist_neben,CONFIRMED,form_A,"Die Leistung nach Nummer 4 ist neben den Leistungen nach den Nummern 30, 34, 801, 806, 807, 816, 817 und/oder 835 nicht berechnungsfähig."
excl_auto_807_4,807,4,one_way,GOÄ Anmerkung zu Nummer 4,"Die Leistung nach Nummer 4 ist neben den Leistungen nach den Nummern 30, 34, 801, 806, 807, 816, 817 und/oder 835 nicht berechnungsfähig.",true,2026-08-29,deterministic_parser:auto_extracted:ist_neben,CONFIRMED,form_A,"Die Leistung nach Nummer 4 ist neben den Leistungen nach den Nummern 30, 34, 801, 806, 807, 816, 817 und/oder 835 nicht berechnungsfähig."
excl_auto_816_4,816,4,one_way,GOÄ Anmerkung zu Nummer 4,"Die Leistung nach Nummer 4 ist neben den Leistungen nach den Nummern 30, 34, 801, 806, 807, 816, 817 und/oder 835 nicht berechnungsfähig.",true,2026-08-29,deterministic_parser:auto_extracted:ist_neben,CONFIRMED,form_A,"Die Leistung nach Nummer 4 ist neben den Leistungen nach den Nummern 30, 34, 801, 806, 807, 816, 817 und/oder 835 nicht berechnungsfähig."
excl_auto_817_4,817,4,one_way,GOÄ Anmerkung zu Nummer 4,"Die Leistung nach Nummer 4 ist neben den Leistungen nach den Nummern 30, 34, 801, 806, 807, 816, 817 und/oder 835 nicht berechnungsfähig.",true,2026-08-29,deterministic_parser:auto_extracted:ist_neben,CONFIRMED,form_A,"Die Leistung nach Nummer 4 ist neben den Leistungen nach den Nummern 30, 34, 801, 806, 807, 816, 817 und/oder 835 nicht berechnungsfähig."
excl_auto_835_4,835,4,one_way,GOÄ Anmerkung zu Nummer 4,"Die Leistung nach Nummer 4 ist neben den Leistungen nach den Nummern 30, 34, 801, 806, 807, 816, 817 und/oder 835 nicht berechnungsfähig.",true,2026-08-29,deterministic_parser:auto_extracted:ist_neben,CONFIRMED,form_A,"Die Leistung nach Nummer 4 ist neben den Leistungen nach den Nummern 30, 34, 801, 806, 807, 816, 817 und/oder 835 nicht berechnungsfähig."
excl_auto_6_5,6,5,mutual,GOÄ Anmerkung zu Nummer 5,Die Leistung nach Nummer 5 ist neben den Leistungen nach den Nummern 6 bis 8 nicht berechnungsfähig.,true,2026-08-29,deterministic_parser:auto_extracted:ist_neben:range[6-8(3)],CONFIRMED,form_A,Die Leistung nach Nummer 5 ist neben den Leistungen nach den Nummern 6 bis 8 nicht berechnungsfähig.
excl_auto_7_5,7,5,mutual,GOÄ Anmerkung zu Nummer 5,Die Leistung nach Nummer 5 ist neben den Leistungen nach den Nummern 6 bis 8 nicht berechnungsfähig.,true,2026-08-29,deterministic_parser:auto_extracted:ist_neben:range[6-8(3)],CONFIRMED,form_A,Die Leistung nach Nummer 5 ist neben den Leistungen nach den Nummern 6 bis 8 nicht berechnungsfähig.
excl_auto_8_5,8,5,mutual,GOÄ Anmerkung zu Nummer 5,Die Leistung nach Nummer 5 ist neben den Leistungen nach den Nummern 6 bis 8 nicht berechnungsfähig.,true,2026-08-29,deterministic_parser:auto_extracted:ist_neben:range[6-8(3)],CONFIRMED,form_A,Die Leistung nach Nummer 5 ist neben den Leistungen nach den Nummern 6 bis 8 nicht berechnungsfähig.
excl_auto_5_6,5,6,mutual,GOÄ Anmerkung zu Nummer 6,"Die Leistung nach Nummer 6 ist neben den Leistungen nach den Nummern 5, 7 und/oder 8 nicht berechnungsfähig.",true,2026-08-29,deterministic_parser:auto_extracted:ist_neben,CONFIRMED,form_A,"Die Leistung nach Nummer 6 ist neben den Leistungen nach den Nummern 5, 7 und/oder 8 nicht berechnungsfähig."
excl_auto_7_6,7,6,mutual,GOÄ Anmerkung zu Nummer 6,"Die Leistung nach Nummer 6 ist neben den Leistungen nach den Nummern 5, 7 und/oder 8 nicht berechnungsfähig.",true,2026-08-29,deterministic_parser:auto_extracted:ist_neben,CONFIRMED,form_A,"Die Leistung nach Nummer 6 ist neben den Leistungen nach den Nummern 5, 7 und/oder 8 nicht berechnungsfähig."
excl_auto_8_6,8,6,mutual,GOÄ Anmerkung zu Nummer 6,"Die Leistung nach Nummer 6 ist neben den Leistungen nach den Nummern 5, 7 und/oder 8 nicht berechnungsfähig.",true,2026-08-29,deterministic_parser:auto_extracted:ist_neben,CONFIRMED,form_A,"Die Leistung nach Nummer 6 ist neben den Leistungen nach den Nummern 5, 7 und/oder 8 nicht berechnungsfähig."
excl_auto_5_7,5,7,mutual,GOÄ Anmerkung zu Nummer 7,"Die Leistung nach Nummer 7 ist neben den Leistungen nach den Nummern 5, 6 und/oder 8 nicht berechnungsfähig.",true,2026-08-29,deterministic_parser:auto_extracted:ist_neben,CONFIRMED,form_A,"Die Leistung nach Nummer 7 ist neben den Leistungen nach den Nummern 5, 6 und/oder 8 nicht berechnungsfähig."
excl_auto_6_7,6,7,mutual,GOÄ Anmerkung zu Nummer 7,"Die Leistung nach Nummer 7 ist neben den Leistungen nach den Nummern 5, 6 und/oder 8 nicht berechnungsfähig.",true,2026-08-29,deterministic_parser:auto_extracted:ist_neben,CONFIRMED,form_A,"Die Leistung nach Nummer 7 ist neben den Leistungen nach den Nummern 5, 6 und/oder 8 nicht berechnungsfähig."
excl_auto_8_7,8,7,mutual,GOÄ Anmerkung zu Nummer 7,"Die Leistung nach Nummer 7 ist neben den Leistungen nach den Nummern 5, 6 und/oder 8 nicht berechnungsfähig.",true,2026-08-29,deterministic_parser:auto_extracted:ist_neben,CONFIRMED,form_A,"Die Leistung nach Nummer 7 ist neben den Leistungen nach den Nummern 5, 6 und/oder 8 nicht berechnungsfähig."
excl_auto_5_8,5,8,mutual,GOÄ Anmerkung zu Nummer 8,"Die Leistung nach Nummer 8 ist neben den Leistungen nach den Nummern 5, 6, 7 und/oder 800 nicht berechnungsfähig.",true,2026-08-29,deterministic_parser:auto_extracted:ist_neben,CONFIRMED,form_A,"Die Leistung nach Nummer 8 ist neben den Leistungen nach den Nummern 5, 6, 7 und/oder 800 nicht berechnungsfähig."
excl_auto_6_8,6,8,mutual,GOÄ Anmerkung zu Nummer 8,"Die Leistung nach Nummer 8 ist neben den Leistungen nach den Nummern 5, 6, 7 und/oder 800 nicht berechnungsfähig.",true,2026-08-29,deterministic_parser:auto_extracted:ist_neben,CONFIRMED,form_A,"Die Leistung nach Nummer 8 ist neben den Leistungen nach den Nummern 5, 6, 7 und/oder 800 nicht berechnungsfähig."
excl_auto_7_8,7,8,mutual,GOÄ Anmerkung zu Nummer 8,"Die Leistung nach Nummer 8 ist neben den Leistungen nach den Nummern 5, 6, 7 und/oder 800 nicht berechnungsfähig.",true,2026-08-29,deterministic_parser:auto_extracted:ist_neben,CONFIRMED,form_A,"Die Leistung nach Nummer 8 ist neben den Leistungen nach den Nummern 5, 6, 7 und/oder 800 nicht berechnungsfähig."
excl_auto_800_8,800,8,one_way,GOÄ Anmerkung zu Nummer 8,"Die Leistung nach Nummer 8 ist neben den Leistungen nach den Nummern 5, 6, 7 und/oder 800 nicht berechnungsfähig.",true,2026-08-29,deterministic_parser:auto_extracted:ist_neben,CONFIRMED,form_A,"Die Leistung nach Nummer 8 ist neben den Leistungen nach den Nummern 5, 6, 7 und/oder 800 nicht berechnungsfähig."
excl_auto_20_847,20,847,one_way,GOÄ Anmerkung zu Nummer 20,"Neben der Leistung nach Nummer 20 sind die Leistungen nach den Nummern 847, 862, 864, 871 und/oder 887 nicht berechnungsfähig.",true,2026-08-29,deterministic_parser:auto_extracted:neben_sind,CONFIRMED,form_B,"Neben der Leistung nach Nummer 20 sind die Leistungen nach den Nummern 847, 862, 864, 871 und/oder 887 nicht berechnungsfähig."
excl_auto_20_862,20,862,one_way,GOÄ Anmerkung zu Nummer 20,"Neben der Leistung nach Nummer 20 sind die Leistungen nach den Nummern 847, 862, 864, 871 und/oder 887 nicht berechnungsfähig.",true,2026-08-29,deterministic_parser:auto_extracted:neben_sind,CONFIRMED,form_B,"Neben der Leistung nach Nummer 20 sind die Leistungen nach den Nummern 847, 862, 864, 871 und/oder 887 nicht berechnungsfähig."
excl_auto_20_864,20,864,one_way,GOÄ Anmerkung zu Nummer 20,"Neben der Leistung nach Nummer 20 sind die Leistungen nach den Nummern 847, 862, 864, 871 und/oder 887 nicht berechnungsfähig.",true,2026-08-29,deterministic_parser:auto_extracted:neben_sind,CONFIRMED,form_B,"Neben der Leistung nach Nummer 20 sind die Leistungen nach den Nummern 847, 862, 864, 871 und/oder 887 nicht berechnungsfähig."
excl_auto_20_871,20,871,one_way,GOÄ Anmerkung zu Nummer 20,"Neben der Leistung nach Nummer 20 sind die Leistungen nach den Nummern 847, 862, 864, 871 und/oder 887 nicht berechnungsfähig.",true,2026-08-29,deterministic_parser:auto_extracted:neben_sind,CONFIRMED,form_B,"Neben der Leistung nach Nummer 20 sind die Leistungen nach den Nummern 847, 862, 864, 871 und/oder 887 nicht berechnungsfähig."
excl_auto_20_887,20,887,one_way,GOÄ Anmerkung zu Nummer 20,"Neben der Leistung nach Nummer 20 sind die Leistungen nach den Nummern 847, 862, 864, 871 und/oder 887 nicht berechnungsfähig.",true,2026-08-29,deterministic_parser:auto_extracted:neben_sind,CONFIRMED,form_B,"Neben der Leistung nach Nummer 20 sind die Leistungen nach den Nummern 847, 862, 864, 871 und/oder 887 nicht berechnungsfähig."
excl_auto_21_1,21,1,one_way,GOÄ Anmerkung zu Nummer 21,"Neben der Leistung nach Nummer 21 sind die Leistungen nach den Nummern 1, 3, 4, 22 und 34 nicht berechnungsfähig.",true,2026-08-29,deterministic_parser:auto_extracted:neben_sind,CONFIRMED,form_B,"Neben der Leistung nach Nummer 21 sind die Leistungen nach den Nummern 1, 3, 4, 22 und 34 nicht berechnungsfähig."
excl_auto_21_3,21,3,one_way,GOÄ Anmerkung zu Nummer 21,"Neben der Leistung nach Nummer 21 sind die Leistungen nach den Nummern 1, 3, 4, 22 und 34 nicht berechnungsfähig.",true,2026-08-29,deterministic_parser:auto_extracted:neben_sind,CONFIRMED,form_B,"Neben der Leistung nach Nummer 21 sind die Leistungen nach den Nummern 1, 3, 4, 22 und 34 nicht berechnungsfähig."
excl_auto_21_4,21,4,one_way,GOÄ Anmerkung zu Nummer 21,"Neben der Leistung nach Nummer 21 sind die Leistungen nach den Nummern 1, 3, 4, 22 und 34 nicht berechnungsfähig.",true,2026-08-29,deterministic_parser:auto_extracted:neben_sind,CONFIRMED,form_B,"Neben der Leistung nach Nummer 21 sind die Leistungen nach den Nummern 1, 3, 4, 22 und 34 nicht berechnungsfähig."
excl_auto_21_22,21,22,mutual,GOÄ Anmerkung zu Nummer 21,"Neben der Leistung nach Nummer 21 sind die Leistungen nach den Nummern 1, 3, 4, 22 und 34 nicht berechnungsfähig.",true,2026-08-29,deterministic_parser:auto_extracted:neben_sind,CONFIRMED,form_B,"Neben der Leistung nach Nummer 21 sind die Leistungen nach den Nummern 1, 3, 4, 22 und 34 nicht berechnungsfähig."
excl_auto_21_34,21,34,one_way,GOÄ Anmerkung zu Nummer 21,"Neben der Leistung nach Nummer 21 sind die Leistungen nach den Nummern 1, 3, 4, 22 und 34 nicht berechnungsfähig.",true,2026-08-29,deterministic_parser:auto_extracted:neben_sind,CONFIRMED,form_B,"Neben der Leistung nach Nummer 21 sind die Leistungen nach den Nummern 1, 3, 4, 22 und 34 nicht berechnungsfähig."
excl_auto_22_1,22,1,one_way,GOÄ Anmerkung zu Nummer 22,"Neben der Leistung nach Nummer 22 sind die Leistungen nach Nummer 1, 3, 21 oder 34 nicht berechnungsfähig.",true,2026-08-29,deterministic_parser:auto_extracted:neben_sind,CONFIRMED,form_B,"Neben der Leistung nach Nummer 22 sind die Leistungen nach Nummer 1, 3, 21 oder 34 nicht berechnungsfähig."
excl_auto_22_3,22,3,one_way,GOÄ Anmerkung zu Nummer 22,"Neben der Leistung nach Nummer 22 sind die Leistungen nach Nummer 1, 3, 21 oder 34 nicht berechnungsfähig.",true,2026-08-29,deterministic_parser:auto_extracted:neben_sind,CONFIRMED,form_B,"Neben der Leistung nach Nummer 22 sind die Leistungen nach Nummer 1, 3, 21 oder 34 nicht berechnungsfähig."
excl_auto_22_21,22,21,mutual,GOÄ Anmerkung zu Nummer 22,"Neben der Leistung nach Nummer 22 sind die Leistungen nach Nummer 1, 3, 21 oder 34 nicht berechnungsfähig.",true,2026-08-29,deterministic_parser:auto_extracted:neben_sind,CONFIRMED,form_B,"Neben der Leistung nach Nummer 22 sind die Leistungen nach Nummer 1, 3, 21 oder 34 nicht berechnungsfähig."
excl_auto_22_34,22,34,one_way,GOÄ Anmerkung zu Nummer 22,"Neben der Leistung nach Nummer 22 sind die Leistungen nach Nummer 1, 3, 21 oder 34 nicht berechnungsfähig.",true,2026-08-29,deterministic_parser:auto_extracted:neben_sind,CONFIRMED,form_B,"Neben der Leistung nach Nummer 22 sind die Leistungen nach Nummer 1, 3, 21 oder 34 nicht berechnungsfähig."
excl_auto_23_1,23,1,one_way,GOÄ Anmerkung zu Nummer 23,"Neben der Leistung nach Nummer 23 sind die Leistungen nach den Nummern 1, 3, 5, 7 und/oder 3550 nicht berechnungsfähig.",true,2026-08-29,deterministic_parser:auto_extracted:neben_sind,CONFIRMED,form_B,"Neben der Leistung nach Nummer 23 sind die Leistungen nach den Nummern 1, 3, 5, 7 und/oder 3550 nicht berechnungsfähig."
excl_auto_23_3,23,3,one_way,GOÄ Anmerkung zu Nummer 23,"Neben der Leistung nach Nummer 23 sind die Leistungen nach den Nummern 1, 3, 5, 7 und/oder 3550 nicht berechnungsfähig.",true,2026-08-29,deterministic_parser:auto_extracted:neben_sind,CONFIRMED,form_B,"Neben der Leistung nach Nummer 23 sind die Leistungen nach den Nummern 1, 3, 5, 7 und/oder 3550 nicht berechnungsfähig."
excl_auto_23_5,23,5,one_way,GOÄ Anmerkung zu Nummer 23,"Neben der Leistung nach Nummer 23 sind die Leistungen nach den Nummern 1, 3, 5, 7 und/oder 3550 nicht berechnungsfähig.",true,2026-08-29,deterministic_parser:auto_extracted:neben_sind,CONFIRMED,form_B,"Neben der Leistung nach Nummer 23 sind die Leistungen nach den Nummern 1, 3, 5, 7 und/oder 3550 nicht berechnungsfähig."
excl_auto_23_7,23,7,one_way,GOÄ Anmerkung zu Nummer 23,"Neben der Leistung nach Nummer 23 sind die Leistungen nach den Nummern 1, 3, 5, 7 und/oder 3550 nicht berechnungsfähig.",true,2026-08-29,deterministic_parser:auto_extracted:neben_sind,CONFIRMED,form_B,"Neben der Leistung nach Nummer 23 sind die Leistungen nach den Nummern 1, 3, 5, 7 und/oder 3550 nicht berechnungsfähig."
excl_auto_23_3550,23,3550,one_way,GOÄ Anmerkung zu Nummer 23,"Neben der Leistung nach Nummer 23 sind die Leistungen nach den Nummern 1, 3, 5, 7 und/oder 3550 nicht berechnungsfähig.",true,2026-08-29,deterministic_parser:auto_extracted:neben_sind,CONFIRMED,form_B,"Neben der Leistung nach Nummer 23 sind die Leistungen nach den Nummern 1, 3, 5, 7 und/oder 3550 nicht berechnungsfähig."
excl_auto_24_1,24,1,one_way,GOÄ Anmerkung zu Nummer 24,"Neben der Leistung nach Nummer 24 sind die Leistungen nach den Nummern 1, 3, 5 und/oder 7 nicht berechnungsfähig.",true,2026-08-29,deterministic_parser:auto_extracted:neben_sind,CONFIRMED,form_B,"Neben der Leistung nach Nummer 24 sind die Leistungen nach den Nummern 1, 3, 5 und/oder 7 nicht berechnungsfähig."
excl_auto_24_3,24,3,one_way,GOÄ Anmerkung zu Nummer 24,"Neben der Leistung nach Nummer 24 sind die Leistungen nach den Nummern 1, 3, 5 und/oder 7 nicht berechnungsfähig.",true,2026-08-29,deterministic_parser:auto_extracted:neben_sind,CONFIRMED,form_B,"Neben der Leistung nach Nummer 24 sind die Leistungen nach den Nummern 1, 3, 5 und/oder 7 nicht berechnungsfähig."
excl_auto_24_5,24,5,one_way,GOÄ Anmerkung zu Nummer 24,"Neben der Leistung nach Nummer 24 sind die Leistungen nach den Nummern 1, 3, 5 und/oder 7 nicht berechnungsfähig.",true,2026-08-29,deterministic_parser:auto_extracted:neben_sind,CONFIRMED,form_B,"Neben der Leistung nach Nummer 24 sind die Leistungen nach den Nummern 1, 3, 5 und/oder 7 nicht berechnungsfähig."
excl_auto_24_7,24,7,one_way,GOÄ Anmerkung zu Nummer 24,"Neben der Leistung nach Nummer 24 sind die Leistungen nach den Nummern 1, 3, 5 und/oder 7 nicht berechnungsfähig.",true,2026-08-29,deterministic_parser:auto_extracted:neben_sind,CONFIRMED,form_B,"Neben der Leistung nach Nummer 24 sind die Leistungen nach den Nummern 1, 3, 5 und/oder 7 nicht berechnungsfähig."
excl_auto_25_1,25,1,one_way,GOÄ Anmerkung zu Nummer 25,"Neben der Leistung nach Nummer 25 sind die Leistungen nach den Nummern 1, 3, 4, 5, 6, 7 und/oder 8 nicht berechnungsfähig.",true,2026-08-29,deterministic_parser:auto_extracted:neben_sind,CONFIRMED,form_B,"Neben der Leistung nach Nummer 25 sind die Leistungen nach den Nummern 1, 3, 4, 5, 6, 7 und/oder 8 nicht berechnungsfähig."
excl_auto_25_3,25,3,one_way,GOÄ Anmerkung zu Nummer 25,"Neben der Leistung nach Nummer 25 sind die Leistungen nach den Nummern 1, 3, 4, 5, 6, 7 und/oder 8 nicht berechnungsfähig.",true,2026-08-29,deterministic_parser:auto_extracted:neben_sind,CONFIRMED,form_B,"Neben der Leistung nach Nummer 25 sind die Leistungen nach den Nummern 1, 3, 4, 5, 6, 7 und/oder 8 nicht berechnungsfähig."
excl_auto_25_4,25,4,one_way,GOÄ Anmerkung zu Nummer 25,"Neben der Leistung nach Nummer 25 sind die Leistungen nach den Nummern 1, 3, 4, 5, 6, 7 und/oder 8 nicht berechnungsfähig.",true,2026-08-29,deterministic_parser:auto_extracted:neben_sind,CONFIRMED,form_B,"Neben der Leistung nach Nummer 25 sind die Leistungen nach den Nummern 1, 3, 4, 5, 6, 7 und/oder 8 nicht berechnungsfähig."
excl_auto_25_5,25,5,one_way,GOÄ Anmerkung zu Nummer 25,"Neben der Leistung nach Nummer 25 sind die Leistungen nach den Nummern 1, 3, 4, 5, 6, 7 und/oder 8 nicht berechnungsfähig.",true,2026-08-29,deterministic_parser:auto_extracted:neben_sind,CONFIRMED,form_B,"Neben der Leistung nach Nummer 25 sind die Leistungen nach den Nummern 1, 3, 4, 5, 6, 7 und/oder 8 nicht berechnungsfähig."
excl_auto_25_6,25,6,one_way,GOÄ Anmerkung zu Nummer 25,"Neben der Leistung nach Nummer 25 sind die Leistungen nach den Nummern 1, 3, 4, 5, 6, 7 und/oder 8 nicht berechnungsfähig.",true,2026-08-29,deterministic_parser:auto_extracted:neben_sind,CONFIRMED,form_B,"Neben der Leistung nach Nummer 25 sind die Leistungen nach den Nummern 1, 3, 4, 5, 6, 7 und/oder 8 nicht berechnungsfähig."
excl_auto_25_7,25,7,one_way,GOÄ Anmerkung zu Nummer 25,"Neben der Leistung nach Nummer 25 sind die Leistungen nach den Nummern 1, 3, 4, 5, 6, 7 und/oder 8 nicht berechnungsfähig.",true,2026-08-29,deterministic_parser:auto_extracted:neben_sind,CONFIRMED,form_B,"Neben der Leistung nach Nummer 25 sind die Leistungen nach den Nummern 1, 3, 4, 5, 6, 7 und/oder 8 nicht berechnungsfähig."
excl_auto_25_8,25,8,one_way,GOÄ Anmerkung zu Nummer 25,"Neben der Leistung nach Nummer 25 sind die Leistungen nach den Nummern 1, 3, 4, 5, 6, 7 und/oder 8 nicht berechnungsfähig.",true,2026-08-29,deterministic_parser:auto_extracted:neben_sind,CONFIRMED,form_B,"Neben der Leistung nach Nummer 25 sind die Leistungen nach den Nummern 1, 3, 4, 5, 6, 7 und/oder 8 nicht berechnungsfähig."
excl_auto_26_1,26,1,one_way,GOÄ Anmerkung zu Nummer 26,"Neben der Leistung nach Nummer 26 sind die Leistungen nach den Nummern 1, 3, 4, 5, 6, 7 und/oder 8 nicht berechnungsfähig.",true,2026-08-29,deterministic_parser:auto_extracted:neben_sind,CONFIRMED,form_B,"Neben der Leistung nach Nummer 26 sind die Leistungen nach den Nummern 1, 3, 4, 5, 6, 7 und/oder 8 nicht berechnungsfähig."
excl_auto_26_3,26,3,one_way,GOÄ Anmerkung zu Nummer 26,"Neben der Leistung nach Nummer 26 sind die Leistungen nach den Nummern 1, 3, 4, 5, 6, 7 und/oder 8 nicht berechnungsfähig.",true,2026-08-29,deterministic_parser:auto_extracted:neben_sind,CONFIRMED,form_B,"Neben der Leistung nach Nummer 26 sind die Leistungen nach den Nummern 1, 3, 4, 5, 6, 7 und/oder 8 nicht berechnungsfähig."
excl_auto_26_4,26,4,one_way,GOÄ Anmerkung zu Nummer 26,"Neben der Leistung nach Nummer 26 sind die Leistungen nach den Nummern 1, 3, 4, 5, 6, 7 und/oder 8 nicht berechnungsfähig.",true,2026-08-29,deterministic_parser:auto_extracted:neben_sind,CONFIRMED,form_B,"Neben der Leistung nach Nummer 26 sind die Leistungen nach den Nummern 1, 3, 4, 5, 6, 7 und/oder 8 nicht berechnungsfähig."
excl_auto_26_5,26,5,one_way,GOÄ Anmerkung zu Nummer 26,"Neben der Leistung nach Nummer 26 sind die Leistungen nach den Nummern 1, 3, 4, 5, 6, 7 und/oder 8 nicht berechnungsfähig.",true,2026-08-29,deterministic_parser:auto_extracted:neben_sind,CONFIRMED,form_B,"Neben der Leistung nach Nummer 26 sind die Leistungen nach den Nummern 1, 3, 4, 5, 6, 7 und/oder 8 nicht berechnungsfähig."
excl_auto_26_6,26,6,one_way,GOÄ Anmerkung zu Nummer 26,"Neben der Leistung nach Nummer 26 sind die Leistungen nach den Nummern 1, 3, 4, 5, 6, 7 und/oder 8 nicht berechnungsfähig.",true,2026-08-29,deterministic_parser:auto_extracted:neben_sind,CONFIRMED,form_B,"Neben der Leistung nach Nummer 26 sind die Leistungen nach den Nummern 1, 3, 4, 5, 6, 7 und/oder 8 nicht berechnungsfähig."
excl_auto_26_7,26,7,one_way,GOÄ Anmerkung zu Nummer 26,"Neben der Leistung nach Nummer 26 sind die Leistungen nach den Nummern 1, 3, 4, 5, 6, 7 und/oder 8 nicht berechnungsfähig.",true,2026-08-29,deterministic_parser:auto_extracted:neben_sind,CONFIRMED,form_B,"Neben der Leistung nach Nummer 26 sind die Leistungen nach den Nummern 1, 3, 4, 5, 6, 7 und/oder 8 nicht berechnungsfähig."
excl_auto_26_8,26,8,one_way,GOÄ Anmerkung zu Nummer 26,"Neben der Leistung nach Nummer 26 sind die Leistungen nach den Nummern 1, 3, 4, 5, 6, 7 und/oder 8 nicht berechnungsfähig.",true,2026-08-29,deterministic_parser:auto_extracted:neben_sind,CONFIRMED,form_B,"Neben der Leistung nach Nummer 26 sind die Leistungen nach den Nummern 1, 3, 4, 5, 6, 7 und/oder 8 nicht berechnungsfähig."
excl_auto_28_1,28,1,one_way,GOÄ Anmerkung zu Nummer 28,"Neben der Leistung nach Nummer 28 sind die Leistungen nach den Nummern 1, 3, 5, 6, 7, 8, 11, 3500, 3511, 3650 und/oder 3652 nicht berechnungsfähig.",true,2026-08-29,deterministic_parser:auto_extracted:neben_sind,CONFIRMED,form_B,"Neben der Leistung nach Nummer 28 sind die Leistungen nach den Nummern 1, 3, 5, 6, 7, 8, 11, 3500, 3511, 3650 und/oder 3652 nicht berechnungsfähig."
excl_auto_28_3,28,3,one_way,GOÄ Anmerkung zu Nummer 28,"Neben der Leistung nach Nummer 28 sind die Leistungen nach den Nummern 1, 3, 5, 6, 7, 8, 11, 3500, 3511, 3650 und/oder 3652 nicht berechnungsfähig.",true,2026-08-29,deterministic_parser:auto_extracted:neben_sind,CONFIRMED,form_B,"Neben der Leistung nach Nummer 28 sind die Leistungen nach den Nummern 1, 3, 5, 6, 7, 8, 11, 3500, 3511, 3650 und/oder 3652 nicht berechnungsfähig."
excl_auto_28_5,28,5,one_way,GOÄ Anmerkung zu Nummer 28,"Neben der Leistung nach Nummer 28 sind die Leistungen nach den Nummern 1, 3, 5, 6, 7, 8, 11, 3500, 3511, 3650 und/oder 3652 nicht berechnungsfähig.",true,2026-08-29,deterministic_parser:auto_extracted:neben_sind,CONFIRMED,form_B,"Neben der Leistung nach Nummer 28 sind die Leistungen nach den Nummern 1, 3, 5, 6, 7, 8, 11, 3500, 3511, 3650 und/oder 3652 nicht berechnungsfähig."
excl_auto_28_6,28,6,one_way,GOÄ Anmerkung zu Nummer 28,"Neben der Leistung nach Nummer 28 sind die Leistungen nach den Nummern 1, 3, 5, 6, 7, 8, 11, 3500, 3511, 3650 und/oder 3652 nicht berechnungsfähig.",true,2026-08-29,deterministic_parser:auto_extracted:neben_sind,CONFIRMED,form_B,"Neben der Leistung nach Nummer 28 sind die Leistungen nach den Nummern 1, 3, 5, 6, 7, 8, 11, 3500, 3511, 3650 und/oder 3652 nicht berechnungsfähig."
excl_auto_28_7,28,7,one_way,GOÄ Anmerkung zu Nummer 28,"Neben der Leistung nach Nummer 28 sind die Leistungen nach den Nummern 1, 3, 5, 6, 7, 8, 11, 3500, 3511, 3650 und/oder 3652 nicht berechnungsfähig.",true,2026-08-29,deterministic_parser:auto_extracted:neben_sind,CONFIRMED,form_B,"Neben der Leistung nach Nummer 28 sind die Leistungen nach den Nummern 1, 3, 5, 6, 7, 8, 11, 3500, 3511, 3650 und/oder 3652 nicht berechnungsfähig."
excl_auto_28_8,28,8,one_way,GOÄ Anmerkung zu Nummer 28,"Neben der Leistung nach Nummer 28 sind die Leistungen nach den Nummern 1, 3, 5, 6, 7, 8, 11, 3500, 3511, 3650 und/oder 3652 nicht berechnungsfähig.",true,2026-08-29,deterministic_parser:auto_extracted:neben_sind,CONFIRMED,form_B,"Neben der Leistung nach Nummer 28 sind die Leistungen nach den Nummern 1, 3, 5, 6, 7, 8, 11, 3500, 3511, 3650 und/oder 3652 nicht berechnungsfähig."
excl_auto_28_11,28,11,one_way,GOÄ Anmerkung zu Nummer 28,"Neben der Leistung nach Nummer 28 sind die Leistungen nach den Nummern 1, 3, 5, 6, 7, 8, 11, 3500, 3511, 3650 und/oder 3652 nicht berechnungsfähig.",true,2026-08-29,deterministic_parser:auto_extracted:neben_sind,CONFIRMED,form_B,"Neben der Leistung nach Nummer 28 sind die Leistungen nach den Nummern 1, 3, 5, 6, 7, 8, 11, 3500, 3511, 3650 und/oder 3652 nicht berechnungsfähig."
excl_auto_28_3500,28,3500,one_way,GOÄ Anmerkung zu Nummer 28,"Neben der Leistung nach Nummer 28 sind die Leistungen nach den Nummern 1, 3, 5, 6, 7, 8, 11, 3500, 3511, 3650 und/oder 3652 nicht berechnungsfähig.",true,2026-08-29,deterministic_parser:auto_extracted:neben_sind,CONFIRMED,form_B,"Neben der Leistung nach Nummer 28 sind die Leistungen nach den Nummern 1, 3, 5, 6, 7, 8, 11, 3500, 3511, 3650 und/oder 3652 nicht berechnungsfähig."
excl_auto_28_3511,28,3511,one_way,GOÄ Anmerkung zu Nummer 28,"Neben der Leistung nach Nummer 28 sind die Leistungen nach den Nummern 1, 3, 5, 6, 7, 8, 11, 3500, 3511, 3650 und/oder 3652 nicht berechnungsfähig.",true,2026-08-29,deterministic_parser:auto_extracted:neben_sind,CONFIRMED,form_B,"Neben der Leistung nach Nummer 28 sind die Leistungen nach den Nummern 1, 3, 5, 6, 7, 8, 11, 3500, 3511, 3650 und/oder 3652 nicht berechnungsfähig."
excl_auto_28_3650,28,3650,one_way,GOÄ Anmerkung zu Nummer 28,"Neben der Leistung nach Nummer 28 sind die Leistungen nach den Nummern 1, 3, 5, 6, 7, 8, 11, 3500, 3511, 3650 und/oder 3652 nicht berechnungsfähig.",true,2026-08-29,deterministic_parser:auto_extracted:neben_sind,CONFIRMED,form_B,"Neben der Leistung nach Nummer 28 sind die Leistungen nach den Nummern 1, 3, 5, 6, 7, 8, 11, 3500, 3511, 3650 und/oder 3652 nicht berechnungsfähig."
excl_auto_28_3652,28,3652,one_way,GOÄ Anmerkung zu Nummer 28,"Neben der Leistung nach Nummer 28 sind die Leistungen nach den Nummern 1, 3, 5, 6, 7, 8, 11, 3500, 3511, 3650 und/oder 3652 nicht berechnungsfähig.",true,2026-08-29,deterministic_parser:auto_extracted:neben_sind,CONFIRMED,form_B,"Neben der Leistung nach Nummer 28 sind die Leistungen nach den Nummern 1, 3, 5, 6, 7, 8, 11, 3500, 3511, 3650 und/oder 3652 nicht berechnungsfähig."
excl_auto_29_1,29,1,one_way,GOÄ Anmerkung zu Nummer 29,"Neben der Leistung nach Nummer 29 sind die Leistungen nach den Nummern 1, 3, 5, 6, 7 und/oder 8 nicht berechnungsfähig.",true,2026-08-29,deterministic_parser:auto_extracted:neben_sind,CONFIRMED,form_B,"Neben der Leistung nach Nummer 29 sind die Leistungen nach den Nummern 1, 3, 5, 6, 7 und/oder 8 nicht berechnungsfähig."
excl_auto_29_3,29,3,one_way,GOÄ Anmerkung zu Nummer 29,"Neben der Leistung nach Nummer 29 sind die Leistungen nach den Nummern 1, 3, 5, 6, 7 und/oder 8 nicht berechnungsfähig.",true,2026-08-29,deterministic_parser:auto_extracted:neben_sind,CONFIRMED,form_B,"Neben der Leistung nach Nummer 29 sind die Leistungen nach den Nummern 1, 3, 5, 6, 7 und/oder 8 nicht berechnungsfähig."
excl_auto_29_5,29,5,one_way,GOÄ Anmerkung zu Nummer 29,"Neben der Leistung nach Nummer 29 sind die Leistungen nach den Nummern 1, 3, 5, 6, 7 und/oder 8 nicht berechnungsfähig.",true,2026-08-29,deterministic_parser:auto_extracted:neben_sind,CONFIRMED,form_B,"Neben der Leistung nach Nummer 29 sind die Leistungen nach den Nummern 1, 3, 5, 6, 7 und/oder 8 nicht berechnungsfähig."
excl_auto_29_6,29,6,one_way,GOÄ Anmerkung zu Nummer 29,"Neben der Leistung nach Nummer 29 sind die Leistungen nach den Nummern 1, 3, 5, 6, 7 und/oder 8 nicht berechnungsfähig.",true,2026-08-29,deterministic_parser:auto_extracted:neben_sind,CONFIRMED,form_B,"Neben der Leistung nach Nummer 29 sind die Leistungen nach den Nummern 1, 3, 5, 6, 7 und/oder 8 nicht berechnungsfähig."
excl_auto_29_7,29,7,one_way,GOÄ Anmerkung zu Nummer 29,"Neben der Leistung nach Nummer 29 sind die Leistungen nach den Nummern 1, 3, 5, 6, 7 und/oder 8 nicht berechnungsfähig.",true,2026-08-29,deterministic_parser:auto_extracted:neben_sind,CONFIRMED,form_B,"Neben der Leistung nach Nummer 29 sind die Leistungen nach den Nummern 1, 3, 5, 6, 7 und/oder 8 nicht berechnungsfähig."
excl_auto_29_8,29,8,one_way,GOÄ Anmerkung zu Nummer 29,"Neben der Leistung nach Nummer 29 sind die Leistungen nach den Nummern 1, 3, 5, 6, 7 und/oder 8 nicht berechnungsfähig.",true,2026-08-29,deterministic_parser:auto_extracted:neben_sind,CONFIRMED,form_B,"Neben der Leistung nach Nummer 29 sind die Leistungen nach den Nummern 1, 3, 5, 6, 7 und/oder 8 nicht berechnungsfähig."
excl_auto_30_1,30,1,one_way,GOÄ Anmerkung zu Nummer 30,"Neben der Leistung nach Nummer 30 sind die Leistungen nach den Nummern 1, 3 und/oder 34 nicht berechnungsfähig.",true,2026-08-29,deterministic_parser:auto_extracted:neben_sind,CONFIRMED,form_B,"Neben der Leistung nach Nummer 30 sind die Leistungen nach den Nummern 1, 3 und/oder 34 nicht berechnungsfähig."
excl_auto_30_3,30,3,one_way,GOÄ Anmerkung zu Nummer 30,"Neben der Leistung nach Nummer 30 sind die Leistungen nach den Nummern 1, 3 und/oder 34 nicht berechnungsfähig.",true,2026-08-29,deterministic_parser:auto_extracted:neben_sind,CONFIRMED,form_B,"Neben der Leistung nach Nummer 30 sind die Leistungen nach den Nummern 1, 3 und/oder 34 nicht berechnungsfähig."
excl_auto_30_34,30,34,mutual,GOÄ Anmerkung zu Nummer 30,"Neben der Leistung nach Nummer 30 sind die Leistungen nach den Nummern 1, 3 und/oder 34 nicht berechnungsfähig.",true,2026-08-29,deterministic_parser:auto_extracted:neben_sind,CONFIRMED,form_B,"Neben der Leistung nach Nummer 30 sind die Leistungen nach den Nummern 1, 3 und/oder 34 nicht berechnungsfähig."
excl_auto_31_1,31,1,one_way,GOÄ Anmerkung zu Nummer 31,"Neben der Leistung nach Nummer 31 sind die Leistungen nach den Nummern 1, 3, 4, 30 und/oder 34 nicht berechnungsfähig.",true,2026-08-29,deterministic_parser:auto_extracted:neben_sind,CONFIRMED,form_B,"Neben der Leistung nach Nummer 31 sind die Leistungen nach den Nummern 1, 3, 4, 30 und/oder 34 nicht berechnungsfähig."
excl_auto_31_3,31,3,one_way,GOÄ Anmerkung zu Nummer 31,"Neben der Leistung nach Nummer 31 sind die Leistungen nach den Nummern 1, 3, 4, 30 und/oder 34 nicht berechnungsfähig.",true,2026-08-29,deterministic_parser:auto_extracted:neben_sind,CONFIRMED,form_B,"Neben der Leistung nach Nummer 31 sind die Leistungen nach den Nummern 1, 3, 4, 30 und/oder 34 nicht berechnungsfähig."
excl_auto_31_4,31,4,one_way,GOÄ Anmerkung zu Nummer 31,"Neben der Leistung nach Nummer 31 sind die Leistungen nach den Nummern 1, 3, 4, 30 und/oder 34 nicht berechnungsfähig.",true,2026-08-29,deterministic_parser:auto_extracted:neben_sind,CONFIRMED,form_B,"Neben der Leistung nach Nummer 31 sind die Leistungen nach den Nummern 1, 3, 4, 30 und/oder 34 nicht berechnungsfähig."
excl_auto_31_30,31,30,one_way,GOÄ Anmerkung zu Nummer 31,"Neben der Leistung nach Nummer 31 sind die Leistungen nach den Nummern 1, 3, 4, 30 und/oder 34 nicht berechnungsfähig.",true,2026-08-29,deterministic_parser:auto_extracted:neben_sind,CONFIRMED,form_B,"Neben der Leistung nach Nummer 31 sind die Leistungen nach den Nummern 1, 3, 4, 30 und/oder 34 nicht berechnungsfähig."
excl_auto_31_34,31,34,one_way,GOÄ Anmerkung zu Nummer 31,"Neben der Leistung nach Nummer 31 sind die Leistungen nach den Nummern 1, 3, 4, 30 und/oder 34 nicht berechnungsfähig.",true,2026-08-29,deterministic_parser:auto_extracted:neben_sind,CONFIRMED,form_B,"Neben der Leistung nach Nummer 31 sind die Leistungen nach den Nummern 1, 3, 4, 30 und/oder 34 nicht berechnungsfähig."
excl_auto_33_1,33,1,one_way,GOÄ Anmerkung zu Nummer 33,"Neben der Leistung nach Nummer 33 sind die Leistungen nach den Nummern 1, 3, 15, 20, 847, 862, 864, 871 und/oder 887 nicht berechnungsfähig.",true,2026-08-29,deterministic_parser:auto_extracted:neben_sind,CONFIRMED,form_B,"Neben der Leistung nach Nummer 33 sind die Leistungen nach den Nummern 1, 3, 15, 20, 847, 862, 864, 871 und/oder 887 nicht berechnungsfähig."
excl_auto_33_3,33,3,one_way,GOÄ Anmerkung zu Nummer 33,"Neben der Leistung nach Nummer 33 sind die Leistungen nach den Nummern 1, 3, 15, 20, 847, 862, 864, 871 und/oder 887 nicht berechnungsfähig.",true,2026-08-29,deterministic_parser:auto_extracted:neben_sind,CONFIRMED,form_B,"Neben der Leistung nach Nummer 33 sind die Leistungen nach den Nummern 1, 3, 15, 20, 847, 862, 864, 871 und/oder 887 nicht berechnungsfähig."
excl_auto_33_15,33,15,one_way,GOÄ Anmerkung zu Nummer 33,"Neben der Leistung nach Nummer 33 sind die Leistungen nach den Nummern 1, 3, 15, 20, 847, 862, 864, 871 und/oder 887 nicht berechnungsfähig.",true,2026-08-29,deterministic_parser:auto_extracted:neben_sind,CONFIRMED,form_B,"Neben der Leistung nach Nummer 33 sind die Leistungen nach den Nummern 1, 3, 15, 20, 847, 862, 864, 871 und/oder 887 nicht berechnungsfähig."
excl_auto_33_20,33,20,one_way,GOÄ Anmerkung zu Nummer 33,"Neben der Leistung nach Nummer 33 sind die Leistungen nach den Nummern 1, 3, 15, 20, 847, 862, 864, 871 und/oder 887 nicht berechnungsfähig.",true,2026-08-29,deterministic_parser:auto_extracted:neben_sind,CONFIRMED,form_B,"Neben der Leistung nach Nummer 33 sind die Leistungen nach den Nummern 1, 3, 15, 20, 847, 862, 864, 871 und/oder 887 nicht berechnungsfähig."
excl_auto_33_847,33,847,one_way,GOÄ Anmerkung zu Nummer 33,"Neben der Leistung nach Nummer 33 sind die Leistungen nach den Nummern 1, 3, 15, 20, 847, 862, 864, 871 und/oder 887 nicht berechnungsfähig.",true,2026-08-29,deterministic_parser:auto_extracted:neben_sind,CONFIRMED,form_B,"Neben der Leistung nach Nummer 33 sind die Leistungen nach den Nummern 1, 3, 15, 20, 847, 862, 864, 871 und/oder 887 nicht berechnungsfähig."
excl_auto_33_862,33,862,one_way,GOÄ Anmerkung zu Nummer 33,"Neben der Leistung nach Nummer 33 sind die Leistungen nach den Nummern 1, 3, 15, 20, 847, 862, 864, 871 und/oder 887 nicht berechnungsfähig.",true,2026-08-29,deterministic_parser:auto_extracted:neben_sind,CONFIRMED,form_B,"Neben der Leistung nach Nummer 33 sind die Leistungen nach den Nummern 1, 3, 15, 20, 847, 862, 864, 871 und/oder 887 nicht berechnungsfähig."
excl_auto_33_864,33,864,one_way,GOÄ Anmerkung zu Nummer 33,"Neben der Leistung nach Nummer 33 sind die Leistungen nach den Nummern 1, 3, 15, 20, 847, 862, 864, 871 und/oder 887 nicht berechnungsfähig.",true,2026-08-29,deterministic_parser:auto_extracted:neben_sind,CONFIRMED,form_B,"Neben der Leistung nach Nummer 33 sind die Leistungen nach den Nummern 1, 3, 15, 20, 847, 862, 864, 871 und/oder 887 nicht berechnungsfähig."
excl_auto_33_871,33,871,one_way,GOÄ Anmerkung zu Nummer 33,"Neben der Leistung nach Nummer 33 sind die Leistungen nach den Nummern 1, 3, 15, 20, 847, 862, 864, 871 und/oder 887 nicht berechnungsfähig.",true,2026-08-29,deterministic_parser:auto_extracted:neben_sind,CONFIRMED,form_B,"Neben der Leistung nach Nummer 33 sind die Leistungen nach den Nummern 1, 3, 15, 20, 847, 862, 864, 871 und/oder 887 nicht berechnungsfähig."
excl_auto_33_887,33,887,one_way,GOÄ Anmerkung zu Nummer 33,"Neben der Leistung nach Nummer 33 sind die Leistungen nach den Nummern 1, 3, 15, 20, 847, 862, 864, 871 und/oder 887 nicht berechnungsfähig.",true,2026-08-29,deterministic_parser:auto_extracted:neben_sind,CONFIRMED,form_B,"Neben der Leistung nach Nummer 33 sind die Leistungen nach den Nummern 1, 3, 15, 20, 847, 862, 864, 871 und/oder 887 nicht berechnungsfähig."
excl_auto_34_1,34,1,one_way,GOÄ Anmerkung zu Nummer 34,"Neben der Leistung nach Nummer 34 sind die Leistungen nach den Nummern 1, 3, 4, 15 und/oder 30 nicht berechnungsfähig.",true,2026-08-29,deterministic_parser:auto_extracted:neben_sind,CONFIRMED,form_B,"Neben der Leistung nach Nummer 34 sind die Leistungen nach den Nummern 1, 3, 4, 15 und/oder 30 nicht berechnungsfähig."
excl_auto_34_3,34,3,one_way,GOÄ Anmerkung zu Nummer 34,"Neben der Leistung nach Nummer 34 sind die Leistungen nach den Nummern 1, 3, 4, 15 und/oder 30 nicht berechnungsfähig.",true,2026-08-29,deterministic_parser:auto_extracted:neben_sind,CONFIRMED,form_B,"Neben der Leistung nach Nummer 34 sind die Leistungen nach den Nummern 1, 3, 4, 15 und/oder 30 nicht berechnungsfähig."
excl_auto_34_15,34,15,one_way,GOÄ Anmerkung zu Nummer 34,"Neben der Leistung nach Nummer 34 sind die Leistungen nach den Nummern 1, 3, 4, 15 und/oder 30 nicht berechnungsfähig.",true,2026-08-29,deterministic_parser:auto_extracted:neben_sind,CONFIRMED,form_B,"Neben der Leistung nach Nummer 34 sind die Leistungen nach den Nummern 1, 3, 4, 15 und/oder 30 nicht berechnungsfähig."
excl_auto_34_30,34,30,mutual,GOÄ Anmerkung zu Nummer 34,"Neben der Leistung nach Nummer 34 sind die Leistungen nach den Nummern 1, 3, 4, 15 und/oder 30 nicht berechnungsfähig.",true,2026-08-29,deterministic_parser:auto_extracted:neben_sind,CONFIRMED,form_B,"Neben der Leistung nach Nummer 34 sind die Leistungen nach den Nummern 1, 3, 4, 15 und/oder 30 nicht berechnungsfähig."
excl_auto_1_48,1,48,one_way,GOÄ Anmerkung zu Nummer 48,"Die Leistung nach Nummer 48 ist neben den Leistungen nach den Nummern 1, 50, 51 und/oder 52 nicht berechnungsfähig.",true,2026-08-29,deterministic_parser:auto_extracted:ist_neben,CONFIRMED,form_A,"Die Leistung nach Nummer 48 ist neben den Leistungen nach den Nummern 1, 50, 51 und/oder 52 nicht berechnungsfähig."
excl_auto_50_48,50,48,one_way,GOÄ Anmerkung zu Nummer 48,"Die Leistung nach Nummer 48 ist neben den Leistungen nach den Nummern 1, 50, 51 und/oder 52 nicht berechnungsfähig.",true,2026-08-29,deterministic_parser:auto_extracted:ist_neben,CONFIRMED,form_A,"Die Leistung nach Nummer 48 ist neben den Leistungen nach den Nummern 1, 50, 51 und/oder 52 nicht berechnungsfähig."
excl_auto_51_48,51,48,one_way,GOÄ Anmerkung zu Nummer 48,"Die Leistung nach Nummer 48 ist neben den Leistungen nach den Nummern 1, 50, 51 und/oder 52 nicht berechnungsfähig.",true,2026-08-29,deterministic_parser:auto_extracted:ist_neben,CONFIRMED,form_A,"Die Leistung nach Nummer 48 ist neben den Leistungen nach den Nummern 1, 50, 51 und/oder 52 nicht berechnungsfähig."
excl_auto_52_48,52,48,one_way,GOÄ Anmerkung zu Nummer 48,"Die Leistung nach Nummer 48 ist neben den Leistungen nach den Nummern 1, 50, 51 und/oder 52 nicht berechnungsfähig.",true,2026-08-29,deterministic_parser:auto_extracted:ist_neben,CONFIRMED,form_A,"Die Leistung nach Nummer 48 ist neben den Leistungen nach den Nummern 1, 50, 51 und/oder 52 nicht berechnungsfähig."
excl_auto_45_50,45,50,one_way,GOÄ Anmerkung zu Nummer 50,Die Leistung nach Nummer 50 darf anstelle oder neben einer Leistung nach Nummer 45 oder 46 nicht berechnet werden.,true,2026-08-29,deterministic_parser:auto_extracted:darf_neben,CONFIRMED,form_D,Die Leistung nach Nummer 50 darf anstelle oder neben einer Leistung nach Nummer 45 oder 46 nicht berechnet werden.
excl_auto_46_50,46,50,one_way,GOÄ Anmerkung zu Nummer 50,Die Leistung nach Nummer 50 darf anstelle oder neben einer Leistung nach Nummer 45 oder 46 nicht berechnet werden.,true,2026-08-29,deterministic_parser:auto_extracted:darf_neben,CONFIRMED,form_D,Die Leistung nach Nummer 50 darf anstelle oder neben einer Leistung nach Nummer 45 oder 46 nicht berechnet werden.
excl_auto_50_1,50,1,one_way,GOÄ Anmerkung zu Nummer 50,"Neben der Leistung nach Nummer 50 sind die Leistungen nach den Nummern 1, 5, 48 und/oder 52 nicht berechnungsfähig.",true,2026-08-29,deterministic_parser:auto_extracted:neben_sind,CONFIRMED,form_B,"Neben der Leistung nach Nummer 50 sind die Leistungen nach den Nummern 1, 5, 48 und/oder 52 nicht berechnungsfähig."
excl_auto_50_5,50,5,one_way,GOÄ Anmerkung zu Nummer 50,"Neben der Leistung nach Nummer 50 sind die Leistungen nach den Nummern 1, 5, 48 und/oder 52 nicht berechnungsfähig.",true,2026-08-29,deterministic_parser:auto_extracted:neben_sind,CONFIRMED,form_B,"Neben der Leistung nach Nummer 50 sind die Leistungen nach den Nummern 1, 5, 48 und/oder 52 nicht berechnungsfähig."
excl_auto_50_52,50,52,one_way,GOÄ Anmerkung zu Nummer 50,"Neben der Leistung nach Nummer 50 sind die Leistungen nach den Nummern 1, 5, 48 und/oder 52 nicht berechnungsfähig.",true,2026-08-29,deterministic_parser:auto_extracted:neben_sind,CONFIRMED,form_B,"Neben der Leistung nach Nummer 50 sind die Leistungen nach den Nummern 1, 5, 48 und/oder 52 nicht berechnungsfähig."
excl_auto_45_51,45,51,one_way,GOÄ Anmerkung zu Nummer 51,Die Leistung nach Nummer 51 darf anstelle oder neben einer Leistung nach Nummer 45 oder 46 nicht berechnet werden.,true,2026-08-29,deterministic_parser:auto_extracted:darf_neben,CONFIRMED,form_D,Die Leistung nach Nummer 51 darf anstelle oder neben einer Leistung nach Nummer 45 oder 46 nicht berechnet werden.
excl_auto_46_51,46,51,one_way,GOÄ Anmerkung zu Nummer 51,Die Leistung nach Nummer 51 darf anstelle oder neben einer Leistung nach Nummer 45 oder 46 nicht berechnet werden.,true,2026-08-29,deterministic_parser:auto_extracted:darf_neben,CONFIRMED,form_D,Die Leistung nach Nummer 51 darf anstelle oder neben einer Leistung nach Nummer 45 oder 46 nicht berechnet werden.
excl_auto_51_1,51,1,one_way,GOÄ Anmerkung zu Nummer 51,"Neben der Leistung nach Nummer 51 sind die Leistungen nach den Nummern 1, 5, 48 und/oder 52 nicht berechnungsfähig.",true,2026-08-29,deterministic_parser:auto_extracted:neben_sind,CONFIRMED,form_B,"Neben der Leistung nach Nummer 51 sind die Leistungen nach den Nummern 1, 5, 48 und/oder 52 nicht berechnungsfähig."
excl_auto_51_5,51,5,one_way,GOÄ Anmerkung zu Nummer 51,"Neben der Leistung nach Nummer 51 sind die Leistungen nach den Nummern 1, 5, 48 und/oder 52 nicht berechnungsfähig.",true,2026-08-29,deterministic_parser:auto_extracted:neben_sind,CONFIRMED,form_B,"Neben der Leistung nach Nummer 51 sind die Leistungen nach den Nummern 1, 5, 48 und/oder 52 nicht berechnungsfähig."
excl_auto_51_52,51,52,one_way,GOÄ Anmerkung zu Nummer 51,"Neben der Leistung nach Nummer 51 sind die Leistungen nach den Nummern 1, 5, 48 und/oder 52 nicht berechnungsfähig.",true,2026-08-29,deterministic_parser:auto_extracted:neben_sind,CONFIRMED,form_B,"Neben der Leistung nach Nummer 51 sind die Leistungen nach den Nummern 1, 5, 48 und/oder 52 nicht berechnungsfähig."
excl_auto_55_56,55,56,one_way,GOÄ Anmerkung zu Nummer 55,"Neben der Leistung nach Nummer 55 sind die Leistungen nach den Nummern 56, 60 und/oder 833 nicht berechnungsfähig.",true,2026-08-29,deterministic_parser:auto_extracted:neben_sind,CONFIRMED,form_B,"Neben der Leistung nach Nummer 55 sind die Leistungen nach den Nummern 56, 60 und/oder 833 nicht berechnungsfähig."
excl_auto_55_60,55,60,one_way,GOÄ Anmerkung zu Nummer 55,"Neben der Leistung nach Nummer 55 sind die Leistungen nach den Nummern 56, 60 und/oder 833 nicht berechnungsfähig.",true,2026-08-29,deterministic_parser:auto_extracted:neben_sind,CONFIRMED,form_B,"Neben der Leistung nach Nummer 55 sind die Leistungen nach den Nummern 56, 60 und/oder 833 nicht berechnungsfähig."
excl_auto_55_833,55,833,one_way,GOÄ Anmerkung zu Nummer 55,"Neben der Leistung nach Nummer 55 sind die Leistungen nach den Nummern 56, 60 und/oder 833 nicht berechnungsfähig.",true,2026-08-29,deterministic_parser:auto_extracted:neben_sind,CONFIRMED,form_B,"Neben der Leistung nach Nummer 55 sind die Leistungen nach den Nummern 56, 60 und/oder 833 nicht berechnungsfähig."
excl_auto_269a_269,269a,269,one_way,GOÄ Anmerkung zu Nummer 269a,Neben der Leistung nach Nummer 269a ist die Leistung nach Nummer 269 nicht berechnungsfähig.,true,2026-08-29,deterministic_parser:auto_extracted:neben_sind,CONFIRMED,form_B,Neben der Leistung nach Nummer 269a ist die Leistung nach Nummer 269 nicht berechnungsfähig.
excl_auto_274_271,274,271,one_way,GOÄ Anmerkung zu Nummer 274,"Neben der Leistung nach Nummer 274 sind die Leistungen nach den Nummern 271 bis 273, 275 und/oder 276 nicht berechnungsfähig.",true,2026-08-29,deterministic_parser:auto_extracted:neben_sind:range[271-273(3)],CONFIRMED,form_B,"Neben der Leistung nach Nummer 274 sind die Leistungen nach den Nummern 271 bis 273, 275 und/oder 276 nicht berechnungsfähig."
excl_auto_274_272,274,272,one_way,GOÄ Anmerkung zu Nummer 274,"Neben der Leistung nach Nummer 274 sind die Leistungen nach den Nummern 271 bis 273, 275 und/oder 276 nicht berechnungsfähig.",true,2026-08-29,deterministic_parser:auto_extracted:neben_sind:range[271-273(3)],CONFIRMED,form_B,"Neben der Leistung nach Nummer 274 sind die Leistungen nach den Nummern 271 bis 273, 275 und/oder 276 nicht berechnungsfähig."
excl_auto_274_273,274,273,one_way,GOÄ Anmerkung zu Nummer 274,"Neben der Leistung nach Nummer 274 sind die Leistungen nach den Nummern 271 bis 273, 275 und/oder 276 nicht berechnungsfähig.",true,2026-08-29,deterministic_parser:auto_extracted:neben_sind:range[271-273(3)],CONFIRMED,form_B,"Neben der Leistung nach Nummer 274 sind die Leistungen nach den Nummern 271 bis 273, 275 und/oder 276 nicht berechnungsfähig."
excl_auto_274_275,274,275,one_way,GOÄ Anmerkung zu Nummer 274,"Neben der Leistung nach Nummer 274 sind die Leistungen nach den Nummern 271 bis 273, 275 und/oder 276 nicht berechnungsfähig.",true,2026-08-29,deterministic_parser:auto_extracted:neben_sind:range[271-273(3)],CONFIRMED,form_B,"Neben der Leistung nach Nummer 274 sind die Leistungen nach den Nummern 271 bis 273, 275 und/oder 276 nicht berechnungsfähig."
excl_auto_274_276,274,276,one_way,GOÄ Anmerkung zu Nummer 274,"Neben der Leistung nach Nummer 274 sind die Leistungen nach den Nummern 271 bis 273, 275 und/oder 276 nicht berechnungsfähig.",true,2026-08-29,deterministic_parser:auto_extracted:neben_sind:range[271-273(3)],CONFIRMED,form_B,"Neben der Leistung nach Nummer 274 sind die Leistungen nach den Nummern 271 bis 273, 275 und/oder 276 nicht berechnungsfähig."
excl_auto_626_355,626,355,one_way,GOÄ Anmerkung zu Nummer 355,Die Leistung nach Nummer 355 ist neben den Leistungen nach den Nummern 626 und/oder 627 nicht berechnungsfähig.,true,2026-08-29,deterministic_parser:auto_extracted:ist_neben,CONFIRMED,form_A,Die Leistung nach Nummer 355 ist neben den Leistungen nach den Nummern 626 und/oder 627 nicht berechnungsfähig.
excl_auto_627_355,627,355,one_way,GOÄ Anmerkung zu Nummer 355,Die Leistung nach Nummer 355 ist neben den Leistungen nach den Nummern 626 und/oder 627 nicht berechnungsfähig.,true,2026-08-29,deterministic_parser:auto_extracted:ist_neben,CONFIRMED,form_A,Die Leistung nach Nummer 355 ist neben den Leistungen nach den Nummern 626 und/oder 627 nicht berechnungsfähig.
excl_auto_626_356,626,356,one_way,GOÄ Anmerkung zu Nummer 356,Die Leistung nach Nummer 356 ist neben den Leistungen nach den Nummern 626 und/oder 627 nicht berechnungsfähig,true,2026-08-29,deterministic_parser:auto_extracted:ist_neben,CONFIRMED,form_A,Die Leistung nach Nummer 356 ist neben den Leistungen nach den Nummern 626 und/oder 627 nicht berechnungsfähig
excl_auto_627_356,627,356,one_way,GOÄ Anmerkung zu Nummer 356,Die Leistung nach Nummer 356 ist neben den Leistungen nach den Nummern 626 und/oder 627 nicht berechnungsfähig,true,2026-08-29,deterministic_parser:auto_extracted:ist_neben,CONFIRMED,form_A,Die Leistung nach Nummer 356 ist neben den Leistungen nach den Nummern 626 und/oder 627 nicht berechnungsfähig
excl_auto_626_360,626,360,one_way,GOÄ Anmerkung zu Nummer 360,Die Leistung nach Nummer 360 ist neben den Leistungen nach den Nummern 626 und/oder 627 nicht berechnungsfähig.,true,2026-08-29,deterministic_parser:auto_extracted:ist_neben,CONFIRMED,form_A,Die Leistung nach Nummer 360 ist neben den Leistungen nach den Nummern 626 und/oder 627 nicht berechnungsfähig.
excl_auto_627_360,627,360,one_way,GOÄ Anmerkung zu Nummer 360,Die Leistung nach Nummer 360 ist neben den Leistungen nach den Nummern 626 und/oder 627 nicht berechnungsfähig.,true,2026-08-29,deterministic_parser:auto_extracted:ist_neben,CONFIRMED,form_A,Die Leistung nach Nummer 360 ist neben den Leistungen nach den Nummern 626 und/oder 627 nicht berechnungsfähig.
excl_auto_406_401,406,401,one_way,GOÄ Anmerkung zu Nummer 401,"Der Zuschlag nach Nummer 401 ist neben den Leistungen nach den Nummern 406, 422 bis 424, 644, 645, 649 und/oder 1754 nicht berechnungsfähig.",true,2026-08-29,deterministic_parser:auto_extracted:ist_neben:range[422-424(3)],CONFIRMED,form_A,"Der Zuschlag nach Nummer 401 ist neben den Leistungen nach den Nummern 406, 422 bis 424, 644, 645, 649 und/oder 1754 nicht berechnungsfähig."
excl_auto_422_401,422,401,one_way,GOÄ Anmerkung zu Nummer 401,"Der Zuschlag nach Nummer 401 ist neben den Leistungen nach den Nummern 406, 422 bis 424, 644, 645, 649 und/oder 1754 nicht berechnungsfähig.",true,2026-08-29,deterministic_parser:auto_extracted:ist_neben:range[422-424(3)],CONFIRMED,form_A,"Der Zuschlag nach Nummer 401 ist neben den Leistungen nach den Nummern 406, 422 bis 424, 644, 645, 649 und/oder 1754 nicht berechnungsfähig."
excl_auto_423_401,423,401,one_way,GOÄ Anmerkung zu Nummer 401,"Der Zuschlag nach Nummer 401 ist neben den Leistungen nach den Nummern 406, 422 bis 424, 644, 645, 649 und/oder 1754 nicht berechnungsfähig.",true,2026-08-29,deterministic_parser:auto_extracted:ist_neben:range[422-424(3)],CONFIRMED,form_A,"Der Zuschlag nach Nummer 401 ist neben den Leistungen nach den Nummern 406, 422 bis 424, 644, 645, 649 und/oder 1754 nicht berechnungsfähig."
excl_auto_424_401,424,401,one_way,GOÄ Anmerkung zu Nummer 401,"Der Zuschlag nach Nummer 401 ist neben den Leistungen nach den Nummern 406, 422 bis 424, 644, 645, 649 und/oder 1754 nicht berechnungsfähig.",true,2026-08-29,deterministic_parser:auto_extracted:ist_neben:range[422-424(3)],CONFIRMED,form_A,"Der Zuschlag nach Nummer 401 ist neben den Leistungen nach den Nummern 406, 422 bis 424, 644, 645, 649 und/oder 1754 nicht berechnungsfähig."
excl_auto_644_401,644,401,one_way,GOÄ Anmerkung zu Nummer 401,"Der Zuschlag nach Nummer 401 ist neben den Leistungen nach den Nummern 406, 422 bis 424, 644, 645, 649 und/oder 1754 nicht berechnungsfähig.",true,2026-08-29,deterministic_parser:auto_extracted:ist_neben:range[422-424(3)],CONFIRMED,form_A,"Der Zuschlag nach Nummer 401 ist neben den Leistungen nach den Nummern 406, 422 bis 424, 644, 645, 649 und/oder 1754 nicht berechnungsfähig."
excl_auto_645_401,645,401,one_way,GOÄ Anmerkung zu Nummer 401,"Der Zuschlag nach Nummer 401 ist neben den Leistungen nach den Nummern 406, 422 bis 424, 644, 645, 649 und/oder 1754 nicht berechnungsfähig.",true,2026-08-29,deterministic_parser:auto_extracted:ist_neben:range[422-424(3)],CONFIRMED,form_A,"Der Zuschlag nach Nummer 401 ist neben den Leistungen nach den Nummern 406, 422 bis 424, 644, 645, 649 und/oder 1754 nicht berechnungsfähig."
excl_auto_649_401,649,401,one_way,GOÄ Anmerkung zu Nummer 401,"Der Zuschlag nach Nummer 401 ist neben den Leistungen nach den Nummern 406, 422 bis 424, 644, 645, 649 und/oder 1754 nicht berechnungsfähig.",true,2026-08-29,deterministic_parser:auto_extracted:ist_neben:range[422-424(3)],CONFIRMED,form_A,"Der Zuschlag nach Nummer 401 ist neben den Leistungen nach den Nummern 406, 422 bis 424, 644, 645, 649 und/oder 1754 nicht berechnungsfähig."
excl_auto_1754_401,1754,401,one_way,GOÄ Anmerkung zu Nummer 401,"Der Zuschlag nach Nummer 401 ist neben den Leistungen nach den Nummern 406, 422 bis 424, 644, 645, 649 und/oder 1754 nicht berechnungsfähig.",true,2026-08-29,deterministic_parser:auto_extracted:ist_neben:range[422-424(3)],CONFIRMED,form_A,"Der Zuschlag nach Nummer 401 ist neben den Leistungen nach den Nummern 406, 422 bis 424, 644, 645, 649 und/oder 1754 nicht berechnungsfähig."
excl_auto_403_402,403,402,mutual,GOÄ Anmerkung zu Nummer 402,Der Zuschlag nach Nummer 402 ist neben den Leistungen nach den Nummern 403 sowie 676 bis 692 nicht berechnungsfähig.,true,2026-08-29,deterministic_parser:auto_extracted:ist_neben:range[676-692(17)],CONFIRMED,form_A,Der Zuschlag nach Nummer 402 ist neben den Leistungen nach den Nummern 403 sowie 676 bis 692 nicht berechnungsfähig.
excl_auto_676_402,676,402,one_way,GOÄ Anmerkung zu Nummer 402,Der Zuschlag nach Nummer 402 ist neben den Leistungen nach den Nummern 403 sowie 676 bis 692 nicht berechnungsfähig.,true,2026-08-29,deterministic_parser:auto_extracted:ist_neben:range[676-692(17)],CONFIRMED,form_A,Der Zuschlag nach Nummer 402 ist neben den Leistungen nach den Nummern 403 sowie 676 bis 692 nicht berechnungsfähig.
excl_auto_677_402,677,402,one_way,GOÄ Anmerkung zu Nummer 402,Der Zuschlag nach Nummer 402 ist neben den Leistungen nach den Nummern 403 sowie 676 bis 692 nicht berechnungsfähig.,true,2026-08-29,deterministic_parser:auto_extracted:ist_neben:range[676-692(17)],CONFIRMED,form_A,Der Zuschlag nach Nummer 402 ist neben den Leistungen nach den Nummern 403 sowie 676 bis 692 nicht berechnungsfähig.
excl_auto_678_402,678,402,one_way,GOÄ Anmerkung zu Nummer 402,Der Zuschlag nach Nummer 402 ist neben den Leistungen nach den Nummern 403 sowie 676 bis 692 nicht berechnungsfähig.,true,2026-08-29,deterministic_parser:auto_extracted:ist_neben:range[676-692(17)],CONFIRMED,form_A,Der Zuschlag nach Nummer 402 ist neben den Leistungen nach den Nummern 403 sowie 676 bis 692 nicht berechnungsfähig.
excl_auto_679_402,679,402,one_way,GOÄ Anmerkung zu Nummer 402,Der Zuschlag nach Nummer 402 ist neben den Leistungen nach den Nummern 403 sowie 676 bis 692 nicht berechnungsfähig.,true,2026-08-29,deterministic_parser:auto_extracted:ist_neben:range[676-692(17)],CONFIRMED,form_A,Der Zuschlag nach Nummer 402 ist neben den Leistungen nach den Nummern 403 sowie 676 bis 692 nicht berechnungsfähig.
excl_auto_680_402,680,402,one_way,GOÄ Anmerkung zu Nummer 402,Der Zuschlag nach Nummer 402 ist neben den Leistungen nach den Nummern 403 sowie 676 bis 692 nicht berechnungsfähig.,true,2026-08-29,deterministic_parser:auto_extracted:ist_neben:range[676-692(17)],CONFIRMED,form_A,Der Zuschlag nach Nummer 402 ist neben den Leistungen nach den Nummern 403 sowie 676 bis 692 nicht berechnungsfähig.
excl_auto_681_402,681,402,one_way,GOÄ Anmerkung zu Nummer 402,Der Zuschlag nach Nummer 402 ist neben den Leistungen nach den Nummern 403 sowie 676 bis 692 nicht berechnungsfähig.,true,2026-08-29,deterministic_parser:auto_extracted:ist_neben:range[676-692(17)],CONFIRMED,form_A,Der Zuschlag nach Nummer 402 ist neben den Leistungen nach den Nummern 403 sowie 676 bis 692 nicht berechnungsfähig.
excl_auto_682_402,682,402,one_way,GOÄ Anmerkung zu Nummer 402,Der Zuschlag nach Nummer 402 ist neben den Leistungen nach den Nummern 403 sowie 676 bis 692 nicht berechnungsfähig.,true,2026-08-29,deterministic_parser:auto_extracted:ist_neben:range[676-692(17)],CONFIRMED,form_A,Der Zuschlag nach Nummer 402 ist neben den Leistungen nach den Nummern 403 sowie 676 bis 692 nicht berechnungsfähig.
excl_auto_683_402,683,402,one_way,GOÄ Anmerkung zu Nummer 402,Der Zuschlag nach Nummer 402 ist neben den Leistungen nach den Nummern 403 sowie 676 bis 692 nicht berechnungsfähig.,true,2026-08-29,deterministic_parser:auto_extracted:ist_neben:range[676-692(17)],CONFIRMED,form_A,Der Zuschlag nach Nummer 402 ist neben den Leistungen nach den Nummern 403 sowie 676 bis 692 nicht berechnungsfähig.
excl_auto_684_402,684,402,one_way,GOÄ Anmerkung zu Nummer 402,Der Zuschlag nach Nummer 402 ist neben den Leistungen nach den Nummern 403 sowie 676 bis 692 nicht berechnungsfähig.,true,2026-08-29,deterministic_parser:auto_extracted:ist_neben:range[676-692(17)],CONFIRMED,form_A,Der Zuschlag nach Nummer 402 ist neben den Leistungen nach den Nummern 403 sowie 676 bis 692 nicht berechnungsfähig.
excl_auto_685_402,685,402,one_way,GOÄ Anmerkung zu Nummer 402,Der Zuschlag nach Nummer 402 ist neben den Leistungen nach den Nummern 403 sowie 676 bis 692 nicht berechnungsfähig.,true,2026-08-29,deterministic_parser:auto_extracted:ist_neben:range[676-692(17)],CONFIRMED,form_A,Der Zuschlag nach Nummer 402 ist neben den Leistungen nach den Nummern 403 sowie 676 bis 692 nicht berechnungsfähig.
excl_auto_686_402,686,402,one_way,GOÄ Anmerkung zu Nummer 402,Der Zuschlag nach Nummer 402 ist neben den Leistungen nach den Nummern 403 sowie 676 bis 692 nicht berechnungsfähig.,true,2026-08-29,deterministic_parser:auto_extracted:ist_neben:range[676-692(17)],CONFIRMED,form_A,Der Zuschlag nach Nummer 402 ist neben den Leistungen nach den Nummern 403 sowie 676 bis 692 nicht berechnungsfähig.
excl_auto_687_402,687,402,one_way,GOÄ Anmerkung zu Nummer 402,Der Zuschlag nach Nummer 402 ist neben den Leistungen nach den Nummern 403 sowie 676 bis 692 nicht berechnungsfähig.,true,2026-08-29,deterministic_parser:auto_extracted:ist_neben:range[676-692(17)],CONFIRMED,form_A,Der Zuschlag nach Nummer 402 ist neben den Leistungen nach den Nummern 403 sowie 676 bis 692 nicht berechnungsfähig.
excl_auto_688_402,688,402,one_way,GOÄ Anmerkung zu Nummer 402,Der Zuschlag nach Nummer 402 ist neben den Leistungen nach den Nummern 403 sowie 676 bis 692 nicht berechnungsfähig.,true,2026-08-29,deterministic_parser:auto_extracted:ist_neben:range[676-692(17)],CONFIRMED,form_A,Der Zuschlag nach Nummer 402 ist neben den Leistungen nach den Nummern 403 sowie 676 bis 692 nicht berechnungsfähig.
excl_auto_689_402,689,402,one_way,GOÄ Anmerkung zu Nummer 402,Der Zuschlag nach Nummer 402 ist neben den Leistungen nach den Nummern 403 sowie 676 bis 692 nicht berechnungsfähig.,true,2026-08-29,deterministic_parser:auto_extracted:ist_neben:range[676-692(17)],CONFIRMED,form_A,Der Zuschlag nach Nummer 402 ist neben den Leistungen nach den Nummern 403 sowie 676 bis 692 nicht berechnungsfähig.
excl_auto_690_402,690,402,one_way,GOÄ Anmerkung zu Nummer 402,Der Zuschlag nach Nummer 402 ist neben den Leistungen nach den Nummern 403 sowie 676 bis 692 nicht berechnungsfähig.,true,2026-08-29,deterministic_parser:auto_extracted:ist_neben:range[676-692(17)],CONFIRMED,form_A,Der Zuschlag nach Nummer 402 ist neben den Leistungen nach den Nummern 403 sowie 676 bis 692 nicht berechnungsfähig.
excl_auto_691_402,691,402,one_way,GOÄ Anmerkung zu Nummer 402,Der Zuschlag nach Nummer 402 ist neben den Leistungen nach den Nummern 403 sowie 676 bis 692 nicht berechnungsfähig.,true,2026-08-29,deterministic_parser:auto_extracted:ist_neben:range[676-692(17)],CONFIRMED,form_A,Der Zuschlag nach Nummer 402 ist neben den Leistungen nach den Nummern 403 sowie 676 bis 692 nicht berechnungsfähig.
excl_auto_692_402,692,402,one_way,GOÄ Anmerkung zu Nummer 402,Der Zuschlag nach Nummer 402 ist neben den Leistungen nach den Nummern 403 sowie 676 bis 692 nicht berechnungsfähig.,true,2026-08-29,deterministic_parser:auto_extracted:ist_neben:range[676-692(17)],CONFIRMED,form_A,Der Zuschlag nach Nummer 402 ist neben den Leistungen nach den Nummern 403 sowie 676 bis 692 nicht berechnungsfähig.
excl_auto_402_403,402,403,mutual,GOÄ Anmerkung zu Nummer 403,Der Zuschlag nach Nummer 403 ist neben den Leistungen nach den Nummern 402 sowie 676 bis 692 nicht berechnungsfähig.,true,2026-08-29,deterministic_parser:auto_extracted:ist_neben:range[676-692(17)],CONFIRMED,form_A,Der Zuschlag nach Nummer 403 ist neben den Leistungen nach den Nummern 402 sowie 676 bis 692 nicht berechnungsfähig.
excl_auto_676_403,676,403,one_way,GOÄ Anmerkung zu Nummer 403,Der Zuschlag nach Nummer 403 ist neben den Leistungen nach den Nummern 402 sowie 676 bis 692 nicht berechnungsfähig.,true,2026-08-29,deterministic_parser:auto_extracted:ist_neben:range[676-692(17)],CONFIRMED,form_A,Der Zuschlag nach Nummer 403 ist neben den Leistungen nach den Nummern 402 sowie 676 bis 692 nicht berechnungsfähig.
excl_auto_677_403,677,403,one_way,GOÄ Anmerkung zu Nummer 403,Der Zuschlag nach Nummer 403 ist neben den Leistungen nach den Nummern 402 sowie 676 bis 692 nicht berechnungsfähig.,true,2026-08-29,deterministic_parser:auto_extracted:ist_neben:range[676-692(17)],CONFIRMED,form_A,Der Zuschlag nach Nummer 403 ist neben den Leistungen nach den Nummern 402 sowie 676 bis 692 nicht berechnungsfähig.
excl_auto_678_403,678,403,one_way,GOÄ Anmerkung zu Nummer 403,Der Zuschlag nach Nummer 403 ist neben den Leistungen nach den Nummern 402 sowie 676 bis 692 nicht berechnungsfähig.,true,2026-08-29,deterministic_parser:auto_extracted:ist_neben:range[676-692(17)],CONFIRMED,form_A,Der Zuschlag nach Nummer 403 ist neben den Leistungen nach den Nummern 402 sowie 676 bis 692 nicht berechnungsfähig.
excl_auto_679_403,679,403,one_way,GOÄ Anmerkung zu Nummer 403,Der Zuschlag nach Nummer 403 ist neben den Leistungen nach den Nummern 402 sowie 676 bis 692 nicht berechnungsfähig.,true,2026-08-29,deterministic_parser:auto_extracted:ist_neben:range[676-692(17)],CONFIRMED,form_A,Der Zuschlag nach Nummer 403 ist neben den Leistungen nach den Nummern 402 sowie 676 bis 692 nicht berechnungsfähig.
excl_auto_680_403,680,403,one_way,GOÄ Anmerkung zu Nummer 403,Der Zuschlag nach Nummer 403 ist neben den Leistungen nach den Nummern 402 sowie 676 bis 692 nicht berechnungsfähig.,true,2026-08-29,deterministic_parser:auto_extracted:ist_neben:range[676-692(17)],CONFIRMED,form_A,Der Zuschlag nach Nummer 403 ist neben den Leistungen nach den Nummern 402 sowie 676 bis 692 nicht berechnungsfähig.
excl_auto_681_403,681,403,one_way,GOÄ Anmerkung zu Nummer 403,Der Zuschlag nach Nummer 403 ist neben den Leistungen nach den Nummern 402 sowie 676 bis 692 nicht berechnungsfähig.,true,2026-08-29,deterministic_parser:auto_extracted:ist_neben:range[676-692(17)],CONFIRMED,form_A,Der Zuschlag nach Nummer 403 ist neben den Leistungen nach den Nummern 402 sowie 676 bis 692 nicht berechnungsfähig.
excl_auto_682_403,682,403,one_way,GOÄ Anmerkung zu Nummer 403,Der Zuschlag nach Nummer 403 ist neben den Leistungen nach den Nummern 402 sowie 676 bis 692 nicht berechnungsfähig.,true,2026-08-29,deterministic_parser:auto_extracted:ist_neben:range[676-692(17)],CONFIRMED,form_A,Der Zuschlag nach Nummer 403 ist neben den Leistungen nach den Nummern 402 sowie 676 bis 692 nicht berechnungsfähig.
excl_auto_683_403,683,403,one_way,GOÄ Anmerkung zu Nummer 403,Der Zuschlag nach Nummer 403 ist neben den Leistungen nach den Nummern 402 sowie 676 bis 692 nicht berechnungsfähig.,true,2026-08-29,deterministic_parser:auto_extracted:ist_neben:range[676-692(17)],CONFIRMED,form_A,Der Zuschlag nach Nummer 403 ist neben den Leistungen nach den Nummern 402 sowie 676 bis 692 nicht berechnungsfähig.
excl_auto_684_403,684,403,one_way,GOÄ Anmerkung zu Nummer 403,Der Zuschlag nach Nummer 403 ist neben den Leistungen nach den Nummern 402 sowie 676 bis 692 nicht berechnungsfähig.,true,2026-08-29,deterministic_parser:auto_extracted:ist_neben:range[676-692(17)],CONFIRMED,form_A,Der Zuschlag nach Nummer 403 ist neben den Leistungen nach den Nummern 402 sowie 676 bis 692 nicht berechnungsfähig.
excl_auto_685_403,685,403,one_way,GOÄ Anmerkung zu Nummer 403,Der Zuschlag nach Nummer 403 ist neben den Leistungen nach den Nummern 402 sowie 676 bis 692 nicht berechnungsfähig.,true,2026-08-29,deterministic_parser:auto_extracted:ist_neben:range[676-692(17)],CONFIRMED,form_A,Der Zuschlag nach Nummer 403 ist neben den Leistungen nach den Nummern 402 sowie 676 bis 692 nicht berechnungsfähig.
excl_auto_686_403,686,403,one_way,GOÄ Anmerkung zu Nummer 403,Der Zuschlag nach Nummer 403 ist neben den Leistungen nach den Nummern 402 sowie 676 bis 692 nicht berechnungsfähig.,true,2026-08-29,deterministic_parser:auto_extracted:ist_neben:range[676-692(17)],CONFIRMED,form_A,Der Zuschlag nach Nummer 403 ist neben den Leistungen nach den Nummern 402 sowie 676 bis 692 nicht berechnungsfähig.
excl_auto_687_403,687,403,one_way,GOÄ Anmerkung zu Nummer 403,Der Zuschlag nach Nummer 403 ist neben den Leistungen nach den Nummern 402 sowie 676 bis 692 nicht berechnungsfähig.,true,2026-08-29,deterministic_parser:auto_extracted:ist_neben:range[676-692(17)],CONFIRMED,form_A,Der Zuschlag nach Nummer 403 ist neben den Leistungen nach den Nummern 402 sowie 676 bis 692 nicht berechnungsfähig.
excl_auto_688_403,688,403,one_way,GOÄ Anmerkung zu Nummer 403,Der Zuschlag nach Nummer 403 ist neben den Leistungen nach den Nummern 402 sowie 676 bis 692 nicht berechnungsfähig.,true,2026-08-29,deterministic_parser:auto_extracted:ist_neben:range[676-692(17)],CONFIRMED,form_A,Der Zuschlag nach Nummer 403 ist neben den Leistungen nach den Nummern 402 sowie 676 bis 692 nicht berechnungsfähig.
excl_auto_689_403,689,403,one_way,GOÄ Anmerkung zu Nummer 403,Der Zuschlag nach Nummer 403 ist neben den Leistungen nach den Nummern 402 sowie 676 bis 692 nicht berechnungsfähig.,true,2026-08-29,deterministic_parser:auto_extracted:ist_neben:range[676-692(17)],CONFIRMED,form_A,Der Zuschlag nach Nummer 403 ist neben den Leistungen nach den Nummern 402 sowie 676 bis 692 nicht berechnungsfähig.
excl_auto_690_403,690,403,one_way,GOÄ Anmerkung zu Nummer 403,Der Zuschlag nach Nummer 403 ist neben den Leistungen nach den Nummern 402 sowie 676 bis 692 nicht berechnungsfähig.,true,2026-08-29,deterministic_parser:auto_extracted:ist_neben:range[676-692(17)],CONFIRMED,form_A,Der Zuschlag nach Nummer 403 ist neben den Leistungen nach den Nummern 402 sowie 676 bis 692 nicht berechnungsfähig.
excl_auto_691_403,691,403,one_way,GOÄ Anmerkung zu Nummer 403,Der Zuschlag nach Nummer 403 ist neben den Leistungen nach den Nummern 402 sowie 676 bis 692 nicht berechnungsfähig.,true,2026-08-29,deterministic_parser:auto_extracted:ist_neben:range[676-692(17)],CONFIRMED,form_A,Der Zuschlag nach Nummer 403 ist neben den Leistungen nach den Nummern 402 sowie 676 bis 692 nicht berechnungsfähig.
excl_auto_692_403,692,403,one_way,GOÄ Anmerkung zu Nummer 403,Der Zuschlag nach Nummer 403 ist neben den Leistungen nach den Nummern 402 sowie 676 bis 692 nicht berechnungsfähig.,true,2026-08-29,deterministic_parser:auto_extracted:ist_neben:range[676-692(17)],CONFIRMED,form_A,Der Zuschlag nach Nummer 403 ist neben den Leistungen nach den Nummern 402 sowie 676 bis 692 nicht berechnungsfähig.
excl_auto_422_404,422,404,one_way,GOÄ Anmerkung zu Nummer 404,"Der Zuschlag nach Nummer 404 ist neben den Leistungen nach den Nummern 422, 423, 644, 645, 649 und/oder 1754 nicht berechnungsfähig.",true,2026-08-29,deterministic_parser:auto_extracted:ist_neben,CONFIRMED,form_A,"Der Zuschlag nach Nummer 404 ist neben den Leistungen nach den Nummern 422, 423, 644, 645, 649 und/oder 1754 nicht berechnungsfähig."
excl_auto_423_404,423,404,one_way,GOÄ Anmerkung zu Nummer 404,"Der Zuschlag nach Nummer 404 ist neben den Leistungen nach den Nummern 422, 423, 644, 645, 649 und/oder 1754 nicht berechnungsfähig.",true,2026-08-29,deterministic_parser:auto_extracted:ist_neben,CONFIRMED,form_A,"Der Zuschlag nach Nummer 404 ist neben den Leistungen nach den Nummern 422, 423, 644, 645, 649 und/oder 1754 nicht berechnungsfähig."
excl_auto_644_404,644,404,one_way,GOÄ Anmerkung zu Nummer 404,"Der Zuschlag nach Nummer 404 ist neben den Leistungen nach den Nummern 422, 423, 644, 645, 649 und/oder 1754 nicht berechnungsfähig.",true,2026-08-29,deterministic_parser:auto_extracted:ist_neben,CONFIRMED,form_A,"Der Zuschlag nach Nummer 404 ist neben den Leistungen nach den Nummern 422, 423, 644, 645, 649 und/oder 1754 nicht berechnungsfähig."
excl_auto_645_404,645,404,one_way,GOÄ Anmerkung zu Nummer 404,"Der Zuschlag nach Nummer 404 ist neben den Leistungen nach den Nummern 422, 423, 644, 645, 649 und/oder 1754 nicht berechnungsfähig.",true,2026-08-29,deterministic_parser:auto_extracted:ist_neben,CONFIRMED,form_A,"Der Zuschlag nach Nummer 404 ist neben den Leistungen nach den Nummern 422, 423, 644, 645, 649 und/oder 1754 nicht berechnungsfähig."
excl_auto_649_404,649,404,one_way,GOÄ Anmerkung zu Nummer 404,"Der Zuschlag nach Nummer 404 ist neben den Leistungen nach den Nummern 422, 423, 644, 645, 649 und/oder 1754 nicht berechnungsfähig.",true,2026-08-29,deterministic_parser:auto_extracted:ist_neben,CONFIRMED,form_A,"Der Zuschlag nach Nummer 404 ist neben den Leistungen nach den Nummern 422, 423, 644, 645, 649 und/oder 1754 nicht berechnungsfähig."
excl_auto_1754_404,1754,404,one_way,GOÄ Anmerkung zu Nummer 404,"Der Zuschlag nach Nummer 404 ist neben den Leistungen nach den Nummern 422, 423, 644, 645, 649 und/oder 1754 nicht berechnungsfähig.",true,2026-08-29,deterministic_parser:auto_extracted:ist_neben,CONFIRMED,form_A,"Der Zuschlag nach Nummer 404 ist neben den Leistungen nach den Nummern 422, 423, 644, 645, 649 und/oder 1754 nicht berechnungsfähig."
excl_auto_427_462,427,462,one_way,GOÄ Anmerkung zu Nummer 428,"Neben den Leistungen nach den Nummern 427 und 428 sind die Leistungen nach den Nummern 462, 463 und/oder 501 nicht berechnungsfähig.",true,2026-08-29,deterministic_parser:auto_extracted:neben_sind,CONFIRMED,form_B,"Neben den Leistungen nach den Nummern 427 und 428 sind die Leistungen nach den Nummern 462, 463 und/oder 501 nicht berechnungsfähig."
excl_auto_427_463,427,463,one_way,GOÄ Anmerkung zu Nummer 428,"Neben den Leistungen nach den Nummern 427 und 428 sind die Leistungen nach den Nummern 462, 463 und/oder 501 nicht berechnungsfähig.",true,2026-08-29,deterministic_parser:auto_extracted:neben_sind,CONFIRMED,form_B,"Neben den Leistungen nach den Nummern 427 und 428 sind die Leistungen nach den Nummern 462, 463 und/oder 501 nicht berechnungsfähig."
excl_auto_427_501,427,501,one_way,GOÄ Anmerkung zu Nummer 428,"Neben den Leistungen nach den Nummern 427 und 428 sind die Leistungen nach den Nummern 462, 463 und/oder 501 nicht berechnungsfähig.",true,2026-08-29,deterministic_parser:auto_extracted:neben_sind,CONFIRMED,form_B,"Neben den Leistungen nach den Nummern 427 und 428 sind die Leistungen nach den Nummern 462, 463 und/oder 501 nicht berechnungsfähig."
excl_auto_428_462,428,462,one_way,GOÄ Anmerkung zu Nummer 428,"Neben den Leistungen nach den Nummern 427 und 428 sind die Leistungen nach den Nummern 462, 463 und/oder 501 nicht berechnungsfähig.",true,2026-08-29,deterministic_parser:auto_extracted:neben_sind,CONFIRMED,form_B,"Neben den Leistungen nach den Nummern 427 und 428 sind die Leistungen nach den Nummern 462, 463 und/oder 501 nicht berechnungsfähig."
excl_auto_428_463,428,463,one_way,GOÄ Anmerkung zu Nummer 428,"Neben den Leistungen nach den Nummern 427 und 428 sind die Leistungen nach den Nummern 462, 463 und/oder 501 nicht berechnungsfähig.",true,2026-08-29,deterministic_parser:auto_extracted:neben_sind,CONFIRMED,form_B,"Neben den Leistungen nach den Nummern 427 und 428 sind die Leistungen nach den Nummern 462, 463 und/oder 501 nicht berechnungsfähig."
excl_auto_428_501,428,501,one_way,GOÄ Anmerkung zu Nummer 428,"Neben den Leistungen nach den Nummern 427 und 428 sind die Leistungen nach den Nummern 462, 463 und/oder 501 nicht berechnungsfähig.",true,2026-08-29,deterministic_parser:auto_extracted:neben_sind,CONFIRMED,form_B,"Neben den Leistungen nach den Nummern 427 und 428 sind die Leistungen nach den Nummern 462, 463 und/oder 501 nicht berechnungsfähig."
excl_auto_501_500,501,500,one_way,GOÄ Anmerkung zu Nummer 501,Neben der Leistung nach Nummer 501 sind die Leistungen nach den Nummern 500 und 505 nicht berechnungsfähig.,true,2026-08-29,deterministic_parser:auto_extracted:neben_sind,CONFIRMED,form_B,Neben der Leistung nach Nummer 501 sind die Leistungen nach den Nummern 500 und 505 nicht berechnungsfähig.
excl_auto_501_505,501,505,one_way,GOÄ Anmerkung zu Nummer 501,Neben der Leistung nach Nummer 501 sind die Leistungen nach den Nummern 500 und 505 nicht berechnungsfähig.,true,2026-08-29,deterministic_parser:auto_extracted:neben_sind,CONFIRMED,form_B,Neben der Leistung nach Nummer 501 sind die Leistungen nach den Nummern 500 und 505 nicht berechnungsfähig.
excl_auto_510_521,510,521,one_way,GOÄ Anmerkung zu Nummer 510,Neben der Leistung nach Nummer 510 ist die Leistung nach Nummer 521 nicht berechnungsfähig.,true,2026-08-29,deterministic_parser:auto_extracted:neben_sind,CONFIRMED,form_B,Neben der Leistung nach Nummer 510 ist die Leistung nach Nummer 521 nicht berechnungsfähig.
excl_auto_538_560,538,560,mutual,GOÄ Anmerkung zu Nummer 562,"Die Leistungen nach den Nummern 538, 560, 561 und 562 sind nicht nebeneinander berechnungsfähig.",true,2026-08-29,deterministic_parser:auto_extracted:nicht_nebeneinander,CONFIRMED,form_C,"Die Leistungen nach den Nummern 538, 560, 561 und 562 sind nicht nebeneinander berechnungsfähig."
excl_auto_538_561,538,561,mutual,GOÄ Anmerkung zu Nummer 562,"Die Leistungen nach den Nummern 538, 560, 561 und 562 sind nicht nebeneinander berechnungsfähig.",true,2026-08-29,deterministic_parser:auto_extracted:nicht_nebeneinander,CONFIRMED,form_C,"Die Leistungen nach den Nummern 538, 560, 561 und 562 sind nicht nebeneinander berechnungsfähig."
excl_auto_538_562,538,562,mutual,GOÄ Anmerkung zu Nummer 562,"Die Leistungen nach den Nummern 538, 560, 561 und 562 sind nicht nebeneinander berechnungsfähig.",true,2026-08-29,deterministic_parser:auto_extracted:nicht_nebeneinander,CONFIRMED,form_C,"Die Leistungen nach den Nummern 538, 560, 561 und 562 sind nicht nebeneinander berechnungsfähig."
excl_auto_560_538,560,538,mutual,GOÄ Anmerkung zu Nummer 562,"Die Leistungen nach den Nummern 538, 560, 561 und 562 sind nicht nebeneinander berechnungsfähig.",true,2026-08-29,deterministic_parser:auto_extracted:nicht_nebeneinander,CONFIRMED,form_C,"Die Leistungen nach den Nummern 538, 560, 561 und 562 sind nicht nebeneinander berechnungsfähig."
excl_auto_560_561,560,561,mutual,GOÄ Anmerkung zu Nummer 562,"Die Leistungen nach den Nummern 538, 560, 561 und 562 sind nicht nebeneinander berechnungsfähig.",true,2026-08-29,deterministic_parser:auto_extracted:nicht_nebeneinander,CONFIRMED,form_C,"Die Leistungen nach den Nummern 538, 560, 561 und 562 sind nicht nebeneinander berechnungsfähig."
excl_auto_560_562,560,562,mutual,GOÄ Anmerkung zu Nummer 562,"Die Leistungen nach den Nummern 538, 560, 561 und 562 sind nicht nebeneinander berechnungsfähig.",true,2026-08-29,deterministic_parser:auto_extracted:nicht_nebeneinander,CONFIRMED,form_C,"Die Leistungen nach den Nummern 538, 560, 561 und 562 sind nicht nebeneinander berechnungsfähig."
excl_auto_561_538,561,538,mutual,GOÄ Anmerkung zu Nummer 562,"Die Leistungen nach den Nummern 538, 560, 561 und 562 sind nicht nebeneinander berechnungsfähig.",true,2026-08-29,deterministic_parser:auto_extracted:nicht_nebeneinander,CONFIRMED,form_C,"Die Leistungen nach den Nummern 538, 560, 561 und 562 sind nicht nebeneinander berechnungsfähig."
excl_auto_561_560,561,560,mutual,GOÄ Anmerkung zu Nummer 562,"Die Leistungen nach den Nummern 538, 560, 561 und 562 sind nicht nebeneinander berechnungsfähig.",true,2026-08-29,deterministic_parser:auto_extracted:nicht_nebeneinander,CONFIRMED,form_C,"Die Leistungen nach den Nummern 538, 560, 561 und 562 sind nicht nebeneinander berechnungsfähig."
excl_auto_561_562,561,562,mutual,GOÄ Anmerkung zu Nummer 562,"Die Leistungen nach den Nummern 538, 560, 561 und 562 sind nicht nebeneinander berechnungsfähig.",true,2026-08-29,deterministic_parser:auto_extracted:nicht_nebeneinander,CONFIRMED,form_C,"Die Leistungen nach den Nummern 538, 560, 561 und 562 sind nicht nebeneinander berechnungsfähig."
excl_auto_562_538,562,538,mutual,GOÄ Anmerkung zu Nummer 562,"Die Leistungen nach den Nummern 538, 560, 561 und 562 sind nicht nebeneinander berechnungsfähig.",true,2026-08-29,deterministic_parser:auto_extracted:nicht_nebeneinander,CONFIRMED,form_C,"Die Leistungen nach den Nummern 538, 560, 561 und 562 sind nicht nebeneinander berechnungsfähig."
excl_auto_562_560,562,560,mutual,GOÄ Anmerkung zu Nummer 562,"Die Leistungen nach den Nummern 538, 560, 561 und 562 sind nicht nebeneinander berechnungsfähig.",true,2026-08-29,deterministic_parser:auto_extracted:nicht_nebeneinander,CONFIRMED,form_C,"Die Leistungen nach den Nummern 538, 560, 561 und 562 sind nicht nebeneinander berechnungsfähig."
excl_auto_562_561,562,561,mutual,GOÄ Anmerkung zu Nummer 562,"Die Leistungen nach den Nummern 538, 560, 561 und 562 sind nicht nebeneinander berechnungsfähig.",true,2026-08-29,deterministic_parser:auto_extracted:nicht_nebeneinander,CONFIRMED,form_C,"Die Leistungen nach den Nummern 538, 560, 561 und 562 sind nicht nebeneinander berechnungsfähig."
excl_auto_603_608,603,608,one_way,GOÄ Anmerkung zu Nummer 603,Neben der Leistung nach Nummer 603 ist die Leistung nach Nummer 608 nicht berechnungsfähig.,true,2026-08-29,deterministic_parser:auto_extracted:neben_sind,CONFIRMED,form_B,Neben der Leistung nach Nummer 603 ist die Leistung nach Nummer 608 nicht berechnungsfähig.
excl_auto_604_603,604,603,one_way,GOÄ Anmerkung zu Nummer 604,Neben der Leistung nach der Nummer 604 sind die Leistungen nach den Nummern 603 und 608 nicht berechnungsfähig.,true,2026-08-29,deterministic_parser:auto_extracted:neben_sind,CONFIRMED,form_B,Neben der Leistung nach der Nummer 604 sind die Leistungen nach den Nummern 603 und 608 nicht berechnungsfähig.
excl_auto_604_608,604,608,one_way,GOÄ Anmerkung zu Nummer 604,Neben der Leistung nach der Nummer 604 sind die Leistungen nach den Nummern 603 und 608 nicht berechnungsfähig.,true,2026-08-29,deterministic_parser:auto_extracted:neben_sind,CONFIRMED,form_B,Neben der Leistung nach der Nummer 604 sind die Leistungen nach den Nummern 603 und 608 nicht berechnungsfähig.
excl_auto_610_605,610,605,one_way,GOÄ Anmerkung zu Nummer 610,Neben der Leistung nach Nummer 610 sind die Leistungen nach den Nummern 605 und 608 nicht berechnungsfähig.,true,2026-08-29,deterministic_parser:auto_extracted:neben_sind,CONFIRMED,form_B,Neben der Leistung nach Nummer 610 sind die Leistungen nach den Nummern 605 und 608 nicht berechnungsfähig.
excl_auto_610_608,610,608,one_way,GOÄ Anmerkung zu Nummer 610,Neben der Leistung nach Nummer 610 sind die Leistungen nach den Nummern 605 und 608 nicht berechnungsfähig.,true,2026-08-29,deterministic_parser:auto_extracted:neben_sind,CONFIRMED,form_B,Neben der Leistung nach Nummer 610 sind die Leistungen nach den Nummern 605 und 608 nicht berechnungsfähig.
excl_auto_612_605,612,605,one_way,GOÄ Anmerkung zu Nummer 612,"Neben der Leistung nach Nummer 612 sind die Leistungen nach den Nummern 605, 608, 609 und 610 nicht berechnungsfähig.",true,2026-08-29,deterministic_parser:auto_extracted:neben_sind,CONFIRMED,form_B,"Neben der Leistung nach Nummer 612 sind die Leistungen nach den Nummern 605, 608, 609 und 610 nicht berechnungsfähig."
excl_auto_612_608,612,608,one_way,GOÄ Anmerkung zu Nummer 612,"Neben der Leistung nach Nummer 612 sind die Leistungen nach den Nummern 605, 608, 609 und 610 nicht berechnungsfähig.",true,2026-08-29,deterministic_parser:auto_extracted:neben_sind,CONFIRMED,form_B,"Neben der Leistung nach Nummer 612 sind die Leistungen nach den Nummern 605, 608, 609 und 610 nicht berechnungsfähig."
excl_auto_612_609,612,609,one_way,GOÄ Anmerkung zu Nummer 612,"Neben der Leistung nach Nummer 612 sind die Leistungen nach den Nummern 605, 608, 609 und 610 nicht berechnungsfähig.",true,2026-08-29,deterministic_parser:auto_extracted:neben_sind,CONFIRMED,form_B,"Neben der Leistung nach Nummer 612 sind die Leistungen nach den Nummern 605, 608, 609 und 610 nicht berechnungsfähig."
excl_auto_612_610,612,610,one_way,GOÄ Anmerkung zu Nummer 612,"Neben der Leistung nach Nummer 612 sind die Leistungen nach den Nummern 605, 608, 609 und 610 nicht berechnungsfähig.",true,2026-08-29,deterministic_parser:auto_extracted:neben_sind,CONFIRMED,form_B,"Neben der Leistung nach Nummer 612 sind die Leistungen nach den Nummern 605, 608, 609 und 610 nicht berechnungsfähig."
excl_auto_616_615,616,615,one_way,GOÄ Anmerkung zu Nummer 616,Neben der Leistung nach Nummer 616 ist die Leistung nach Nummer 615 nicht berechnungsfähig.,true,2026-08-29,deterministic_parser:auto_extracted:neben_sind,CONFIRMED,form_B,Neben der Leistung nach Nummer 616 ist die Leistung nach Nummer 615 nicht berechnungsfähig.
excl_auto_624_623,624,623,one_way,GOÄ Anmerkung zu Nummer 624,Neben der Leistung nach Nummer 624 ist die Leistung nach Nummer 623 nicht berechnungsfähig.,true,2026-08-29,deterministic_parser:auto_extracted:neben_sind,CONFIRMED,form_B,Neben der Leistung nach Nummer 624 ist die Leistung nach Nummer 623 nicht berechnungsfähig.
excl_auto_626_361,626,361,one_way,GOÄ Anmerkung zu Nummer 626,"Neben der Leistung nach Nummer 626 sind die Leistungen nach den Nummern 355, 356, 360, 361, 602, 648, 650, 651, 3710 und 5295 nicht berechnungsfähig.",true,2026-08-29,deterministic_parser:auto_extracted:neben_sind,CONFIRMED,form_B,"Neben der Leistung nach Nummer 626 sind die Leistungen nach den Nummern 355, 356, 360, 361, 602, 648, 650, 651, 3710 und 5295 nicht berechnungsfähig."
excl_auto_626_602,626,602,one_way,GOÄ Anmerkung zu Nummer 626,"Neben der Leistung nach Nummer 626 sind die Leistungen nach den Nummern 355, 356, 360, 361, 602, 648, 650, 651, 3710 und 5295 nicht berechnungsfähig.",true,2026-08-29,deterministic_parser:auto_extracted:neben_sind,CONFIRMED,form_B,"Neben der Leistung nach Nummer 626 sind die Leistungen nach den Nummern 355, 356, 360, 361, 602, 648, 650, 651, 3710 und 5295 nicht berechnungsfähig."
excl_auto_626_648,626,648,one_way,GOÄ Anmerkung zu Nummer 626,"Neben der Leistung nach Nummer 626 sind die Leistungen nach den Nummern 355, 356, 360, 361, 602, 648, 650, 651, 3710 und 5295 nicht berechnungsfähig.",true,2026-08-29,deterministic_parser:auto_extracted:neben_sind,CONFIRMED,form_B,"Neben der Leistung nach Nummer 626 sind die Leistungen nach den Nummern 355, 356, 360, 361, 602, 648, 650, 651, 3710 und 5295 nicht berechnungsfähig."
excl_auto_626_650,626,650,one_way,GOÄ Anmerkung zu Nummer 626,"Neben der Leistung nach Nummer 626 sind die Leistungen nach den Nummern 355, 356, 360, 361, 602, 648, 650, 651, 3710 und 5295 nicht berechnungsfähig.",true,2026-08-29,deterministic_parser:auto_extracted:neben_sind,CONFIRMED,form_B,"Neben der Leistung nach Nummer 626 sind die Leistungen nach den Nummern 355, 356, 360, 361, 602, 648, 650, 651, 3710 und 5295 nicht berechnungsfähig."
excl_auto_626_651,626,651,one_way,GOÄ Anmerkung zu Nummer 626,"Neben der Leistung nach Nummer 626 sind die Leistungen nach den Nummern 355, 356, 360, 361, 602, 648, 650, 651, 3710 und 5295 nicht berechnungsfähig.",true,2026-08-29,deterministic_parser:auto_extracted:neben_sind,CONFIRMED,form_B,"Neben der Leistung nach Nummer 626 sind die Leistungen nach den Nummern 355, 356, 360, 361, 602, 648, 650, 651, 3710 und 5295 nicht berechnungsfähig."
excl_auto_626_3710,626,3710,one_way,GOÄ Anmerkung zu Nummer 626,"Neben der Leistung nach Nummer 626 sind die Leistungen nach den Nummern 355, 356, 360, 361, 602, 648, 650, 651, 3710 und 5295 nicht berechnungsfähig.",true,2026-08-29,deterministic_parser:auto_extracted:neben_sind,CONFIRMED,form_B,"Neben der Leistung nach Nummer 626 sind die Leistungen nach den Nummern 355, 356, 360, 361, 602, 648, 650, 651, 3710 und 5295 nicht berechnungsfähig."
excl_auto_626_5295,626,5295,one_way,GOÄ Anmerkung zu Nummer 626,"Neben der Leistung nach Nummer 626 sind die Leistungen nach den Nummern 355, 356, 360, 361, 602, 648, 650, 651, 3710 und 5295 nicht berechnungsfähig.",true,2026-08-29,deterministic_parser:auto_extracted:neben_sind,CONFIRMED,form_B,"Neben der Leistung nach Nummer 626 sind die Leistungen nach den Nummern 355, 356, 360, 361, 602, 648, 650, 651, 3710 und 5295 nicht berechnungsfähig."
excl_auto_627_361,627,361,one_way,GOÄ Anmerkung zu Nummer 627,"Neben der Leistung nach Nummer 627 sind die Leistungen nach den Nummern 355, 356, 360, 361, 602, 648, 650, 651, 3710 und 5295 nicht berechnungsfähig.",true,2026-08-29,deterministic_parser:auto_extracted:neben_sind,CONFIRMED,form_B,"Neben der Leistung nach Nummer 627 sind die Leistungen nach den Nummern 355, 356, 360, 361, 602, 648, 650, 651, 3710 und 5295 nicht berechnungsfähig."
excl_auto_627_602,627,602,one_way,GOÄ Anmerkung zu Nummer 627,"Neben der Leistung nach Nummer 627 sind die Leistungen nach den Nummern 355, 356, 360, 361, 602, 648, 650, 651, 3710 und 5295 nicht berechnungsfähig.",true,2026-08-29,deterministic_parser:auto_extracted:neben_sind,CONFIRMED,form_B,"Neben der Leistung nach Nummer 627 sind die Leistungen nach den Nummern 355, 356, 360, 361, 602, 648, 650, 651, 3710 und 5295 nicht berechnungsfähig."
excl_auto_627_648,627,648,one_way,GOÄ Anmerkung zu Nummer 627,"Neben der Leistung nach Nummer 627 sind die Leistungen nach den Nummern 355, 356, 360, 361, 602, 648, 650, 651, 3710 und 5295 nicht berechnungsfähig.",true,2026-08-29,deterministic_parser:auto_extracted:neben_sind,CONFIRMED,form_B,"Neben der Leistung nach Nummer 627 sind die Leistungen nach den Nummern 355, 356, 360, 361, 602, 648, 650, 651, 3710 und 5295 nicht berechnungsfähig."
excl_auto_627_650,627,650,one_way,GOÄ Anmerkung zu Nummer 627,"Neben der Leistung nach Nummer 627 sind die Leistungen nach den Nummern 355, 356, 360, 361, 602, 648, 650, 651, 3710 und 5295 nicht berechnungsfähig.",true,2026-08-29,deterministic_parser:auto_extracted:neben_sind,CONFIRMED,form_B,"Neben der Leistung nach Nummer 627 sind die Leistungen nach den Nummern 355, 356, 360, 361, 602, 648, 650, 651, 3710 und 5295 nicht berechnungsfähig."
excl_auto_627_651,627,651,one_way,GOÄ Anmerkung zu Nummer 627,"Neben der Leistung nach Nummer 627 sind die Leistungen nach den Nummern 355, 356, 360, 361, 602, 648, 650, 651, 3710 und 5295 nicht berechnungsfähig.",true,2026-08-29,deterministic_parser:auto_extracted:neben_sind,CONFIRMED,form_B,"Neben der Leistung nach Nummer 627 sind die Leistungen nach den Nummern 355, 356, 360, 361, 602, 648, 650, 651, 3710 und 5295 nicht berechnungsfähig."
excl_auto_627_3710,627,3710,one_way,GOÄ Anmerkung zu Nummer 627,"Neben der Leistung nach Nummer 627 sind die Leistungen nach den Nummern 355, 356, 360, 361, 602, 648, 650, 651, 3710 und 5295 nicht berechnungsfähig.",true,2026-08-29,deterministic_parser:auto_extracted:neben_sind,CONFIRMED,form_B,"Neben der Leistung nach Nummer 627 sind die Leistungen nach den Nummern 355, 356, 360, 361, 602, 648, 650, 651, 3710 und 5295 nicht berechnungsfähig."
excl_auto_627_5295,627,5295,one_way,GOÄ Anmerkung zu Nummer 627,"Neben der Leistung nach Nummer 627 sind die Leistungen nach den Nummern 355, 356, 360, 361, 602, 648, 650, 651, 3710 und 5295 nicht berechnungsfähig.",true,2026-08-29,deterministic_parser:auto_extracted:neben_sind,CONFIRMED,form_B,"Neben der Leistung nach Nummer 627 sind die Leistungen nach den Nummern 355, 356, 360, 361, 602, 648, 650, 651, 3710 und 5295 nicht berechnungsfähig."
excl_auto_628_602,628,602,one_way,GOÄ Anmerkung zu Nummer 628,"Neben der Leistung nach Nummer 628 sind die Leistungen nach den Nummern 602, 648, 650, 651, 3710 und 5295 nicht berechnungsfähig.",true,2026-08-29,deterministic_parser:auto_extracted:neben_sind,CONFIRMED,form_B,"Neben der Leistung nach Nummer 628 sind die Leistungen nach den Nummern 602, 648, 650, 651, 3710 und 5295 nicht berechnungsfähig."
excl_auto_628_648,628,648,one_way,GOÄ Anmerkung zu Nummer 628,"Neben der Leistung nach Nummer 628 sind die Leistungen nach den Nummern 602, 648, 650, 651, 3710 und 5295 nicht berechnungsfähig.",true,2026-08-29,deterministic_parser:auto_extracted:neben_sind,CONFIRMED,form_B,"Neben der Leistung nach Nummer 628 sind die Leistungen nach den Nummern 602, 648, 650, 651, 3710 und 5295 nicht berechnungsfähig."
excl_auto_628_650,628,650,one_way,GOÄ Anmerkung zu Nummer 628,"Neben der Leistung nach Nummer 628 sind die Leistungen nach den Nummern 602, 648, 650, 651, 3710 und 5295 nicht berechnungsfähig.",true,2026-08-29,deterministic_parser:auto_extracted:neben_sind,CONFIRMED,form_B,"Neben der Leistung nach Nummer 628 sind die Leistungen nach den Nummern 602, 648, 650, 651, 3710 und 5295 nicht berechnungsfähig."
excl_auto_628_651,628,651,one_way,GOÄ Anmerkung zu Nummer 628,"Neben der Leistung nach Nummer 628 sind die Leistungen nach den Nummern 602, 648, 650, 651, 3710 und 5295 nicht berechnungsfähig.",true,2026-08-29,deterministic_parser:auto_extracted:neben_sind,CONFIRMED,form_B,"Neben der Leistung nach Nummer 628 sind die Leistungen nach den Nummern 602, 648, 650, 651, 3710 und 5295 nicht berechnungsfähig."
excl_auto_628_3710,628,3710,one_way,GOÄ Anmerkung zu Nummer 628,"Neben der Leistung nach Nummer 628 sind die Leistungen nach den Nummern 602, 648, 650, 651, 3710 und 5295 nicht berechnungsfähig.",true,2026-08-29,deterministic_parser:auto_extracted:neben_sind,CONFIRMED,form_B,"Neben der Leistung nach Nummer 628 sind die Leistungen nach den Nummern 602, 648, 650, 651, 3710 und 5295 nicht berechnungsfähig."
excl_auto_628_5295,628,5295,one_way,GOÄ Anmerkung zu Nummer 628,"Neben der Leistung nach Nummer 628 sind die Leistungen nach den Nummern 602, 648, 650, 651, 3710 und 5295 nicht berechnungsfähig.",true,2026-08-29,deterministic_parser:auto_extracted:neben_sind,CONFIRMED,form_B,"Neben der Leistung nach Nummer 628 sind die Leistungen nach den Nummern 602, 648, 650, 651, 3710 und 5295 nicht berechnungsfähig."
excl_auto_629_355,629,355,one_way,GOÄ Anmerkung zu Nummer 629,"Neben der Leistung nach Nummer 629 sind die Leistungen nach den Nummern 355, 356, 602, 648, 650, 651, 3710 und 5295 nicht berechnungsfähig.",true,2026-08-29,deterministic_parser:auto_extracted:neben_sind,CONFIRMED,form_B,"Neben der Leistung nach Nummer 629 sind die Leistungen nach den Nummern 355, 356, 602, 648, 650, 651, 3710 und 5295 nicht berechnungsfähig."
excl_auto_629_356,629,356,one_way,GOÄ Anmerkung zu Nummer 629,"Neben der Leistung nach Nummer 629 sind die Leistungen nach den Nummern 355, 356, 602, 648, 650, 651, 3710 und 5295 nicht berechnungsfähig.",true,2026-08-29,deterministic_parser:auto_extracted:neben_sind,CONFIRMED,form_B,"Neben der Leistung nach Nummer 629 sind die Leistungen nach den Nummern 355, 356, 602, 648, 650, 651, 3710 und 5295 nicht berechnungsfähig."
excl_auto_629_602,629,602,one_way,GOÄ Anmerkung zu Nummer 629,"Neben der Leistung nach Nummer 629 sind die Leistungen nach den Nummern 355, 356, 602, 648, 650, 651, 3710 und 5295 nicht berechnungsfähig.",true,2026-08-29,deterministic_parser:auto_extracted:neben_sind,CONFIRMED,form_B,"Neben der Leistung nach Nummer 629 sind die Leistungen nach den Nummern 355, 356, 602, 648, 650, 651, 3710 und 5295 nicht berechnungsfähig."
excl_auto_629_648,629,648,one_way,GOÄ Anmerkung zu Nummer 629,"Neben der Leistung nach Nummer 629 sind die Leistungen nach den Nummern 355, 356, 602, 648, 650, 651, 3710 und 5295 nicht berechnungsfähig.",true,2026-08-29,deterministic_parser:auto_extracted:neben_sind,CONFIRMED,form_B,"Neben der Leistung nach Nummer 629 sind die Leistungen nach den Nummern 355, 356, 602, 648, 650, 651, 3710 und 5295 nicht berechnungsfähig."
excl_auto_629_650,629,650,one_way,GOÄ Anmerkung zu Nummer 629,"Neben der Leistung nach Nummer 629 sind die Leistungen nach den Nummern 355, 356, 602, 648, 650, 651, 3710 und 5295 nicht berechnungsfähig.",true,2026-08-29,deterministic_parser:auto_extracted:neben_sind,CONFIRMED,form_B,"Neben der Leistung nach Nummer 629 sind die Leistungen nach den Nummern 355, 356, 602, 648, 650, 651, 3710 und 5295 nicht berechnungsfähig."
excl_auto_629_651,629,651,one_way,GOÄ Anmerkung zu Nummer 629,"Neben der Leistung nach Nummer 629 sind die Leistungen nach den Nummern 355, 356, 602, 648, 650, 651, 3710 und 5295 nicht berechnungsfähig.",true,2026-08-29,deterministic_parser:auto_extracted:neben_sind,CONFIRMED,form_B,"Neben der Leistung nach Nummer 629 sind die Leistungen nach den Nummern 355, 356, 602, 648, 650, 651, 3710 und 5295 nicht berechnungsfähig."
excl_auto_629_3710,629,3710,one_way,GOÄ Anmerkung zu Nummer 629,"Neben der Leistung nach Nummer 629 sind die Leistungen nach den Nummern 355, 356, 602, 648, 650, 651, 3710 und 5295 nicht berechnungsfähig.",true,2026-08-29,deterministic_parser:auto_extracted:neben_sind,CONFIRMED,form_B,"Neben der Leistung nach Nummer 629 sind die Leistungen nach den Nummern 355, 356, 602, 648, 650, 651, 3710 und 5295 nicht berechnungsfähig."
excl_auto_629_5295,629,5295,one_way,GOÄ Anmerkung zu Nummer 629,"Neben der Leistung nach Nummer 629 sind die Leistungen nach den Nummern 355, 356, 602, 648, 650, 651, 3710 und 5295 nicht berechnungsfähig.",true,2026-08-29,deterministic_parser:auto_extracted:neben_sind,CONFIRMED,form_B,"Neben der Leistung nach Nummer 629 sind die Leistungen nach den Nummern 355, 356, 602, 648, 650, 651, 3710 und 5295 nicht berechnungsfähig."
excl_auto_630_355,630,355,one_way,GOÄ Anmerkung zu Nummer 630,"Neben der Leistung nach Nummer 630 sind die Leistungen nach den Nummern 355, 356, 360, 361, 602, 648, 650, 651, 3710 und 5295 nicht berechnungsfähig.",true,2026-08-29,deterministic_parser:auto_extracted:neben_sind,CONFIRMED,form_B,"Neben der Leistung nach Nummer 630 sind die Leistungen nach den Nummern 355, 356, 360, 361, 602, 648, 650, 651, 3710 und 5295 nicht berechnungsfähig."
excl_auto_630_356,630,356,one_way,GOÄ Anmerkung zu Nummer 630,"Neben der Leistung nach Nummer 630 sind die Leistungen nach den Nummern 355, 356, 360, 361, 602, 648, 650, 651, 3710 und 5295 nicht berechnungsfähig.",true,2026-08-29,deterministic_parser:auto_extracted:neben_sind,CONFIRMED,form_B,"Neben der Leistung nach Nummer 630 sind die Leistungen nach den Nummern 355, 356, 360, 361, 602, 648, 650, 651, 3710 und 5295 nicht berechnungsfähig."
excl_auto_630_360,630,360,one_way,GOÄ Anmerkung zu Nummer 630,"Neben der Leistung nach Nummer 630 sind die Leistungen nach den Nummern 355, 356, 360, 361, 602, 648, 650, 651, 3710 und 5295 nicht berechnungsfähig.",true,2026-08-29,deterministic_parser:auto_extracted:neben_sind,CONFIRMED,form_B,"Neben der Leistung nach Nummer 630 sind die Leistungen nach den Nummern 355, 356, 360, 361, 602, 648, 650, 651, 3710 und 5295 nicht berechnungsfähig."
excl_auto_630_361,630,361,one_way,GOÄ Anmerkung zu Nummer 630,"Neben der Leistung nach Nummer 630 sind die Leistungen nach den Nummern 355, 356, 360, 361, 602, 648, 650, 651, 3710 und 5295 nicht berechnungsfähig.",true,2026-08-29,deterministic_parser:auto_extracted:neben_sind,CONFIRMED,form_B,"Neben der Leistung nach Nummer 630 sind die Leistungen nach den Nummern 355, 356, 360, 361, 602, 648, 650, 651, 3710 und 5295 nicht berechnungsfähig."
excl_auto_630_602,630,602,one_way,GOÄ Anmerkung zu Nummer 630,"Neben der Leistung nach Nummer 630 sind die Leistungen nach den Nummern 355, 356, 360, 361, 602, 648, 650, 651, 3710 und 5295 nicht berechnungsfähig.",true,2026-08-29,deterministic_parser:auto_extracted:neben_sind,CONFIRMED,form_B,"Neben der Leistung nach Nummer 630 sind die Leistungen nach den Nummern 355, 356, 360, 361, 602, 648, 650, 651, 3710 und 5295 nicht berechnungsfähig."
excl_auto_630_648,630,648,one_way,GOÄ Anmerkung zu Nummer 630,"Neben der Leistung nach Nummer 630 sind die Leistungen nach den Nummern 355, 356, 360, 361, 602, 648, 650, 651, 3710 und 5295 nicht berechnungsfähig.",true,2026-08-29,deterministic_parser:auto_extracted:neben_sind,CONFIRMED,form_B,"Neben der Leistung nach Nummer 630 sind die Leistungen nach den Nummern 355, 356, 360, 361, 602, 648, 650, 651, 3710 und 5295 nicht berechnungsfähig."
excl_auto_630_650,630,650,one_way,GOÄ Anmerkung zu Nummer 630,"Neben der Leistung nach Nummer 630 sind die Leistungen nach den Nummern 355, 356, 360, 361, 602, 648, 650, 651, 3710 und 5295 nicht berechnungsfähig.",true,2026-08-29,deterministic_parser:auto_extracted:neben_sind,CONFIRMED,form_B,"Neben der Leistung nach Nummer 630 sind die Leistungen nach den Nummern 355, 356, 360, 361, 602, 648, 650, 651, 3710 und 5295 nicht berechnungsfähig."
excl_auto_630_651,630,651,one_way,GOÄ Anmerkung zu Nummer 630,"Neben der Leistung nach Nummer 630 sind die Leistungen nach den Nummern 355, 356, 360, 361, 602, 648, 650, 651, 3710 und 5295 nicht berechnungsfähig.",true,2026-08-29,deterministic_parser:auto_extracted:neben_sind,CONFIRMED,form_B,"Neben der Leistung nach Nummer 630 sind die Leistungen nach den Nummern 355, 356, 360, 361, 602, 648, 650, 651, 3710 und 5295 nicht berechnungsfähig."
excl_auto_630_3710,630,3710,one_way,GOÄ Anmerkung zu Nummer 630,"Neben der Leistung nach Nummer 630 sind die Leistungen nach den Nummern 355, 356, 360, 361, 602, 648, 650, 651, 3710 und 5295 nicht berechnungsfähig.",true,2026-08-29,deterministic_parser:auto_extracted:neben_sind,CONFIRMED,form_B,"Neben der Leistung nach Nummer 630 sind die Leistungen nach den Nummern 355, 356, 360, 361, 602, 648, 650, 651, 3710 und 5295 nicht berechnungsfähig."
excl_auto_630_5295,630,5295,one_way,GOÄ Anmerkung zu Nummer 630,"Neben der Leistung nach Nummer 630 sind die Leistungen nach den Nummern 355, 356, 360, 361, 602, 648, 650, 651, 3710 und 5295 nicht berechnungsfähig.",true,2026-08-29,deterministic_parser:auto_extracted:neben_sind,CONFIRMED,form_B,"Neben der Leistung nach Nummer 630 sind die Leistungen nach den Nummern 355, 356, 360, 361, 602, 648, 650, 651, 3710 und 5295 nicht berechnungsfähig."
excl_auto_632_355,632,355,one_way,GOÄ Anmerkung zu Nummer 632,"Neben der Leistung nach Nummer 632 sind die Leistungen nach den Nummern 355, 356, 360, 361, 602, 648, 650, 651, 3710 und 5295 nicht berechnungsfähig.",true,2026-08-29,deterministic_parser:auto_extracted:neben_sind,CONFIRMED,form_B,"Neben der Leistung nach Nummer 632 sind die Leistungen nach den Nummern 355, 356, 360, 361, 602, 648, 650, 651, 3710 und 5295 nicht berechnungsfähig."
excl_auto_632_356,632,356,one_way,GOÄ Anmerkung zu Nummer 632,"Neben der Leistung nach Nummer 632 sind die Leistungen nach den Nummern 355, 356, 360, 361, 602, 648, 650, 651, 3710 und 5295 nicht berechnungsfähig.",true,2026-08-29,deterministic_parser:auto_extracted:neben_sind,CONFIRMED,form_B,"Neben der Leistung nach Nummer 632 sind die Leistungen nach den Nummern 355, 356, 360, 361, 602, 648, 650, 651, 3710 und 5295 nicht berechnungsfähig."
excl_auto_632_360,632,360,one_way,GOÄ Anmerkung zu Nummer 632,"Neben der Leistung nach Nummer 632 sind die Leistungen nach den Nummern 355, 356, 360, 361, 602, 648, 650, 651, 3710 und 5295 nicht berechnungsfähig.",true,2026-08-29,deterministic_parser:auto_extracted:neben_sind,CONFIRMED,form_B,"Neben der Leistung nach Nummer 632 sind die Leistungen nach den Nummern 355, 356, 360, 361, 602, 648, 650, 651, 3710 und 5295 nicht berechnungsfähig."
excl_auto_632_361,632,361,one_way,GOÄ Anmerkung zu Nummer 632,"Neben der Leistung nach Nummer 632 sind die Leistungen nach den Nummern 355, 356, 360, 361, 602, 648, 650, 651, 3710 und 5295 nicht berechnungsfähig.",true,2026-08-29,deterministic_parser:auto_extracted:neben_sind,CONFIRMED,form_B,"Neben der Leistung nach Nummer 632 sind die Leistungen nach den Nummern 355, 356, 360, 361, 602, 648, 650, 651, 3710 und 5295 nicht berechnungsfähig."
excl_auto_632_602,632,602,one_way,GOÄ Anmerkung zu Nummer 632,"Neben der Leistung nach Nummer 632 sind die Leistungen nach den Nummern 355, 356, 360, 361, 602, 648, 650, 651, 3710 und 5295 nicht berechnungsfähig.",true,2026-08-29,deterministic_parser:auto_extracted:neben_sind,CONFIRMED,form_B,"Neben der Leistung nach Nummer 632 sind die Leistungen nach den Nummern 355, 356, 360, 361, 602, 648, 650, 651, 3710 und 5295 nicht berechnungsfähig."
excl_auto_632_648,632,648,one_way,GOÄ Anmerkung zu Nummer 632,"Neben der Leistung nach Nummer 632 sind die Leistungen nach den Nummern 355, 356, 360, 361, 602, 648, 650, 651, 3710 und 5295 nicht berechnungsfähig.",true,2026-08-29,deterministic_parser:auto_extracted:neben_sind,CONFIRMED,form_B,"Neben der Leistung nach Nummer 632 sind die Leistungen nach den Nummern 355, 356, 360, 361, 602, 648, 650, 651, 3710 und 5295 nicht berechnungsfähig."
excl_auto_632_650,632,650,one_way,GOÄ Anmerkung zu Nummer 632,"Neben der Leistung nach Nummer 632 sind die Leistungen nach den Nummern 355, 356, 360, 361, 602, 648, 650, 651, 3710 und 5295 nicht berechnungsfähig.",true,2026-08-29,deterministic_parser:auto_extracted:neben_sind,CONFIRMED,form_B,"Neben der Leistung nach Nummer 632 sind die Leistungen nach den Nummern 355, 356, 360, 361, 602, 648, 650, 651, 3710 und 5295 nicht berechnungsfähig."
excl_auto_632_651,632,651,one_way,GOÄ Anmerkung zu Nummer 632,"Neben der Leistung nach Nummer 632 sind die Leistungen nach den Nummern 355, 356, 360, 361, 602, 648, 650, 651, 3710 und 5295 nicht berechnungsfähig.",true,2026-08-29,deterministic_parser:auto_extracted:neben_sind,CONFIRMED,form_B,"Neben der Leistung nach Nummer 632 sind die Leistungen nach den Nummern 355, 356, 360, 361, 602, 648, 650, 651, 3710 und 5295 nicht berechnungsfähig."
excl_auto_632_3710,632,3710,one_way,GOÄ Anmerkung zu Nummer 632,"Neben der Leistung nach Nummer 632 sind die Leistungen nach den Nummern 355, 356, 360, 361, 602, 648, 650, 651, 3710 und 5295 nicht berechnungsfähig.",true,2026-08-29,deterministic_parser:auto_extracted:neben_sind,CONFIRMED,form_B,"Neben der Leistung nach Nummer 632 sind die Leistungen nach den Nummern 355, 356, 360, 361, 602, 648, 650, 651, 3710 und 5295 nicht berechnungsfähig."
excl_auto_632_5295,632,5295,one_way,GOÄ Anmerkung zu Nummer 632,"Neben der Leistung nach Nummer 632 sind die Leistungen nach den Nummern 355, 356, 360, 361, 602, 648, 650, 651, 3710 und 5295 nicht berechnungsfähig.",true,2026-08-29,deterministic_parser:auto_extracted:neben_sind,CONFIRMED,form_B,"Neben der Leistung nach Nummer 632 sind die Leistungen nach den Nummern 355, 356, 360, 361, 602, 648, 650, 651, 3710 und 5295 nicht berechnungsfähig."
excl_auto_650_651,650,651,mutual,GOÄ Anmerkung zu Nummer 653,Die Leistungen nach den Nummern 650 bis 653 sind nicht nebeneinander berechnungsfähig.,true,2026-08-29,deterministic_parser:auto_extracted:nicht_nebeneinander:range[650-653(4)],CONFIRMED,form_C,Die Leistungen nach den Nummern 650 bis 653 sind nicht nebeneinander berechnungsfähig.
excl_auto_650_652,650,652,mutual,GOÄ Anmerkung zu Nummer 653,Die Leistungen nach den Nummern 650 bis 653 sind nicht nebeneinander berechnungsfähig.,true,2026-08-29,deterministic_parser:auto_extracted:nicht_nebeneinander:range[650-653(4)],CONFIRMED,form_C,Die Leistungen nach den Nummern 650 bis 653 sind nicht nebeneinander berechnungsfähig.
excl_auto_650_653,650,653,mutual,GOÄ Anmerkung zu Nummer 653,Die Leistungen nach den Nummern 650 bis 653 sind nicht nebeneinander berechnungsfähig.,true,2026-08-29,deterministic_parser:auto_extracted:nicht_nebeneinander:range[650-653(4)],CONFIRMED,form_C,Die Leistungen nach den Nummern 650 bis 653 sind nicht nebeneinander berechnungsfähig.
excl_auto_651_650,651,650,mutual,GOÄ Anmerkung zu Nummer 653,Die Leistungen nach den Nummern 650 bis 653 sind nicht nebeneinander berechnungsfähig.,true,2026-08-29,deterministic_parser:auto_extracted:nicht_nebeneinander:range[650-653(4)],CONFIRMED,form_C,Die Leistungen nach den Nummern 650 bis 653 sind nicht nebeneinander berechnungsfähig.
excl_auto_651_652,651,652,mutual,GOÄ Anmerkung zu Nummer 653,Die Leistungen nach den Nummern 650 bis 653 sind nicht nebeneinander berechnungsfähig.,true,2026-08-29,deterministic_parser:auto_extracted:nicht_nebeneinander:range[650-653(4)],CONFIRMED,form_C,Die Leistungen nach den Nummern 650 bis 653 sind nicht nebeneinander berechnungsfähig.
excl_auto_651_653,651,653,mutual,GOÄ Anmerkung zu Nummer 653,Die Leistungen nach den Nummern 650 bis 653 sind nicht nebeneinander berechnungsfähig.,true,2026-08-29,deterministic_parser:auto_extracted:nicht_nebeneinander:range[650-653(4)],CONFIRMED,form_C,Die Leistungen nach den Nummern 650 bis 653 sind nicht nebeneinander berechnungsfähig.
excl_auto_652_650,652,650,mutual,GOÄ Anmerkung zu Nummer 653,Die Leistungen nach den Nummern 650 bis 653 sind nicht nebeneinander berechnungsfähig.,true,2026-08-29,deterministic_parser:auto_extracted:nicht_nebeneinander:range[650-653(4)],CONFIRMED,form_C,Die Leistungen nach den Nummern 650 bis 653 sind nicht nebeneinander berechnungsfähig.
excl_auto_652_651,652,651,mutual,GOÄ Anmerkung zu Nummer 653,Die Leistungen nach den Nummern 650 bis 653 sind nicht nebeneinander berechnungsfähig.,true,2026-08-29,deterministic_parser:auto_extracted:nicht_nebeneinander:range[650-653(4)],CONFIRMED,form_C,Die Leistungen nach den Nummern 650 bis 653 sind nicht nebeneinander berechnungsfähig.
excl_auto_652_653,652,653,mutual,GOÄ Anmerkung zu Nummer 653,Die Leistungen nach den Nummern 650 bis 653 sind nicht nebeneinander berechnungsfähig.,true,2026-08-29,deterministic_parser:auto_extracted:nicht_nebeneinander:range[650-653(4)],CONFIRMED,form_C,Die Leistungen nach den Nummern 650 bis 653 sind nicht nebeneinander berechnungsfähig.
excl_auto_653_650,653,650,mutual,GOÄ Anmerkung zu Nummer 653,Die Leistungen nach den Nummern 650 bis 653 sind nicht nebeneinander berechnungsfähig.,true,2026-08-29,deterministic_parser:auto_extracted:nicht_nebeneinander:range[650-653(4)],CONFIRMED,form_C,Die Leistungen nach den Nummern 650 bis 653 sind nicht nebeneinander berechnungsfähig.
excl_auto_653_651,653,651,mutual,GOÄ Anmerkung zu Nummer 653,Die Leistungen nach den Nummern 650 bis 653 sind nicht nebeneinander berechnungsfähig.,true,2026-08-29,deterministic_parser:auto_extracted:nicht_nebeneinander:range[650-653(4)],CONFIRMED,form_C,Die Leistungen nach den Nummern 650 bis 653 sind nicht nebeneinander berechnungsfähig.
excl_auto_653_652,653,652,mutual,GOÄ Anmerkung zu Nummer 653,Die Leistungen nach den Nummern 650 bis 653 sind nicht nebeneinander berechnungsfähig.,true,2026-08-29,deterministic_parser:auto_extracted:nicht_nebeneinander:range[650-653(4)],CONFIRMED,form_C,Die Leistungen nach den Nummern 650 bis 653 sind nicht nebeneinander berechnungsfähig.
excl_auto_715_8,715,8,one_way,GOÄ Anmerkung zu Nummer 715,Neben der Leistung nach Nummer 715 sind die Leistungen nach den Nummern 8 und 26 nicht berechnungsfähig.,true,2026-08-29,deterministic_parser:auto_extracted:neben_sind,CONFIRMED,form_B,Neben der Leistung nach Nummer 715 sind die Leistungen nach den Nummern 8 und 26 nicht berechnungsfähig.
excl_auto_715_26,715,26,one_way,GOÄ Anmerkung zu Nummer 715,Neben der Leistung nach Nummer 715 sind die Leistungen nach den Nummern 8 und 26 nicht berechnungsfähig.,true,2026-08-29,deterministic_parser:auto_extracted:neben_sind,CONFIRMED,form_B,Neben der Leistung nach Nummer 715 sind die Leistungen nach den Nummern 8 und 26 nicht berechnungsfähig.
excl_auto_725_505,725,505,one_way,GOÄ Anmerkung zu Nummer 725,"Neben der Leistung nach Nummer 725 sind die Leistungen nach den Nummern 505 bis 527, 535 bis 555, 719, 806, 846, 847, 849, 1559 und 1560 nicht berechnungsfähig.",true,2026-08-29,deterministic_parser:auto_extracted:neben_sind:range[505-527(16);535-555(11)],CONFIRMED,form_B,"Neben der Leistung nach Nummer 725 sind die Leistungen nach den Nummern 505 bis 527, 535 bis 555, 719, 806, 846, 847, 849, 1559 und 1560 nicht berechnungsfähig."
excl_auto_725_506,725,506,one_way,GOÄ Anmerkung zu Nummer 725,"Neben der Leistung nach Nummer 725 sind die Leistungen nach den Nummern 505 bis 527, 535 bis 555, 719, 806, 846, 847, 849, 1559 und 1560 nicht berechnungsfähig.",true,2026-08-29,deterministic_parser:auto_extracted:neben_sind:range[505-527(16);535-555(11)],CONFIRMED,form_B,"Neben der Leistung nach Nummer 725 sind die Leistungen nach den Nummern 505 bis 527, 535 bis 555, 719, 806, 846, 847, 849, 1559 und 1560 nicht berechnungsfähig."
excl_auto_725_507,725,507,one_way,GOÄ Anmerkung zu Nummer 725,"Neben der Leistung nach Nummer 725 sind die Leistungen nach den Nummern 505 bis 527, 535 bis 555, 719, 806, 846, 847, 849, 1559 und 1560 nicht berechnungsfähig.",true,2026-08-29,deterministic_parser:auto_extracted:neben_sind:range[505-527(16);535-555(11)],CONFIRMED,form_B,"Neben der Leistung nach Nummer 725 sind die Leistungen nach den Nummern 505 bis 527, 535 bis 555, 719, 806, 846, 847, 849, 1559 und 1560 nicht berechnungsfähig."
excl_auto_725_508,725,508,one_way,GOÄ Anmerkung zu Nummer 725,"Neben der Leistung nach Nummer 725 sind die Leistungen nach den Nummern 505 bis 527, 535 bis 555, 719, 806, 846, 847, 849, 1559 und 1560 nicht berechnungsfähig.",true,2026-08-29,deterministic_parser:auto_extracted:neben_sind:range[505-527(16);535-555(11)],CONFIRMED,form_B,"Neben der Leistung nach Nummer 725 sind die Leistungen nach den Nummern 505 bis 527, 535 bis 555, 719, 806, 846, 847, 849, 1559 und 1560 nicht berechnungsfähig."
excl_auto_725_509,725,509,one_way,GOÄ Anmerkung zu Nummer 725,"Neben der Leistung nach Nummer 725 sind die Leistungen nach den Nummern 505 bis 527, 535 bis 555, 719, 806, 846, 847, 849, 1559 und 1560 nicht berechnungsfähig.",true,2026-08-29,deterministic_parser:auto_extracted:neben_sind:range[505-527(16);535-555(11)],CONFIRMED,form_B,"Neben der Leistung nach Nummer 725 sind die Leistungen nach den Nummern 505 bis 527, 535 bis 555, 719, 806, 846, 847, 849, 1559 und 1560 nicht berechnungsfähig."
excl_auto_725_510,725,510,one_way,GOÄ Anmerkung zu Nummer 725,"Neben der Leistung nach Nummer 725 sind die Leistungen nach den Nummern 505 bis 527, 535 bis 555, 719, 806, 846, 847, 849, 1559 und 1560 nicht berechnungsfähig.",true,2026-08-29,deterministic_parser:auto_extracted:neben_sind:range[505-527(16);535-555(11)],CONFIRMED,form_B,"Neben der Leistung nach Nummer 725 sind die Leistungen nach den Nummern 505 bis 527, 535 bis 555, 719, 806, 846, 847, 849, 1559 und 1560 nicht berechnungsfähig."
excl_auto_725_514,725,514,one_way,GOÄ Anmerkung zu Nummer 725,"Neben der Leistung nach Nummer 725 sind die Leistungen nach den Nummern 505 bis 527, 535 bis 555, 719, 806, 846, 847, 849, 1559 und 1560 nicht berechnungsfähig.",true,2026-08-29,deterministic_parser:auto_extracted:neben_sind:range[505-527(16);535-555(11)],CONFIRMED,form_B,"Neben der Leistung nach Nummer 725 sind die Leistungen nach den Nummern 505 bis 527, 535 bis 555, 719, 806, 846, 847, 849, 1559 und 1560 nicht berechnungsfähig."
excl_auto_725_515,725,515,one_way,GOÄ Anmerkung zu Nummer 725,"Neben der Leistung nach Nummer 725 sind die Leistungen nach den Nummern 505 bis 527, 535 bis 555, 719, 806, 846, 847, 849, 1559 und 1560 nicht berechnungsfähig.",true,2026-08-29,deterministic_parser:auto_extracted:neben_sind:range[505-527(16);535-555(11)],CONFIRMED,form_B,"Neben der Leistung nach Nummer 725 sind die Leistungen nach den Nummern 505 bis 527, 535 bis 555, 719, 806, 846, 847, 849, 1559 und 1560 nicht berechnungsfähig."
excl_auto_725_516,725,516,one_way,GOÄ Anmerkung zu Nummer 725,"Neben der Leistung nach Nummer 725 sind die Leistungen nach den Nummern 505 bis 527, 535 bis 555, 719, 806, 846, 847, 849, 1559 und 1560 nicht berechnungsfähig.",true,2026-08-29,deterministic_parser:auto_extracted:neben_sind:range[505-527(16);535-555(11)],CONFIRMED,form_B,"Neben der Leistung nach Nummer 725 sind die Leistungen nach den Nummern 505 bis 527, 535 bis 555, 719, 806, 846, 847, 849, 1559 und 1560 nicht berechnungsfähig."
excl_auto_725_518,725,518,one_way,GOÄ Anmerkung zu Nummer 725,"Neben der Leistung nach Nummer 725 sind die Leistungen nach den Nummern 505 bis 527, 535 bis 555, 719, 806, 846, 847, 849, 1559 und 1560 nicht berechnungsfähig.",true,2026-08-29,deterministic_parser:auto_extracted:neben_sind:range[505-527(16);535-555(11)],CONFIRMED,form_B,"Neben der Leistung nach Nummer 725 sind die Leistungen nach den Nummern 505 bis 527, 535 bis 555, 719, 806, 846, 847, 849, 1559 und 1560 nicht berechnungsfähig."
excl_auto_725_520,725,520,one_way,GOÄ Anmerkung zu Nummer 725,"Neben der Leistung nach Nummer 725 sind die Leistungen nach den Nummern 505 bis 527, 535 bis 555, 719, 806, 846, 847, 849, 1559 und 1560 nicht berechnungsfähig.",true,2026-08-29,deterministic_parser:auto_extracted:neben_sind:range[505-527(16);535-555(11)],CONFIRMED,form_B,"Neben der Leistung nach Nummer 725 sind die Leistungen nach den Nummern 505 bis 527, 535 bis 555, 719, 806, 846, 847, 849, 1559 und 1560 nicht berechnungsfähig."
excl_auto_725_521,725,521,one_way,GOÄ Anmerkung zu Nummer 725,"Neben der Leistung nach Nummer 725 sind die Leistungen nach den Nummern 505 bis 527, 535 bis 555, 719, 806, 846, 847, 849, 1559 und 1560 nicht berechnungsfähig.",true,2026-08-29,deterministic_parser:auto_extracted:neben_sind:range[505-527(16);535-555(11)],CONFIRMED,form_B,"Neben der Leistung nach Nummer 725 sind die Leistungen nach den Nummern 505 bis 527, 535 bis 555, 719, 806, 846, 847, 849, 1559 und 1560 nicht berechnungsfähig."
excl_auto_725_523,725,523,one_way,GOÄ Anmerkung zu Nummer 725,"Neben der Leistung nach Nummer 725 sind die Leistungen nach den Nummern 505 bis 527, 535 bis 555, 719, 806, 846, 847, 849, 1559 und 1560 nicht berechnungsfähig.",true,2026-08-29,deterministic_parser:auto_extracted:neben_sind:range[505-527(16);535-555(11)],CONFIRMED,form_B,"Neben der Leistung nach Nummer 725 sind die Leistungen nach den Nummern 505 bis 527, 535 bis 555, 719, 806, 846, 847, 849, 1559 und 1560 nicht berechnungsfähig."
excl_auto_725_525,725,525,one_way,GOÄ Anmerkung zu Nummer 725,"Neben der Leistung nach Nummer 725 sind die Leistungen nach den Nummern 505 bis 527, 535 bis 555, 719, 806, 846, 847, 849, 1559 und 1560 nicht berechnungsfähig.",true,2026-08-29,deterministic_parser:auto_extracted:neben_sind:range[505-527(16);535-555(11)],CONFIRMED,form_B,"Neben der Leistung nach Nummer 725 sind die Leistungen nach den Nummern 505 bis 527, 535 bis 555, 719, 806, 846, 847, 849, 1559 und 1560 nicht berechnungsfähig."
excl_auto_725_526,725,526,one_way,GOÄ Anmerkung zu Nummer 725,"Neben der Leistung nach Nummer 725 sind die Leistungen nach den Nummern 505 bis 527, 535 bis 555, 719, 806, 846, 847, 849, 1559 und 1560 nicht berechnungsfähig.",true,2026-08-29,deterministic_parser:auto_extracted:neben_sind:range[505-527(16);535-555(11)],CONFIRMED,form_B,"Neben der Leistung nach Nummer 725 sind die Leistungen nach den Nummern 505 bis 527, 535 bis 555, 719, 806, 846, 847, 849, 1559 und 1560 nicht berechnungsfähig."
excl_auto_725_527,725,527,one_way,GOÄ Anmerkung zu Nummer 725,"Neben der Leistung nach Nummer 725 sind die Leistungen nach den Nummern 505 bis 527, 535 bis 555, 719, 806, 846, 847, 849, 1559 und 1560 nicht berechnungsfähig.",true,2026-08-29,deterministic_parser:auto_extracted:neben_sind:range[505-527(16);535-555(11)],CONFIRMED,form_B,"Neben der Leistung nach Nummer 725 sind die Leistungen nach den Nummern 505 bis 527, 535 bis 555, 719, 806, 846, 847, 849, 1559 und 1560 nicht berechnungsfähig."
excl_auto_725_535,725,535,one_way,GOÄ Anmerkung zu Nummer 725,"Neben der Leistung nach Nummer 725 sind die Leistungen nach den Nummern 505 bis 527, 535 bis 555, 719, 806, 846, 847, 849, 1559 und 1560 nicht berechnungsfähig.",true,2026-08-29,deterministic_parser:auto_extracted:neben_sind:range[505-527(16);535-555(11)],CONFIRMED,form_B,"Neben der Leistung nach Nummer 725 sind die Leistungen nach den Nummern 505 bis 527, 535 bis 555, 719, 806, 846, 847, 849, 1559 und 1560 nicht berechnungsfähig."
excl_auto_725_536,725,536,one_way,GOÄ Anmerkung zu Nummer 725,"Neben der Leistung nach Nummer 725 sind die Leistungen nach den Nummern 505 bis 527, 535 bis 555, 719, 806, 846, 847, 849, 1559 und 1560 nicht berechnungsfähig.",true,2026-08-29,deterministic_parser:auto_extracted:neben_sind:range[505-527(16);535-555(11)],CONFIRMED,form_B,"Neben der Leistung nach Nummer 725 sind die Leistungen nach den Nummern 505 bis 527, 535 bis 555, 719, 806, 846, 847, 849, 1559 und 1560 nicht berechnungsfähig."
excl_auto_725_538,725,538,one_way,GOÄ Anmerkung zu Nummer 725,"Neben der Leistung nach Nummer 725 sind die Leistungen nach den Nummern 505 bis 527, 535 bis 555, 719, 806, 846, 847, 849, 1559 und 1560 nicht berechnungsfähig.",true,2026-08-29,deterministic_parser:auto_extracted:neben_sind:range[505-527(16);535-555(11)],CONFIRMED,form_B,"Neben der Leistung nach Nummer 725 sind die Leistungen nach den Nummern 505 bis 527, 535 bis 555, 719, 806, 846, 847, 849, 1559 und 1560 nicht berechnungsfähig."
excl_auto_725_539,725,539,one_way,GOÄ Anmerkung zu Nummer 725,"Neben der Leistung nach Nummer 725 sind die Leistungen nach den Nummern 505 bis 527, 535 bis 555, 719, 806, 846, 847, 849, 1559 und 1560 nicht berechnungsfähig.",true,2026-08-29,deterministic_parser:auto_extracted:neben_sind:range[505-527(16);535-555(11)],CONFIRMED,form_B,"Neben der Leistung nach Nummer 725 sind die Leistungen nach den Nummern 505 bis 527, 535 bis 555, 719, 806, 846, 847, 849, 1559 und 1560 nicht berechnungsfähig."
excl_auto_725_548,725,548,one_way,GOÄ Anmerkung zu Nummer 725,"Neben der Leistung nach Nummer 725 sind die Leistungen nach den Nummern 505 bis 527, 535 bis 555, 719, 806, 846, 847, 849, 1559 und 1560 nicht berechnungsfähig.",true,2026-08-29,deterministic_parser:auto_extracted:neben_sind:range[505-527(16);535-555(11)],CONFIRMED,form_B,"Neben der Leistung nach Nummer 725 sind die Leistungen nach den Nummern 505 bis 527, 535 bis 555, 719, 806, 846, 847, 849, 1559 und 1560 nicht berechnungsfähig."
excl_auto_725_549,725,549,one_way,GOÄ Anmerkung zu Nummer 725,"Neben der Leistung nach Nummer 725 sind die Leistungen nach den Nummern 505 bis 527, 535 bis 555, 719, 806, 846, 847, 849, 1559 und 1560 nicht berechnungsfähig.",true,2026-08-29,deterministic_parser:auto_extracted:neben_sind:range[505-527(16);535-555(11)],CONFIRMED,form_B,"Neben der Leistung nach Nummer 725 sind die Leistungen nach den Nummern 505 bis 527, 535 bis 555, 719, 806, 846, 847, 849, 1559 und 1560 nicht berechnungsfähig."
excl_auto_725_551,725,551,one_way,GOÄ Anmerkung zu Nummer 725,"Neben der Leistung nach Nummer 725 sind die Leistungen nach den Nummern 505 bis 527, 535 bis 555, 719, 806, 846, 847, 849, 1559 und 1560 nicht berechnungsfähig.",true,2026-08-29,deterministic_parser:auto_extracted:neben_sind:range[505-527(16);535-555(11)],CONFIRMED,form_B,"Neben der Leistung nach Nummer 725 sind die Leistungen nach den Nummern 505 bis 527, 535 bis 555, 719, 806, 846, 847, 849, 1559 und 1560 nicht berechnungsfähig."
excl_auto_725_552,725,552,one_way,GOÄ Anmerkung zu Nummer 725,"Neben der Leistung nach Nummer 725 sind die Leistungen nach den Nummern 505 bis 527, 535 bis 555, 719, 806, 846, 847, 849, 1559 und 1560 nicht berechnungsfähig.",true,2026-08-29,deterministic_parser:auto_extracted:neben_sind:range[505-527(16);535-555(11)],CONFIRMED,form_B,"Neben der Leistung nach Nummer 725 sind die Leistungen nach den Nummern 505 bis 527, 535 bis 555, 719, 806, 846, 847, 849, 1559 und 1560 nicht berechnungsfähig."
excl_auto_725_553,725,553,one_way,GOÄ Anmerkung zu Nummer 725,"Neben der Leistung nach Nummer 725 sind die Leistungen nach den Nummern 505 bis 527, 535 bis 555, 719, 806, 846, 847, 849, 1559 und 1560 nicht berechnungsfähig.",true,2026-08-29,deterministic_parser:auto_extracted:neben_sind:range[505-527(16);535-555(11)],CONFIRMED,form_B,"Neben der Leistung nach Nummer 725 sind die Leistungen nach den Nummern 505 bis 527, 535 bis 555, 719, 806, 846, 847, 849, 1559 und 1560 nicht berechnungsfähig."
excl_auto_725_554,725,554,one_way,GOÄ Anmerkung zu Nummer 725,"Neben der Leistung nach Nummer 725 sind die Leistungen nach den Nummern 505 bis 527, 535 bis 555, 719, 806, 846, 847, 849, 1559 und 1560 nicht berechnungsfähig.",true,2026-08-29,deterministic_parser:auto_extracted:neben_sind:range[505-527(16);535-555(11)],CONFIRMED,form_B,"Neben der Leistung nach Nummer 725 sind die Leistungen nach den Nummern 505 bis 527, 535 bis 555, 719, 806, 846, 847, 849, 1559 und 1560 nicht berechnungsfähig."
excl_auto_725_555,725,555,one_way,GOÄ Anmerkung zu Nummer 725,"Neben der Leistung nach Nummer 725 sind die Leistungen nach den Nummern 505 bis 527, 535 bis 555, 719, 806, 846, 847, 849, 1559 und 1560 nicht berechnungsfähig.",true,2026-08-29,deterministic_parser:auto_extracted:neben_sind:range[505-527(16);535-555(11)],CONFIRMED,form_B,"Neben der Leistung nach Nummer 725 sind die Leistungen nach den Nummern 505 bis 527, 535 bis 555, 719, 806, 846, 847, 849, 1559 und 1560 nicht berechnungsfähig."
excl_auto_725_719,725,719,one_way,GOÄ Anmerkung zu Nummer 725,"Neben der Leistung nach Nummer 725 sind die Leistungen nach den Nummern 505 bis 527, 535 bis 555, 719, 806, 846, 847, 849, 1559 und 1560 nicht berechnungsfähig.",true,2026-08-29,deterministic_parser:auto_extracted:neben_sind:range[505-527(16);535-555(11)],CONFIRMED,form_B,"Neben der Leistung nach Nummer 725 sind die Leistungen nach den Nummern 505 bis 527, 535 bis 555, 719, 806, 846, 847, 849, 1559 und 1560 nicht berechnungsfähig."
excl_auto_725_806,725,806,one_way,GOÄ Anmerkung zu Nummer 725,"Neben der Leistung nach Nummer 725 sind die Leistungen nach den Nummern 505 bis 527, 535 bis 555, 719, 806, 846, 847, 849, 1559 und 1560 nicht berechnungsfähig.",true,2026-08-29,deterministic_parser:auto_extracted:neben_sind:range[505-527(16);535-555(11)],CONFIRMED,form_B,"Neben der Leistung nach Nummer 725 sind die Leistungen nach den Nummern 505 bis 527, 535 bis 555, 719, 806, 846, 847, 849, 1559 und 1560 nicht berechnungsfähig."
excl_auto_725_846,725,846,one_way,GOÄ Anmerkung zu Nummer 725,"Neben der Leistung nach Nummer 725 sind die Leistungen nach den Nummern 505 bis 527, 535 bis 555, 719, 806, 846, 847, 849, 1559 und 1560 nicht berechnungsfähig.",true,2026-08-29,deterministic_parser:auto_extracted:neben_sind:range[505-527(16);535-555(11)],CONFIRMED,form_B,"Neben der Leistung nach Nummer 725 sind die Leistungen nach den Nummern 505 bis 527, 535 bis 555, 719, 806, 846, 847, 849, 1559 und 1560 nicht berechnungsfähig."
excl_auto_725_847,725,847,one_way,GOÄ Anmerkung zu Nummer 725,"Neben der Leistung nach Nummer 725 sind die Leistungen nach den Nummern 505 bis 527, 535 bis 555, 719, 806, 846, 847, 849, 1559 und 1560 nicht berechnungsfähig.",true,2026-08-29,deterministic_parser:auto_extracted:neben_sind:range[505-527(16);535-555(11)],CONFIRMED,form_B,"Neben der Leistung nach Nummer 725 sind die Leistungen nach den Nummern 505 bis 527, 535 bis 555, 719, 806, 846, 847, 849, 1559 und 1560 nicht berechnungsfähig."
excl_auto_725_849,725,849,one_way,GOÄ Anmerkung zu Nummer 725,"Neben der Leistung nach Nummer 725 sind die Leistungen nach den Nummern 505 bis 527, 535 bis 555, 719, 806, 846, 847, 849, 1559 und 1560 nicht berechnungsfähig.",true,2026-08-29,deterministic_parser:auto_extracted:neben_sind:range[505-527(16);535-555(11)],CONFIRMED,form_B,"Neben der Leistung nach Nummer 725 sind die Leistungen nach den Nummern 505 bis 527, 535 bis 555, 719, 806, 846, 847, 849, 1559 und 1560 nicht berechnungsfähig."
excl_auto_725_1559,725,1559,one_way,GOÄ Anmerkung zu Nummer 725,"Neben der Leistung nach Nummer 725 sind die Leistungen nach den Nummern 505 bis 527, 535 bis 555, 719, 806, 846, 847, 849, 1559 und 1560 nicht berechnungsfähig.",true,2026-08-29,deterministic_parser:auto_extracted:neben_sind:range[505-527(16);535-555(11)],CONFIRMED,form_B,"Neben der Leistung nach Nummer 725 sind die Leistungen nach den Nummern 505 bis 527, 535 bis 555, 719, 806, 846, 847, 849, 1559 und 1560 nicht berechnungsfähig."
excl_auto_725_1560,725,1560,one_way,GOÄ Anmerkung zu Nummer 725,"Neben der Leistung nach Nummer 725 sind die Leistungen nach den Nummern 505 bis 527, 535 bis 555, 719, 806, 846, 847, 849, 1559 und 1560 nicht berechnungsfähig.",true,2026-08-29,deterministic_parser:auto_extracted:neben_sind:range[505-527(16);535-555(11)],CONFIRMED,form_B,"Neben der Leistung nach Nummer 725 sind die Leistungen nach den Nummern 505 bis 527, 535 bis 555, 719, 806, 846, 847, 849, 1559 und 1560 nicht berechnungsfähig."
excl_auto_726_719,726,719,one_way,GOÄ Anmerkung zu Nummer 726,"Neben der Leistung nach Nummer 726 sind die Leistungen nach den Nummern 719, 849, 1559 und 1560 nicht berechnungsfähig.",true,2026-08-29,deterministic_parser:auto_extracted:neben_sind,CONFIRMED,form_B,"Neben der Leistung nach Nummer 726 sind die Leistungen nach den Nummern 719, 849, 1559 und 1560 nicht berechnungsfähig."
excl_auto_726_849,726,849,one_way,GOÄ Anmerkung zu Nummer 726,"Neben der Leistung nach Nummer 726 sind die Leistungen nach den Nummern 719, 849, 1559 und 1560 nicht berechnungsfähig.",true,2026-08-29,deterministic_parser:auto_extracted:neben_sind,CONFIRMED,form_B,"Neben der Leistung nach Nummer 726 sind die Leistungen nach den Nummern 719, 849, 1559 und 1560 nicht berechnungsfähig."
excl_auto_726_1559,726,1559,one_way,GOÄ Anmerkung zu Nummer 726,"Neben der Leistung nach Nummer 726 sind die Leistungen nach den Nummern 719, 849, 1559 und 1560 nicht berechnungsfähig.",true,2026-08-29,deterministic_parser:auto_extracted:neben_sind,CONFIRMED,form_B,"Neben der Leistung nach Nummer 726 sind die Leistungen nach den Nummern 719, 849, 1559 und 1560 nicht berechnungsfähig."
excl_auto_726_1560,726,1560,one_way,GOÄ Anmerkung zu Nummer 726,"Neben der Leistung nach Nummer 726 sind die Leistungen nach den Nummern 719, 849, 1559 und 1560 nicht berechnungsfähig.",true,2026-08-29,deterministic_parser:auto_extracted:neben_sind,CONFIRMED,form_B,"Neben der Leistung nach Nummer 726 sind die Leistungen nach den Nummern 719, 849, 1559 und 1560 nicht berechnungsfähig."
excl_auto_800_26,800,26,one_way,GOÄ Anmerkung zu Nummer 800,"Neben der Leistung nach Nummer 800 sind die Leistungen nach den Nummern 8, 26, 825, 826, 830 und 1400 nicht berechnungsfähig.",true,2026-08-29,deterministic_parser:auto_extracted:neben_sind,CONFIRMED,form_B,"Neben der Leistung nach Nummer 800 sind die Leistungen nach den Nummern 8, 26, 825, 826, 830 und 1400 nicht berechnungsfähig."
excl_auto_800_825,800,825,one_way,GOÄ Anmerkung zu Nummer 800,"Neben der Leistung nach Nummer 800 sind die Leistungen nach den Nummern 8, 26, 825, 826, 830 und 1400 nicht berechnungsfähig.",true,2026-08-29,deterministic_parser:auto_extracted:neben_sind,CONFIRMED,form_B,"Neben der Leistung nach Nummer 800 sind die Leistungen nach den Nummern 8, 26, 825, 826, 830 und 1400 nicht berechnungsfähig."
excl_auto_800_826,800,826,one_way,GOÄ Anmerkung zu Nummer 800,"Neben der Leistung nach Nummer 800 sind die Leistungen nach den Nummern 8, 26, 825, 826, 830 und 1400 nicht berechnungsfähig.",true,2026-08-29,deterministic_parser:auto_extracted:neben_sind,CONFIRMED,form_B,"Neben der Leistung nach Nummer 800 sind die Leistungen nach den Nummern 8, 26, 825, 826, 830 und 1400 nicht berechnungsfähig."
excl_auto_800_830,800,830,one_way,GOÄ Anmerkung zu Nummer 800,"Neben der Leistung nach Nummer 800 sind die Leistungen nach den Nummern 8, 26, 825, 826, 830 und 1400 nicht berechnungsfähig.",true,2026-08-29,deterministic_parser:auto_extracted:neben_sind,CONFIRMED,form_B,"Neben der Leistung nach Nummer 800 sind die Leistungen nach den Nummern 8, 26, 825, 826, 830 und 1400 nicht berechnungsfähig."
excl_auto_800_1400,800,1400,one_way,GOÄ Anmerkung zu Nummer 800,"Neben der Leistung nach Nummer 800 sind die Leistungen nach den Nummern 8, 26, 825, 826, 830 und 1400 nicht berechnungsfähig.",true,2026-08-29,deterministic_parser:auto_extracted:neben_sind,CONFIRMED,form_B,"Neben der Leistung nach Nummer 800 sind die Leistungen nach den Nummern 8, 26, 825, 826, 830 und 1400 nicht berechnungsfähig."
excl_auto_801_8,801,8,one_way,GOÄ Anmerkung zu Nummer 801,"Neben der Leistung nach Nummer 801 sind die Leistungen nach den Nummern 4, 8, 715 bis 718, 825, 826, 830 und 1400 nicht berechnungsfähig.",true,2026-08-29,deterministic_parser:auto_extracted:neben_sind:range[715-718(4)],CONFIRMED,form_B,"Neben der Leistung nach Nummer 801 sind die Leistungen nach den Nummern 4, 8, 715 bis 718, 825, 826, 830 und 1400 nicht berechnungsfähig."
excl_auto_801_715,801,715,one_way,GOÄ Anmerkung zu Nummer 801,"Neben der Leistung nach Nummer 801 sind die Leistungen nach den Nummern 4, 8, 715 bis 718, 825, 826, 830 und 1400 nicht berechnungsfähig.",true,2026-08-29,deterministic_parser:auto_extracted:neben_sind:range[715-718(4)],CONFIRMED,form_B,"Neben der Leistung nach Nummer 801 sind die Leistungen nach den Nummern 4, 8, 715 bis 718, 825, 826, 830 und 1400 nicht berechnungsfähig."
excl_auto_801_716,801,716,one_way,GOÄ Anmerkung zu Nummer 801,"Neben der Leistung nach Nummer 801 sind die Leistungen nach den Nummern 4, 8, 715 bis 718, 825, 826, 830 und 1400 nicht berechnungsfähig.",true,2026-08-29,deterministic_parser:auto_extracted:neben_sind:range[715-718(4)],CONFIRMED,form_B,"Neben der Leistung nach Nummer 801 sind die Leistungen nach den Nummern 4, 8, 715 bis 718, 825, 826, 830 und 1400 nicht berechnungsfähig."
excl_auto_801_717,801,717,one_way,GOÄ Anmerkung zu Nummer 801,"Neben der Leistung nach Nummer 801 sind die Leistungen nach den Nummern 4, 8, 715 bis 718, 825, 826, 830 und 1400 nicht berechnungsfähig.",true,2026-08-29,deterministic_parser:auto_extracted:neben_sind:range[715-718(4)],CONFIRMED,form_B,"Neben der Leistung nach Nummer 801 sind die Leistungen nach den Nummern 4, 8, 715 bis 718, 825, 826, 830 und 1400 nicht berechnungsfähig."
excl_auto_801_718,801,718,one_way,GOÄ Anmerkung zu Nummer 801,"Neben der Leistung nach Nummer 801 sind die Leistungen nach den Nummern 4, 8, 715 bis 718, 825, 826, 830 und 1400 nicht berechnungsfähig.",true,2026-08-29,deterministic_parser:auto_extracted:neben_sind:range[715-718(4)],CONFIRMED,form_B,"Neben der Leistung nach Nummer 801 sind die Leistungen nach den Nummern 4, 8, 715 bis 718, 825, 826, 830 und 1400 nicht berechnungsfähig."
excl_auto_801_825,801,825,one_way,GOÄ Anmerkung zu Nummer 801,"Neben der Leistung nach Nummer 801 sind die Leistungen nach den Nummern 4, 8, 715 bis 718, 825, 826, 830 und 1400 nicht berechnungsfähig.",true,2026-08-29,deterministic_parser:auto_extracted:neben_sind:range[715-718(4)],CONFIRMED,form_B,"Neben der Leistung nach Nummer 801 sind die Leistungen nach den Nummern 4, 8, 715 bis 718, 825, 826, 830 und 1400 nicht berechnungsfähig."
excl_auto_801_826,801,826,one_way,GOÄ Anmerkung zu Nummer 801,"Neben der Leistung nach Nummer 801 sind die Leistungen nach den Nummern 4, 8, 715 bis 718, 825, 826, 830 und 1400 nicht berechnungsfähig.",true,2026-08-29,deterministic_parser:auto_extracted:neben_sind:range[715-718(4)],CONFIRMED,form_B,"Neben der Leistung nach Nummer 801 sind die Leistungen nach den Nummern 4, 8, 715 bis 718, 825, 826, 830 und 1400 nicht berechnungsfähig."
excl_auto_801_830,801,830,one_way,GOÄ Anmerkung zu Nummer 801,"Neben der Leistung nach Nummer 801 sind die Leistungen nach den Nummern 4, 8, 715 bis 718, 825, 826, 830 und 1400 nicht berechnungsfähig.",true,2026-08-29,deterministic_parser:auto_extracted:neben_sind:range[715-718(4)],CONFIRMED,form_B,"Neben der Leistung nach Nummer 801 sind die Leistungen nach den Nummern 4, 8, 715 bis 718, 825, 826, 830 und 1400 nicht berechnungsfähig."
excl_auto_801_1400,801,1400,one_way,GOÄ Anmerkung zu Nummer 801,"Neben der Leistung nach Nummer 801 sind die Leistungen nach den Nummern 4, 8, 715 bis 718, 825, 826, 830 und 1400 nicht berechnungsfähig.",true,2026-08-29,deterministic_parser:auto_extracted:neben_sind:range[715-718(4)],CONFIRMED,form_B,"Neben der Leistung nach Nummer 801 sind die Leistungen nach den Nummern 4, 8, 715 bis 718, 825, 826, 830 und 1400 nicht berechnungsfähig."
excl_auto_826_1412,826,1412,one_way,GOÄ Anmerkung zu Nummer 826,Neben der Leistung nach Nummer 826 ist die Leistung nach Nummer 1412 nicht berechnungsfähig.,true,2026-08-29,deterministic_parser:auto_extracted:neben_sind,CONFIRMED,form_B,Neben der Leistung nach Nummer 826 ist die Leistung nach Nummer 1412 nicht berechnungsfähig.
excl_auto_856_715,856,715,one_way,GOÄ Anmerkung zu Nummer 856,Neben der Leistung nach Nummer 856 sind die Leistungen nach den Nummern 715 bis 718 nicht berechnungsfähig.,true,2026-08-29,deterministic_parser:auto_extracted:neben_sind:range[715-718(4)],CONFIRMED,form_B,Neben der Leistung nach Nummer 856 sind die Leistungen nach den Nummern 715 bis 718 nicht berechnungsfähig.
excl_auto_856_716,856,716,one_way,GOÄ Anmerkung zu Nummer 856,Neben der Leistung nach Nummer 856 sind die Leistungen nach den Nummern 715 bis 718 nicht berechnungsfähig.,true,2026-08-29,deterministic_parser:auto_extracted:neben_sind:range[715-718(4)],CONFIRMED,form_B,Neben der Leistung nach Nummer 856 sind die Leistungen nach den Nummern 715 bis 718 nicht berechnungsfähig.
excl_auto_856_717,856,717,one_way,GOÄ Anmerkung zu Nummer 856,Neben der Leistung nach Nummer 856 sind die Leistungen nach den Nummern 715 bis 718 nicht berechnungsfähig.,true,2026-08-29,deterministic_parser:auto_extracted:neben_sind:range[715-718(4)],CONFIRMED,form_B,Neben der Leistung nach Nummer 856 sind die Leistungen nach den Nummern 715 bis 718 nicht berechnungsfähig.
excl_auto_856_718,856,718,one_way,GOÄ Anmerkung zu Nummer 856,Neben der Leistung nach Nummer 856 sind die Leistungen nach den Nummern 715 bis 718 nicht berechnungsfähig.,true,2026-08-29,deterministic_parser:auto_extracted:neben_sind:range[715-718(4)],CONFIRMED,form_B,Neben der Leistung nach Nummer 856 sind die Leistungen nach den Nummern 715 bis 718 nicht berechnungsfähig.
excl_auto_857_716,857,716,one_way,GOÄ Anmerkung zu Nummer 857,Neben der Leistung nach Nummer 857 sind die Leistungen nach den Nummern 716 und 717 nicht berechnungsfähig.,true,2026-08-29,deterministic_parser:auto_extracted:neben_sind,CONFIRMED,form_B,Neben der Leistung nach Nummer 857 sind die Leistungen nach den Nummern 716 und 717 nicht berechnungsfähig.
excl_auto_857_717,857,717,one_way,GOÄ Anmerkung zu Nummer 857,Neben der Leistung nach Nummer 857 sind die Leistungen nach den Nummern 716 und 717 nicht berechnungsfähig.,true,2026-08-29,deterministic_parser:auto_extracted:neben_sind,CONFIRMED,form_B,Neben der Leistung nach Nummer 857 sind die Leistungen nach den Nummern 716 und 717 nicht berechnungsfähig.
excl_auto_860_807,860,807,one_way,GOÄ Anmerkung zu Nummer 860,Neben der Leistung nach Nummer 860 sind die Leistungen nach den Nummern 807 und 835 nicht berechnungsfähig.,true,2026-08-29,deterministic_parser:auto_extracted:neben_sind,CONFIRMED,form_B,Neben der Leistung nach Nummer 860 sind die Leistungen nach den Nummern 807 und 835 nicht berechnungsfähig.
excl_auto_860_835,860,835,one_way,GOÄ Anmerkung zu Nummer 860,Neben der Leistung nach Nummer 860 sind die Leistungen nach den Nummern 807 und 835 nicht berechnungsfähig.,true,2026-08-29,deterministic_parser:auto_extracted:neben_sind,CONFIRMED,form_B,Neben der Leistung nach Nummer 860 sind die Leistungen nach den Nummern 807 und 835 nicht berechnungsfähig.
excl_auto_1002_1001,1002,1001,one_way,GOÄ Anmerkung zu Nummer 1003,Neben den Leistungen nach den Nummern 1002 und 1003 ist die Leistung nach Nummer 1001 nicht berechnungsfähig.,true,2026-08-29,deterministic_parser:auto_extracted:neben_sind,CONFIRMED,form_B,Neben den Leistungen nach den Nummern 1002 und 1003 ist die Leistung nach Nummer 1001 nicht berechnungsfähig.
excl_auto_1003_1001,1003,1001,one_way,GOÄ Anmerkung zu Nummer 1003,Neben den Leistungen nach den Nummern 1002 und 1003 ist die Leistung nach Nummer 1001 nicht berechnungsfähig.,true,2026-08-29,deterministic_parser:auto_extracted:neben_sind,CONFIRMED,form_B,Neben den Leistungen nach den Nummern 1002 und 1003 ist die Leistung nach Nummer 1001 nicht berechnungsfähig.
excl_auto_1044_1096,1044,1096,one_way,GOÄ Anmerkung zu Nummer 1044,Neben der Leistung nach Nummer 1044 ist die Leistung nach Nummer 1096 nicht berechnungsfähig.,true,2026-08-29,deterministic_parser:auto_extracted:neben_sind,CONFIRMED,form_B,Neben der Leistung nach Nummer 1044 ist die Leistung nach Nummer 1096 nicht berechnungsfähig.
excl_auto_1045_1044,1045,1044,one_way,GOÄ Anmerkung zu Nummer 1045,Neben der Leistung nach Nummer 1045 ist die Leistung nach Nummer 1044 nicht berechnungsfähig.,true,2026-08-29,deterministic_parser:auto_extracted:neben_sind,CONFIRMED,form_B,Neben der Leistung nach Nummer 1045 ist die Leistung nach Nummer 1044 nicht berechnungsfähig.
excl_auto_1121_1126,1121,1126,one_way,GOÄ Anmerkung zu Nummer 1121,Neben der Leistung nach Nummer 1121 ist die Leistung nach Nummer 1126 nicht berechnungsfähig.,true,2026-08-29,deterministic_parser:auto_extracted:neben_sind,CONFIRMED,form_B,Neben der Leistung nach Nummer 1121 ist die Leistung nach Nummer 1126 nicht berechnungsfähig.
excl_auto_1210_5,1210,5,one_way,GOÄ Anmerkung zu Nummer 1213,Neben den Leistungen nach den Nummern 1210 bis 1213 sind die Leistungen nach den Nummern 5 und/oder 6 nicht berechnungsfähig.,true,2026-08-29,deterministic_parser:auto_extracted:neben_sind:range[1210-1213(4)],CONFIRMED,form_B,Neben den Leistungen nach den Nummern 1210 bis 1213 sind die Leistungen nach den Nummern 5 und/oder 6 nicht berechnungsfähig.
excl_auto_1210_6,1210,6,one_way,GOÄ Anmerkung zu Nummer 1213,Neben den Leistungen nach den Nummern 1210 bis 1213 sind die Leistungen nach den Nummern 5 und/oder 6 nicht berechnungsfähig.,true,2026-08-29,deterministic_parser:auto_extracted:neben_sind:range[1210-1213(4)],CONFIRMED,form_B,Neben den Leistungen nach den Nummern 1210 bis 1213 sind die Leistungen nach den Nummern 5 und/oder 6 nicht berechnungsfähig.
excl_auto_1211_5,1211,5,one_way,GOÄ Anmerkung zu Nummer 1213,Neben den Leistungen nach den Nummern 1210 bis 1213 sind die Leistungen nach den Nummern 5 und/oder 6 nicht berechnungsfähig.,true,2026-08-29,deterministic_parser:auto_extracted:neben_sind:range[1210-1213(4)],CONFIRMED,form_B,Neben den Leistungen nach den Nummern 1210 bis 1213 sind die Leistungen nach den Nummern 5 und/oder 6 nicht berechnungsfähig.
excl_auto_1211_6,1211,6,one_way,GOÄ Anmerkung zu Nummer 1213,Neben den Leistungen nach den Nummern 1210 bis 1213 sind die Leistungen nach den Nummern 5 und/oder 6 nicht berechnungsfähig.,true,2026-08-29,deterministic_parser:auto_extracted:neben_sind:range[1210-1213(4)],CONFIRMED,form_B,Neben den Leistungen nach den Nummern 1210 bis 1213 sind die Leistungen nach den Nummern 5 und/oder 6 nicht berechnungsfähig.
excl_auto_1212_5,1212,5,one_way,GOÄ Anmerkung zu Nummer 1213,Neben den Leistungen nach den Nummern 1210 bis 1213 sind die Leistungen nach den Nummern 5 und/oder 6 nicht berechnungsfähig.,true,2026-08-29,deterministic_parser:auto_extracted:neben_sind:range[1210-1213(4)],CONFIRMED,form_B,Neben den Leistungen nach den Nummern 1210 bis 1213 sind die Leistungen nach den Nummern 5 und/oder 6 nicht berechnungsfähig.
excl_auto_1212_6,1212,6,one_way,GOÄ Anmerkung zu Nummer 1213,Neben den Leistungen nach den Nummern 1210 bis 1213 sind die Leistungen nach den Nummern 5 und/oder 6 nicht berechnungsfähig.,true,2026-08-29,deterministic_parser:auto_extracted:neben_sind:range[1210-1213(4)],CONFIRMED,form_B,Neben den Leistungen nach den Nummern 1210 bis 1213 sind die Leistungen nach den Nummern 5 und/oder 6 nicht berechnungsfähig.
excl_auto_1213_5,1213,5,one_way,GOÄ Anmerkung zu Nummer 1213,Neben den Leistungen nach den Nummern 1210 bis 1213 sind die Leistungen nach den Nummern 5 und/oder 6 nicht berechnungsfähig.,true,2026-08-29,deterministic_parser:auto_extracted:neben_sind:range[1210-1213(4)],CONFIRMED,form_B,Neben den Leistungen nach den Nummern 1210 bis 1213 sind die Leistungen nach den Nummern 5 und/oder 6 nicht berechnungsfähig.
excl_auto_1213_6,1213,6,one_way,GOÄ Anmerkung zu Nummer 1213,Neben den Leistungen nach den Nummern 1210 bis 1213 sind die Leistungen nach den Nummern 5 und/oder 6 nicht berechnungsfähig.,true,2026-08-29,deterministic_parser:auto_extracted:neben_sind:range[1210-1213(4)],CONFIRMED,form_B,Neben den Leistungen nach den Nummern 1210 bis 1213 sind die Leistungen nach den Nummern 5 und/oder 6 nicht berechnungsfähig.
excl_auto_1217_5,1217,5,one_way,GOÄ Anmerkung zu Nummer 1217,Neben der Leistung nach Nummer 1217 sind die Leistungen nach den Nummern 5 und/oder 6 nicht berechnungsfähig.,true,2026-08-29,deterministic_parser:auto_extracted:neben_sind,CONFIRMED,form_B,Neben der Leistung nach Nummer 1217 sind die Leistungen nach den Nummern 5 und/oder 6 nicht berechnungsfähig.
excl_auto_1217_6,1217,6,one_way,GOÄ Anmerkung zu Nummer 1217,Neben der Leistung nach Nummer 1217 sind die Leistungen nach den Nummern 5 und/oder 6 nicht berechnungsfähig.,true,2026-08-29,deterministic_parser:auto_extracted:neben_sind,CONFIRMED,form_B,Neben der Leistung nach Nummer 1217 sind die Leistungen nach den Nummern 5 und/oder 6 nicht berechnungsfähig.
excl_auto_1233_1234,1233,1234,one_way,GOÄ Anmerkung zu Nummer 1233,Neben der Leistung nach Nummer 1233 ist die Leistung nach Nummer 1234 nicht berechnungsfähig.,true,2026-08-29,deterministic_parser:auto_extracted:neben_sind,CONFIRMED,form_B,Neben der Leistung nach Nummer 1233 ist die Leistung nach Nummer 1234 nicht berechnungsfähig.
excl_auto_1403_1400,1403,1400,one_way,GOÄ Anmerkung zu Nummer 1404,Neben den Leistungen nach den Nummern 1403 und 1404 sind die Leistungen nach den Nummern 1400 und 1401 nicht berechnungsfähig.,true,2026-08-29,deterministic_parser:auto_extracted:neben_sind,CONFIRMED,form_B,Neben den Leistungen nach den Nummern 1403 und 1404 sind die Leistungen nach den Nummern 1400 und 1401 nicht berechnungsfähig.
excl_auto_1403_1401,1403,1401,one_way,GOÄ Anmerkung zu Nummer 1404,Neben den Leistungen nach den Nummern 1403 und 1404 sind die Leistungen nach den Nummern 1400 und 1401 nicht berechnungsfähig.,true,2026-08-29,deterministic_parser:auto_extracted:neben_sind,CONFIRMED,form_B,Neben den Leistungen nach den Nummern 1403 und 1404 sind die Leistungen nach den Nummern 1400 und 1401 nicht berechnungsfähig.
excl_auto_1404_1400,1404,1400,one_way,GOÄ Anmerkung zu Nummer 1404,Neben den Leistungen nach den Nummern 1403 und 1404 sind die Leistungen nach den Nummern 1400 und 1401 nicht berechnungsfähig.,true,2026-08-29,deterministic_parser:auto_extracted:neben_sind,CONFIRMED,form_B,Neben den Leistungen nach den Nummern 1403 und 1404 sind die Leistungen nach den Nummern 1400 und 1401 nicht berechnungsfähig.
excl_auto_1404_1401,1404,1401,one_way,GOÄ Anmerkung zu Nummer 1404,Neben den Leistungen nach den Nummern 1403 und 1404 sind die Leistungen nach den Nummern 1400 und 1401 nicht berechnungsfähig.,true,2026-08-29,deterministic_parser:auto_extracted:neben_sind,CONFIRMED,form_B,Neben den Leistungen nach den Nummern 1403 und 1404 sind die Leistungen nach den Nummern 1400 und 1401 nicht berechnungsfähig.
excl_auto_1406_1400,1406,1400,one_way,GOÄ Anmerkung zu Nummer 1406,"Neben der Leistung nach Nummer 1406 sind die Leistungen nach den Nummern 1400, 1401, 1403 und 1404 nicht berechnungsfähig.",true,2026-08-29,deterministic_parser:auto_extracted:neben_sind,CONFIRMED,form_B,"Neben der Leistung nach Nummer 1406 sind die Leistungen nach den Nummern 1400, 1401, 1403 und 1404 nicht berechnungsfähig."
excl_auto_1406_1401,1406,1401,one_way,GOÄ Anmerkung zu Nummer 1406,"Neben der Leistung nach Nummer 1406 sind die Leistungen nach den Nummern 1400, 1401, 1403 und 1404 nicht berechnungsfähig.",true,2026-08-29,deterministic_parser:auto_extracted:neben_sind,CONFIRMED,form_B,"Neben der Leistung nach Nummer 1406 sind die Leistungen nach den Nummern 1400, 1401, 1403 und 1404 nicht berechnungsfähig."
excl_auto_1406_1403,1406,1403,one_way,GOÄ Anmerkung zu Nummer 1406,"Neben der Leistung nach Nummer 1406 sind die Leistungen nach den Nummern 1400, 1401, 1403 und 1404 nicht berechnungsfähig.",true,2026-08-29,deterministic_parser:auto_extracted:neben_sind,CONFIRMED,form_B,"Neben der Leistung nach Nummer 1406 sind die Leistungen nach den Nummern 1400, 1401, 1403 und 1404 nicht berechnungsfähig."
excl_auto_1406_1404,1406,1404,one_way,GOÄ Anmerkung zu Nummer 1406,"Neben der Leistung nach Nummer 1406 sind die Leistungen nach den Nummern 1400, 1401, 1403 und 1404 nicht berechnungsfähig.",true,2026-08-29,deterministic_parser:auto_extracted:neben_sind,CONFIRMED,form_B,"Neben der Leistung nach Nummer 1406 sind die Leistungen nach den Nummern 1400, 1401, 1403 und 1404 nicht berechnungsfähig."
excl_auto_827_1409,827,1409,one_way,GOÄ Anmerkung zu Nummer 1409,Die Leistung nach Nummer 1409 ist neben den Leistungen nach den Nummern 827 bis 829 nicht berechnungsfähig.,true,2026-08-29,deterministic_parser:auto_extracted:ist_neben:range[827-829(3)],CONFIRMED,form_A,Die Leistung nach Nummer 1409 ist neben den Leistungen nach den Nummern 827 bis 829 nicht berechnungsfähig.
excl_auto_828_1409,828,1409,one_way,GOÄ Anmerkung zu Nummer 1409,Die Leistung nach Nummer 1409 ist neben den Leistungen nach den Nummern 827 bis 829 nicht berechnungsfähig.,true,2026-08-29,deterministic_parser:auto_extracted:ist_neben:range[827-829(3)],CONFIRMED,form_A,Die Leistung nach Nummer 1409 ist neben den Leistungen nach den Nummern 827 bis 829 nicht berechnungsfähig.
excl_auto_829_1409,829,1409,one_way,GOÄ Anmerkung zu Nummer 1409,Die Leistung nach Nummer 1409 ist neben den Leistungen nach den Nummern 827 bis 829 nicht berechnungsfähig.,true,2026-08-29,deterministic_parser:auto_extracted:ist_neben:range[827-829(3)],CONFIRMED,form_A,Die Leistung nach Nummer 1409 ist neben den Leistungen nach den Nummern 827 bis 829 nicht berechnungsfähig.
excl_auto_1418_1466,1418,1466,one_way,GOÄ Anmerkung zu Nummer 1418,Neben der Leistung nach Nummer 1418 ist die Leistung nach Nummer 1466 nicht berechnungsfähig.,true,2026-08-29,deterministic_parser:auto_extracted:neben_sind,CONFIRMED,form_B,Neben der Leistung nach Nummer 1418 ist die Leistung nach Nummer 1466 nicht berechnungsfähig.
excl_auto_1555_715,1555,715,one_way,GOÄ Anmerkung zu Nummer 1555,Neben der Leistung nach Nummer 1555 sind die Leistungen nach den Nummern 715 und 717 nicht berechnungsfähig.,true,2026-08-29,deterministic_parser:auto_extracted:neben_sind,CONFIRMED,form_B,Neben der Leistung nach Nummer 1555 sind die Leistungen nach den Nummern 715 und 717 nicht berechnungsfähig.
excl_auto_1555_717,1555,717,one_way,GOÄ Anmerkung zu Nummer 1555,Neben der Leistung nach Nummer 1555 sind die Leistungen nach den Nummern 715 und 717 nicht berechnungsfähig.,true,2026-08-29,deterministic_parser:auto_extracted:neben_sind,CONFIRMED,form_B,Neben der Leistung nach Nummer 1555 sind die Leistungen nach den Nummern 715 und 717 nicht berechnungsfähig.
excl_auto_1732_1733,1732,1733,one_way,GOÄ Anmerkung zu Nummer 1732,Neben der Leistung nach Nummer 1732 ist die Leistung nach Nummer 1733 nicht berechnungsfähig.,true,2026-08-29,deterministic_parser:auto_extracted:neben_sind,CONFIRMED,form_B,Neben der Leistung nach Nummer 1732 ist die Leistung nach Nummer 1733 nicht berechnungsfähig.
excl_auto_1794_1793,1794,1793,one_way,GOÄ Anmerkung zu Nummer 1794,Neben der Leistung nach Nummer 1794 ist die Leistung nach Nummer 1793 nicht berechnungsfähig.,true,2026-08-29,deterministic_parser:auto_extracted:neben_sind,CONFIRMED,form_B,Neben der Leistung nach Nummer 1794 ist die Leistung nach Nummer 1793 nicht berechnungsfähig.
excl_auto_1793_1700,1793,1700,one_way,GOÄ Anmerkung zu Nummer 1798,"Neben den Leistungen nach den Nummern 1793, 1794 und 1798 sind die Leistungen nach den Nummern 1700, 1701, 1710, 1728, 1729, 1730, 1731, 1732 und 1733 nicht berechnungsfähig.",true,2026-08-29,deterministic_parser:auto_extracted:neben_sind,CONFIRMED,form_B,"Neben den Leistungen nach den Nummern 1793, 1794 und 1798 sind die Leistungen nach den Nummern 1700, 1701, 1710, 1728, 1729, 1730, 1731, 1732 und 1733 nicht berechnungsfähig."
excl_auto_1793_1701,1793,1701,one_way,GOÄ Anmerkung zu Nummer 1798,"Neben den Leistungen nach den Nummern 1793, 1794 und 1798 sind die Leistungen nach den Nummern 1700, 1701, 1710, 1728, 1729, 1730, 1731, 1732 und 1733 nicht berechnungsfähig.",true,2026-08-29,deterministic_parser:auto_extracted:neben_sind,CONFIRMED,form_B,"Neben den Leistungen nach den Nummern 1793, 1794 und 1798 sind die Leistungen nach den Nummern 1700, 1701, 1710, 1728, 1729, 1730, 1731, 1732 und 1733 nicht berechnungsfähig."
excl_auto_1793_1710,1793,1710,one_way,GOÄ Anmerkung zu Nummer 1798,"Neben den Leistungen nach den Nummern 1793, 1794 und 1798 sind die Leistungen nach den Nummern 1700, 1701, 1710, 1728, 1729, 1730, 1731, 1732 und 1733 nicht berechnungsfähig.",true,2026-08-29,deterministic_parser:auto_extracted:neben_sind,CONFIRMED,form_B,"Neben den Leistungen nach den Nummern 1793, 1794 und 1798 sind die Leistungen nach den Nummern 1700, 1701, 1710, 1728, 1729, 1730, 1731, 1732 und 1733 nicht berechnungsfähig."
excl_auto_1793_1728,1793,1728,one_way,GOÄ Anmerkung zu Nummer 1798,"Neben den Leistungen nach den Nummern 1793, 1794 und 1798 sind die Leistungen nach den Nummern 1700, 1701, 1710, 1728, 1729, 1730, 1731, 1732 und 1733 nicht berechnungsfähig.",true,2026-08-29,deterministic_parser:auto_extracted:neben_sind,CONFIRMED,form_B,"Neben den Leistungen nach den Nummern 1793, 1794 und 1798 sind die Leistungen nach den Nummern 1700, 1701, 1710, 1728, 1729, 1730, 1731, 1732 und 1733 nicht berechnungsfähig."
excl_auto_1793_1729,1793,1729,one_way,GOÄ Anmerkung zu Nummer 1798,"Neben den Leistungen nach den Nummern 1793, 1794 und 1798 sind die Leistungen nach den Nummern 1700, 1701, 1710, 1728, 1729, 1730, 1731, 1732 und 1733 nicht berechnungsfähig.",true,2026-08-29,deterministic_parser:auto_extracted:neben_sind,CONFIRMED,form_B,"Neben den Leistungen nach den Nummern 1793, 1794 und 1798 sind die Leistungen nach den Nummern 1700, 1701, 1710, 1728, 1729, 1730, 1731, 1732 und 1733 nicht berechnungsfähig."
excl_auto_1793_1730,1793,1730,one_way,GOÄ Anmerkung zu Nummer 1798,"Neben den Leistungen nach den Nummern 1793, 1794 und 1798 sind die Leistungen nach den Nummern 1700, 1701, 1710, 1728, 1729, 1730, 1731, 1732 und 1733 nicht berechnungsfähig.",true,2026-08-29,deterministic_parser:auto_extracted:neben_sind,CONFIRMED,form_B,"Neben den Leistungen nach den Nummern 1793, 1794 und 1798 sind die Leistungen nach den Nummern 1700, 1701, 1710, 1728, 1729, 1730, 1731, 1732 und 1733 nicht berechnungsfähig."
excl_auto_1793_1731,1793,1731,one_way,GOÄ Anmerkung zu Nummer 1798,"Neben den Leistungen nach den Nummern 1793, 1794 und 1798 sind die Leistungen nach den Nummern 1700, 1701, 1710, 1728, 1729, 1730, 1731, 1732 und 1733 nicht berechnungsfähig.",true,2026-08-29,deterministic_parser:auto_extracted:neben_sind,CONFIRMED,form_B,"Neben den Leistungen nach den Nummern 1793, 1794 und 1798 sind die Leistungen nach den Nummern 1700, 1701, 1710, 1728, 1729, 1730, 1731, 1732 und 1733 nicht berechnungsfähig."
excl_auto_1793_1732,1793,1732,one_way,GOÄ Anmerkung zu Nummer 1798,"Neben den Leistungen nach den Nummern 1793, 1794 und 1798 sind die Leistungen nach den Nummern 1700, 1701, 1710, 1728, 1729, 1730, 1731, 1732 und 1733 nicht berechnungsfähig.",true,2026-08-29,deterministic_parser:auto_extracted:neben_sind,CONFIRMED,form_B,"Neben den Leistungen nach den Nummern 1793, 1794 und 1798 sind die Leistungen nach den Nummern 1700, 1701, 1710, 1728, 1729, 1730, 1731, 1732 und 1733 nicht berechnungsfähig."
excl_auto_1793_1733,1793,1733,one_way,GOÄ Anmerkung zu Nummer 1798,"Neben den Leistungen nach den Nummern 1793, 1794 und 1798 sind die Leistungen nach den Nummern 1700, 1701, 1710, 1728, 1729, 1730, 1731, 1732 und 1733 nicht berechnungsfähig.",true,2026-08-29,deterministic_parser:auto_extracted:neben_sind,CONFIRMED,form_B,"Neben den Leistungen nach den Nummern 1793, 1794 und 1798 sind die Leistungen nach den Nummern 1700, 1701, 1710, 1728, 1729, 1730, 1731, 1732 und 1733 nicht berechnungsfähig."
excl_auto_1794_1700,1794,1700,one_way,GOÄ Anmerkung zu Nummer 1798,"Neben den Leistungen nach den Nummern 1793, 1794 und 1798 sind die Leistungen nach den Nummern 1700, 1701, 1710, 1728, 1729, 1730, 1731, 1732 und 1733 nicht berechnungsfähig.",true,2026-08-29,deterministic_parser:auto_extracted:neben_sind,CONFIRMED,form_B,"Neben den Leistungen nach den Nummern 1793, 1794 und 1798 sind die Leistungen nach den Nummern 1700, 1701, 1710, 1728, 1729, 1730, 1731, 1732 und 1733 nicht berechnungsfähig."
excl_auto_1794_1701,1794,1701,one_way,GOÄ Anmerkung zu Nummer 1798,"Neben den Leistungen nach den Nummern 1793, 1794 und 1798 sind die Leistungen nach den Nummern 1700, 1701, 1710, 1728, 1729, 1730, 1731, 1732 und 1733 nicht berechnungsfähig.",true,2026-08-29,deterministic_parser:auto_extracted:neben_sind,CONFIRMED,form_B,"Neben den Leistungen nach den Nummern 1793, 1794 und 1798 sind die Leistungen nach den Nummern 1700, 1701, 1710, 1728, 1729, 1730, 1731, 1732 und 1733 nicht berechnungsfähig."
excl_auto_1794_1710,1794,1710,one_way,GOÄ Anmerkung zu Nummer 1798,"Neben den Leistungen nach den Nummern 1793, 1794 und 1798 sind die Leistungen nach den Nummern 1700, 1701, 1710, 1728, 1729, 1730, 1731, 1732 und 1733 nicht berechnungsfähig.",true,2026-08-29,deterministic_parser:auto_extracted:neben_sind,CONFIRMED,form_B,"Neben den Leistungen nach den Nummern 1793, 1794 und 1798 sind die Leistungen nach den Nummern 1700, 1701, 1710, 1728, 1729, 1730, 1731, 1732 und 1733 nicht berechnungsfähig."
excl_auto_1794_1728,1794,1728,one_way,GOÄ Anmerkung zu Nummer 1798,"Neben den Leistungen nach den Nummern 1793, 1794 und 1798 sind die Leistungen nach den Nummern 1700, 1701, 1710, 1728, 1729, 1730, 1731, 1732 und 1733 nicht berechnungsfähig.",true,2026-08-29,deterministic_parser:auto_extracted:neben_sind,CONFIRMED,form_B,"Neben den Leistungen nach den Nummern 1793, 1794 und 1798 sind die Leistungen nach den Nummern 1700, 1701, 1710, 1728, 1729, 1730, 1731, 1732 und 1733 nicht berechnungsfähig."
excl_auto_1794_1729,1794,1729,one_way,GOÄ Anmerkung zu Nummer 1798,"Neben den Leistungen nach den Nummern 1793, 1794 und 1798 sind die Leistungen nach den Nummern 1700, 1701, 1710, 1728, 1729, 1730, 1731, 1732 und 1733 nicht berechnungsfähig.",true,2026-08-29,deterministic_parser:auto_extracted:neben_sind,CONFIRMED,form_B,"Neben den Leistungen nach den Nummern 1793, 1794 und 1798 sind die Leistungen nach den Nummern 1700, 1701, 1710, 1728, 1729, 1730, 1731, 1732 und 1733 nicht berechnungsfähig."
excl_auto_1794_1730,1794,1730,one_way,GOÄ Anmerkung zu Nummer 1798,"Neben den Leistungen nach den Nummern 1793, 1794 und 1798 sind die Leistungen nach den Nummern 1700, 1701, 1710, 1728, 1729, 1730, 1731, 1732 und 1733 nicht berechnungsfähig.",true,2026-08-29,deterministic_parser:auto_extracted:neben_sind,CONFIRMED,form_B,"Neben den Leistungen nach den Nummern 1793, 1794 und 1798 sind die Leistungen nach den Nummern 1700, 1701, 1710, 1728, 1729, 1730, 1731, 1732 und 1733 nicht berechnungsfähig."
excl_auto_1794_1731,1794,1731,one_way,GOÄ Anmerkung zu Nummer 1798,"Neben den Leistungen nach den Nummern 1793, 1794 und 1798 sind die Leistungen nach den Nummern 1700, 1701, 1710, 1728, 1729, 1730, 1731, 1732 und 1733 nicht berechnungsfähig.",true,2026-08-29,deterministic_parser:auto_extracted:neben_sind,CONFIRMED,form_B,"Neben den Leistungen nach den Nummern 1793, 1794 und 1798 sind die Leistungen nach den Nummern 1700, 1701, 1710, 1728, 1729, 1730, 1731, 1732 und 1733 nicht berechnungsfähig."
excl_auto_1794_1732,1794,1732,one_way,GOÄ Anmerkung zu Nummer 1798,"Neben den Leistungen nach den Nummern 1793, 1794 und 1798 sind die Leistungen nach den Nummern 1700, 1701, 1710, 1728, 1729, 1730, 1731, 1732 und 1733 nicht berechnungsfähig.",true,2026-08-29,deterministic_parser:auto_extracted:neben_sind,CONFIRMED,form_B,"Neben den Leistungen nach den Nummern 1793, 1794 und 1798 sind die Leistungen nach den Nummern 1700, 1701, 1710, 1728, 1729, 1730, 1731, 1732 und 1733 nicht berechnungsfähig."
excl_auto_1794_1733,1794,1733,one_way,GOÄ Anmerkung zu Nummer 1798,"Neben den Leistungen nach den Nummern 1793, 1794 und 1798 sind die Leistungen nach den Nummern 1700, 1701, 1710, 1728, 1729, 1730, 1731, 1732 und 1733 nicht berechnungsfähig.",true,2026-08-29,deterministic_parser:auto_extracted:neben_sind,CONFIRMED,form_B,"Neben den Leistungen nach den Nummern 1793, 1794 und 1798 sind die Leistungen nach den Nummern 1700, 1701, 1710, 1728, 1729, 1730, 1731, 1732 und 1733 nicht berechnungsfähig."
excl_auto_1798_1700,1798,1700,one_way,GOÄ Anmerkung zu Nummer 1798,"Neben den Leistungen nach den Nummern 1793, 1794 und 1798 sind die Leistungen nach den Nummern 1700, 1701, 1710, 1728, 1729, 1730, 1731, 1732 und 1733 nicht berechnungsfähig.",true,2026-08-29,deterministic_parser:auto_extracted:neben_sind,CONFIRMED,form_B,"Neben den Leistungen nach den Nummern 1793, 1794 und 1798 sind die Leistungen nach den Nummern 1700, 1701, 1710, 1728, 1729, 1730, 1731, 1732 und 1733 nicht berechnungsfähig."
excl_auto_1798_1701,1798,1701,one_way,GOÄ Anmerkung zu Nummer 1798,"Neben den Leistungen nach den Nummern 1793, 1794 und 1798 sind die Leistungen nach den Nummern 1700, 1701, 1710, 1728, 1729, 1730, 1731, 1732 und 1733 nicht berechnungsfähig.",true,2026-08-29,deterministic_parser:auto_extracted:neben_sind,CONFIRMED,form_B,"Neben den Leistungen nach den Nummern 1793, 1794 und 1798 sind die Leistungen nach den Nummern 1700, 1701, 1710, 1728, 1729, 1730, 1731, 1732 und 1733 nicht berechnungsfähig."
excl_auto_1798_1710,1798,1710,one_way,GOÄ Anmerkung zu Nummer 1798,"Neben den Leistungen nach den Nummern 1793, 1794 und 1798 sind die Leistungen nach den Nummern 1700, 1701, 1710, 1728, 1729, 1730, 1731, 1732 und 1733 nicht berechnungsfähig.",true,2026-08-29,deterministic_parser:auto_extracted:neben_sind,CONFIRMED,form_B,"Neben den Leistungen nach den Nummern 1793, 1794 und 1798 sind die Leistungen nach den Nummern 1700, 1701, 1710, 1728, 1729, 1730, 1731, 1732 und 1733 nicht berechnungsfähig."
excl_auto_1798_1728,1798,1728,one_way,GOÄ Anmerkung zu Nummer 1798,"Neben den Leistungen nach den Nummern 1793, 1794 und 1798 sind die Leistungen nach den Nummern 1700, 1701, 1710, 1728, 1729, 1730, 1731, 1732 und 1733 nicht berechnungsfähig.",true,2026-08-29,deterministic_parser:auto_extracted:neben_sind,CONFIRMED,form_B,"Neben den Leistungen nach den Nummern 1793, 1794 und 1798 sind die Leistungen nach den Nummern 1700, 1701, 1710, 1728, 1729, 1730, 1731, 1732 und 1733 nicht berechnungsfähig."
excl_auto_1798_1729,1798,1729,one_way,GOÄ Anmerkung zu Nummer 1798,"Neben den Leistungen nach den Nummern 1793, 1794 und 1798 sind die Leistungen nach den Nummern 1700, 1701, 1710, 1728, 1729, 1730, 1731, 1732 und 1733 nicht berechnungsfähig.",true,2026-08-29,deterministic_parser:auto_extracted:neben_sind,CONFIRMED,form_B,"Neben den Leistungen nach den Nummern 1793, 1794 und 1798 sind die Leistungen nach den Nummern 1700, 1701, 1710, 1728, 1729, 1730, 1731, 1732 und 1733 nicht berechnungsfähig."
excl_auto_1798_1730,1798,1730,one_way,GOÄ Anmerkung zu Nummer 1798,"Neben den Leistungen nach den Nummern 1793, 1794 und 1798 sind die Leistungen nach den Nummern 1700, 1701, 1710, 1728, 1729, 1730, 1731, 1732 und 1733 nicht berechnungsfähig.",true,2026-08-29,deterministic_parser:auto_extracted:neben_sind,CONFIRMED,form_B,"Neben den Leistungen nach den Nummern 1793, 1794 und 1798 sind die Leistungen nach den Nummern 1700, 1701, 1710, 1728, 1729, 1730, 1731, 1732 und 1733 nicht berechnungsfähig."
excl_auto_1798_1731,1798,1731,one_way,GOÄ Anmerkung zu Nummer 1798,"Neben den Leistungen nach den Nummern 1793, 1794 und 1798 sind die Leistungen nach den Nummern 1700, 1701, 1710, 1728, 1729, 1730, 1731, 1732 und 1733 nicht berechnungsfähig.",true,2026-08-29,deterministic_parser:auto_extracted:neben_sind,CONFIRMED,form_B,"Neben den Leistungen nach den Nummern 1793, 1794 und 1798 sind die Leistungen nach den Nummern 1700, 1701, 1710, 1728, 1729, 1730, 1731, 1732 und 1733 nicht berechnungsfähig."
excl_auto_1798_1732,1798,1732,one_way,GOÄ Anmerkung zu Nummer 1798,"Neben den Leistungen nach den Nummern 1793, 1794 und 1798 sind die Leistungen nach den Nummern 1700, 1701, 1710, 1728, 1729, 1730, 1731, 1732 und 1733 nicht berechnungsfähig.",true,2026-08-29,deterministic_parser:auto_extracted:neben_sind,CONFIRMED,form_B,"Neben den Leistungen nach den Nummern 1793, 1794 und 1798 sind die Leistungen nach den Nummern 1700, 1701, 1710, 1728, 1729, 1730, 1731, 1732 und 1733 nicht berechnungsfähig."
excl_auto_1798_1733,1798,1733,one_way,GOÄ Anmerkung zu Nummer 1798,"Neben den Leistungen nach den Nummern 1793, 1794 und 1798 sind die Leistungen nach den Nummern 1700, 1701, 1710, 1728, 1729, 1730, 1731, 1732 und 1733 nicht berechnungsfähig.",true,2026-08-29,deterministic_parser:auto_extracted:neben_sind,CONFIRMED,form_B,"Neben den Leistungen nach den Nummern 1793, 1794 und 1798 sind die Leistungen nach den Nummern 1700, 1701, 1710, 1728, 1729, 1730, 1731, 1732 und 1733 nicht berechnungsfähig."
excl_auto_1803_1802,1803,1802,one_way,GOÄ Anmerkung zu Nummer 1803,Neben der Leistung nach Nummer 1803 ist die Leistung nach Nummer 1802 nicht berechnungsfähig.,true,2026-08-29,deterministic_parser:auto_extracted:neben_sind,CONFIRMED,form_B,Neben der Leistung nach Nummer 1803 ist die Leistung nach Nummer 1802 nicht berechnungsfähig.
excl_auto_1829_1829a,1829,1829a,mutual,GOÄ Anmerkung zu Nummer 1829a,Die Leistungen nach den Nummern 1829 und 1829a sind nicht nebeneinander berechnungsfähig.,true,2026-08-29,deterministic_parser:auto_extracted:nicht_nebeneinander,CONFIRMED,form_C,Die Leistungen nach den Nummern 1829 und 1829a sind nicht nebeneinander berechnungsfähig.
excl_auto_1829a_1829,1829a,1829,mutual,GOÄ Anmerkung zu Nummer 1829a,Die Leistungen nach den Nummern 1829 und 1829a sind nicht nebeneinander berechnungsfähig.,true,2026-08-29,deterministic_parser:auto_extracted:nicht_nebeneinander,CONFIRMED,form_C,Die Leistungen nach den Nummern 1829 und 1829a sind nicht nebeneinander berechnungsfähig.
excl_auto_1853_1852,1853,1852,one_way,GOÄ Anmerkung zu Nummer 1853,Neben der Leistung nach Nummern 1853 ist die Leistung nach Nummer 1852 nicht berechnungsfähig.,true,2026-08-29,deterministic_parser:auto_extracted:neben_sind,CONFIRMED,form_B,Neben der Leistung nach Nummern 1853 ist die Leistung nach Nummer 1852 nicht berechnungsfähig.
excl_auto_2000_2033,2000,2033,one_way,GOÄ Anmerkung zu Nummer 2005,"Neben den Leistungen nach den Nummern 2000 bis 2005 ist die Leistung nach Nummer 2033 nicht berechnungsfähig, wenn die Extraktion des Nagels Bestandteil der Wundversorgung ist.",false,,auto_extracted:neben_sind:range[2000-2005(6)],QUARANTINE,conditional:wenn,"Neben den Leistungen nach den Nummern 2000 bis 2005 ist die Leistung nach Nummer 2033 nicht berechnungsfähig, wenn die Extraktion des Nagels Bestandteil der Wundversorgung ist."
excl_auto_2001_2033,2001,2033,one_way,GOÄ Anmerkung zu Nummer 2005,"Neben den Leistungen nach den Nummern 2000 bis 2005 ist die Leistung nach Nummer 2033 nicht berechnungsfähig, wenn die Extraktion des Nagels Bestandteil der Wundversorgung ist.",false,,auto_extracted:neben_sind:range[2000-2005(6)],QUARANTINE,conditional:wenn,"Neben den Leistungen nach den Nummern 2000 bis 2005 ist die Leistung nach Nummer 2033 nicht berechnungsfähig, wenn die Extraktion des Nagels Bestandteil der Wundversorgung ist."
excl_auto_2002_2033,2002,2033,one_way,GOÄ Anmerkung zu Nummer 2005,"Neben den Leistungen nach den Nummern 2000 bis 2005 ist die Leistung nach Nummer 2033 nicht berechnungsfähig, wenn die Extraktion des Nagels Bestandteil der Wundversorgung ist.",false,,auto_extracted:neben_sind:range[2000-2005(6)],QUARANTINE,conditional:wenn,"Neben den Leistungen nach den Nummern 2000 bis 2005 ist die Leistung nach Nummer 2033 nicht berechnungsfähig, wenn die Extraktion des Nagels Bestandteil der Wundversorgung ist."
excl_auto_2003_2033,2003,2033,one_way,GOÄ Anmerkung zu Nummer 2005,"Neben den Leistungen nach den Nummern 2000 bis 2005 ist die Leistung nach Nummer 2033 nicht berechnungsfähig, wenn die Extraktion des Nagels Bestandteil der Wundversorgung ist.",false,,auto_extracted:neben_sind:range[2000-2005(6)],QUARANTINE,conditional:wenn,"Neben den Leistungen nach den Nummern 2000 bis 2005 ist die Leistung nach Nummer 2033 nicht berechnungsfähig, wenn die Extraktion des Nagels Bestandteil der Wundversorgung ist."
excl_auto_2004_2033,2004,2033,one_way,GOÄ Anmerkung zu Nummer 2005,"Neben den Leistungen nach den Nummern 2000 bis 2005 ist die Leistung nach Nummer 2033 nicht berechnungsfähig, wenn die Extraktion des Nagels Bestandteil der Wundversorgung ist.",false,,auto_extracted:neben_sind:range[2000-2005(6)],QUARANTINE,conditional:wenn,"Neben den Leistungen nach den Nummern 2000 bis 2005 ist die Leistung nach Nummer 2033 nicht berechnungsfähig, wenn die Extraktion des Nagels Bestandteil der Wundversorgung ist."
excl_auto_2005_2033,2005,2033,one_way,GOÄ Anmerkung zu Nummer 2005,"Neben den Leistungen nach den Nummern 2000 bis 2005 ist die Leistung nach Nummer 2033 nicht berechnungsfähig, wenn die Extraktion des Nagels Bestandteil der Wundversorgung ist.",false,,auto_extracted:neben_sind:range[2000-2005(6)],QUARANTINE,conditional:wenn,"Neben den Leistungen nach den Nummern 2000 bis 2005 ist die Leistung nach Nummer 2033 nicht berechnungsfähig, wenn die Extraktion des Nagels Bestandteil der Wundversorgung ist."
excl_auto_3668_3663,3668,3663,one_way,GOÄ Anmerkung zu Nummer 3668,"Neben der Leistung nach Nummer 3668 sind die Leistungen nach den Nummern 3663, 3664 und/oder 3667 nicht berechnungsfähig.",true,2026-08-29,deterministic_parser:auto_extracted:neben_sind,CONFIRMED,form_B,"Neben der Leistung nach Nummer 3668 sind die Leistungen nach den Nummern 3663, 3664 und/oder 3667 nicht berechnungsfähig."
excl_auto_3668_3664,3668,3664,one_way,GOÄ Anmerkung zu Nummer 3668,"Neben der Leistung nach Nummer 3668 sind die Leistungen nach den Nummern 3663, 3664 und/oder 3667 nicht berechnungsfähig.",true,2026-08-29,deterministic_parser:auto_extracted:neben_sind,CONFIRMED,form_B,"Neben der Leistung nach Nummer 3668 sind die Leistungen nach den Nummern 3663, 3664 und/oder 3667 nicht berechnungsfähig."
excl_auto_3668_3667,3668,3667,one_way,GOÄ Anmerkung zu Nummer 3668,"Neben der Leistung nach Nummer 3668 sind die Leistungen nach den Nummern 3663, 3664 und/oder 3667 nicht berechnungsfähig.",true,2026-08-29,deterministic_parser:auto_extracted:neben_sind,CONFIRMED,form_B,"Neben der Leistung nach Nummer 3668 sind die Leistungen nach den Nummern 3663, 3664 und/oder 3667 nicht berechnungsfähig."
excl_auto_4850_297,4850,297,one_way,GOÄ Anmerkung zu Nummer 4850,Neben der Leistung nach Nummer 4850 ist die Leistung nach Nummer 297 nicht berechnungsfähig.,true,2026-08-29,deterministic_parser:auto_extracted:neben_sind,CONFIRMED,form_B,Neben der Leistung nach Nummer 4850 ist die Leistung nach Nummer 297 nicht berechnungsfähig.
excl_auto_5000_5035,5000,5035,one_way,GOÄ Anmerkung zu Nummer 5035,Die Leistung nach Nummer 5035 ist neben den Leistungen nach den Nummern 5000 bis 5031 und 5037 bis 5121 nicht berechnungsfähig.,true,2026-08-29,deterministic_parser:auto_extracted:ist_neben:range[5000-5031(9);5037-5121(18)],CONFIRMED,form_A,Die Leistung nach Nummer 5035 ist neben den Leistungen nach den Nummern 5000 bis 5031 und 5037 bis 5121 nicht berechnungsfähig.
excl_auto_5002_5035,5002,5035,one_way,GOÄ Anmerkung zu Nummer 5035,Die Leistung nach Nummer 5035 ist neben den Leistungen nach den Nummern 5000 bis 5031 und 5037 bis 5121 nicht berechnungsfähig.,true,2026-08-29,deterministic_parser:auto_extracted:ist_neben:range[5000-5031(9);5037-5121(18)],CONFIRMED,form_A,Die Leistung nach Nummer 5035 ist neben den Leistungen nach den Nummern 5000 bis 5031 und 5037 bis 5121 nicht berechnungsfähig.
excl_auto_5004_5035,5004,5035,one_way,GOÄ Anmerkung zu Nummer 5035,Die Leistung nach Nummer 5035 ist neben den Leistungen nach den Nummern 5000 bis 5031 und 5037 bis 5121 nicht berechnungsfähig.,true,2026-08-29,deterministic_parser:auto_extracted:ist_neben:range[5000-5031(9);5037-5121(18)],CONFIRMED,form_A,Die Leistung nach Nummer 5035 ist neben den Leistungen nach den Nummern 5000 bis 5031 und 5037 bis 5121 nicht berechnungsfähig.
excl_auto_5010_5035,5010,5035,one_way,GOÄ Anmerkung zu Nummer 5035,Die Leistung nach Nummer 5035 ist neben den Leistungen nach den Nummern 5000 bis 5031 und 5037 bis 5121 nicht berechnungsfähig.,true,2026-08-29,deterministic_parser:auto_extracted:ist_neben:range[5000-5031(9);5037-5121(18)],CONFIRMED,form_A,Die Leistung nach Nummer 5035 ist neben den Leistungen nach den Nummern 5000 bis 5031 und 5037 bis 5121 nicht berechnungsfähig.
excl_auto_5011_5035,5011,5035,one_way,GOÄ Anmerkung zu Nummer 5035,Die Leistung nach Nummer 5035 ist neben den Leistungen nach den Nummern 5000 bis 5031 und 5037 bis 5121 nicht berechnungsfähig.,true,2026-08-29,deterministic_parser:auto_extracted:ist_neben:range[5000-5031(9);5037-5121(18)],CONFIRMED,form_A,Die Leistung nach Nummer 5035 ist neben den Leistungen nach den Nummern 5000 bis 5031 und 5037 bis 5121 nicht berechnungsfähig.
excl_auto_5020_5035,5020,5035,one_way,GOÄ Anmerkung zu Nummer 5035,Die Leistung nach Nummer 5035 ist neben den Leistungen nach den Nummern 5000 bis 5031 und 5037 bis 5121 nicht berechnungsfähig.,true,2026-08-29,deterministic_parser:auto_extracted:ist_neben:range[5000-5031(9);5037-5121(18)],CONFIRMED,form_A,Die Leistung nach Nummer 5035 ist neben den Leistungen nach den Nummern 5000 bis 5031 und 5037 bis 5121 nicht berechnungsfähig.
excl_auto_5021_5035,5021,5035,one_way,GOÄ Anmerkung zu Nummer 5035,Die Leistung nach Nummer 5035 ist neben den Leistungen nach den Nummern 5000 bis 5031 und 5037 bis 5121 nicht berechnungsfähig.,true,2026-08-29,deterministic_parser:auto_extracted:ist_neben:range[5000-5031(9);5037-5121(18)],CONFIRMED,form_A,Die Leistung nach Nummer 5035 ist neben den Leistungen nach den Nummern 5000 bis 5031 und 5037 bis 5121 nicht berechnungsfähig.
excl_auto_5030_5035,5030,5035,one_way,GOÄ Anmerkung zu Nummer 5035,Die Leistung nach Nummer 5035 ist neben den Leistungen nach den Nummern 5000 bis 5031 und 5037 bis 5121 nicht berechnungsfähig.,true,2026-08-29,deterministic_parser:auto_extracted:ist_neben:range[5000-5031(9);5037-5121(18)],CONFIRMED,form_A,Die Leistung nach Nummer 5035 ist neben den Leistungen nach den Nummern 5000 bis 5031 und 5037 bis 5121 nicht berechnungsfähig.
excl_auto_5031_5035,5031,5035,one_way,GOÄ Anmerkung zu Nummer 5035,Die Leistung nach Nummer 5035 ist neben den Leistungen nach den Nummern 5000 bis 5031 und 5037 bis 5121 nicht berechnungsfähig.,true,2026-08-29,deterministic_parser:auto_extracted:ist_neben:range[5000-5031(9);5037-5121(18)],CONFIRMED,form_A,Die Leistung nach Nummer 5035 ist neben den Leistungen nach den Nummern 5000 bis 5031 und 5037 bis 5121 nicht berechnungsfähig.
excl_auto_5037_5035,5037,5035,one_way,GOÄ Anmerkung zu Nummer 5035,Die Leistung nach Nummer 5035 ist neben den Leistungen nach den Nummern 5000 bis 5031 und 5037 bis 5121 nicht berechnungsfähig.,true,2026-08-29,deterministic_parser:auto_extracted:ist_neben:range[5000-5031(9);5037-5121(18)],CONFIRMED,form_A,Die Leistung nach Nummer 5035 ist neben den Leistungen nach den Nummern 5000 bis 5031 und 5037 bis 5121 nicht berechnungsfähig.
excl_auto_5040_5035,5040,5035,one_way,GOÄ Anmerkung zu Nummer 5035,Die Leistung nach Nummer 5035 ist neben den Leistungen nach den Nummern 5000 bis 5031 und 5037 bis 5121 nicht berechnungsfähig.,true,2026-08-29,deterministic_parser:auto_extracted:ist_neben:range[5000-5031(9);5037-5121(18)],CONFIRMED,form_A,Die Leistung nach Nummer 5035 ist neben den Leistungen nach den Nummern 5000 bis 5031 und 5037 bis 5121 nicht berechnungsfähig.
excl_auto_5041_5035,5041,5035,one_way,GOÄ Anmerkung zu Nummer 5035,Die Leistung nach Nummer 5035 ist neben den Leistungen nach den Nummern 5000 bis 5031 und 5037 bis 5121 nicht berechnungsfähig.,true,2026-08-29,deterministic_parser:auto_extracted:ist_neben:range[5000-5031(9);5037-5121(18)],CONFIRMED,form_A,Die Leistung nach Nummer 5035 ist neben den Leistungen nach den Nummern 5000 bis 5031 und 5037 bis 5121 nicht berechnungsfähig.
excl_auto_5050_5035,5050,5035,one_way,GOÄ Anmerkung zu Nummer 5035,Die Leistung nach Nummer 5035 ist neben den Leistungen nach den Nummern 5000 bis 5031 und 5037 bis 5121 nicht berechnungsfähig.,true,2026-08-29,deterministic_parser:auto_extracted:ist_neben:range[5000-5031(9);5037-5121(18)],CONFIRMED,form_A,Die Leistung nach Nummer 5035 ist neben den Leistungen nach den Nummern 5000 bis 5031 und 5037 bis 5121 nicht berechnungsfähig.
excl_auto_5060_5035,5060,5035,one_way,GOÄ Anmerkung zu Nummer 5035,Die Leistung nach Nummer 5035 ist neben den Leistungen nach den Nummern 5000 bis 5031 und 5037 bis 5121 nicht berechnungsfähig.,true,2026-08-29,deterministic_parser:auto_extracted:ist_neben:range[5000-5031(9);5037-5121(18)],CONFIRMED,form_A,Die Leistung nach Nummer 5035 ist neben den Leistungen nach den Nummern 5000 bis 5031 und 5037 bis 5121 nicht berechnungsfähig.
excl_auto_5070_5035,5070,5035,one_way,GOÄ Anmerkung zu Nummer 5035,Die Leistung nach Nummer 5035 ist neben den Leistungen nach den Nummern 5000 bis 5031 und 5037 bis 5121 nicht berechnungsfähig.,true,2026-08-29,deterministic_parser:auto_extracted:ist_neben:range[5000-5031(9);5037-5121(18)],CONFIRMED,form_A,Die Leistung nach Nummer 5035 ist neben den Leistungen nach den Nummern 5000 bis 5031 und 5037 bis 5121 nicht berechnungsfähig.
excl_auto_5090_5035,5090,5035,one_way,GOÄ Anmerkung zu Nummer 5035,Die Leistung nach Nummer 5035 ist neben den Leistungen nach den Nummern 5000 bis 5031 und 5037 bis 5121 nicht berechnungsfähig.,true,2026-08-29,deterministic_parser:auto_extracted:ist_neben:range[5000-5031(9);5037-5121(18)],CONFIRMED,form_A,Die Leistung nach Nummer 5035 ist neben den Leistungen nach den Nummern 5000 bis 5031 und 5037 bis 5121 nicht berechnungsfähig.
excl_auto_5095_5035,5095,5035,one_way,GOÄ Anmerkung zu Nummer 5035,Die Leistung nach Nummer 5035 ist neben den Leistungen nach den Nummern 5000 bis 5031 und 5037 bis 5121 nicht berechnungsfähig.,true,2026-08-29,deterministic_parser:auto_extracted:ist_neben:range[5000-5031(9);5037-5121(18)],CONFIRMED,form_A,Die Leistung nach Nummer 5035 ist neben den Leistungen nach den Nummern 5000 bis 5031 und 5037 bis 5121 nicht berechnungsfähig.
excl_auto_5098_5035,5098,5035,one_way,GOÄ Anmerkung zu Nummer 5035,Die Leistung nach Nummer 5035 ist neben den Leistungen nach den Nummern 5000 bis 5031 und 5037 bis 5121 nicht berechnungsfähig.,true,2026-08-29,deterministic_parser:auto_extracted:ist_neben:range[5000-5031(9);5037-5121(18)],CONFIRMED,form_A,Die Leistung nach Nummer 5035 ist neben den Leistungen nach den Nummern 5000 bis 5031 und 5037 bis 5121 nicht berechnungsfähig.
excl_auto_5100_5035,5100,5035,one_way,GOÄ Anmerkung zu Nummer 5035,Die Leistung nach Nummer 5035 ist neben den Leistungen nach den Nummern 5000 bis 5031 und 5037 bis 5121 nicht berechnungsfähig.,true,2026-08-29,deterministic_parser:auto_extracted:ist_neben:range[5000-5031(9);5037-5121(18)],CONFIRMED,form_A,Die Leistung nach Nummer 5035 ist neben den Leistungen nach den Nummern 5000 bis 5031 und 5037 bis 5121 nicht berechnungsfähig.
excl_auto_5101_5035,5101,5035,one_way,GOÄ Anmerkung zu Nummer 5035,Die Leistung nach Nummer 5035 ist neben den Leistungen nach den Nummern 5000 bis 5031 und 5037 bis 5121 nicht berechnungsfähig.,true,2026-08-29,deterministic_parser:auto_extracted:ist_neben:range[5000-5031(9);5037-5121(18)],CONFIRMED,form_A,Die Leistung nach Nummer 5035 ist neben den Leistungen nach den Nummern 5000 bis 5031 und 5037 bis 5121 nicht berechnungsfähig.
excl_auto_5105_5035,5105,5035,one_way,GOÄ Anmerkung zu Nummer 5035,Die Leistung nach Nummer 5035 ist neben den Leistungen nach den Nummern 5000 bis 5031 und 5037 bis 5121 nicht berechnungsfähig.,true,2026-08-29,deterministic_parser:auto_extracted:ist_neben:range[5000-5031(9);5037-5121(18)],CONFIRMED,form_A,Die Leistung nach Nummer 5035 ist neben den Leistungen nach den Nummern 5000 bis 5031 und 5037 bis 5121 nicht berechnungsfähig.
excl_auto_5106_5035,5106,5035,one_way,GOÄ Anmerkung zu Nummer 5035,Die Leistung nach Nummer 5035 ist neben den Leistungen nach den Nummern 5000 bis 5031 und 5037 bis 5121 nicht berechnungsfähig.,true,2026-08-29,deterministic_parser:auto_extracted:ist_neben:range[5000-5031(9);5037-5121(18)],CONFIRMED,form_A,Die Leistung nach Nummer 5035 ist neben den Leistungen nach den Nummern 5000 bis 5031 und 5037 bis 5121 nicht berechnungsfähig.
excl_auto_5110_5035,5110,5035,one_way,GOÄ Anmerkung zu Nummer 5035,Die Leistung nach Nummer 5035 ist neben den Leistungen nach den Nummern 5000 bis 5031 und 5037 bis 5121 nicht berechnungsfähig.,true,2026-08-29,deterministic_parser:auto_extracted:ist_neben:range[5000-5031(9);5037-5121(18)],CONFIRMED,form_A,Die Leistung nach Nummer 5035 ist neben den Leistungen nach den Nummern 5000 bis 5031 und 5037 bis 5121 nicht berechnungsfähig.
excl_auto_5111_5035,5111,5035,one_way,GOÄ Anmerkung zu Nummer 5035,Die Leistung nach Nummer 5035 ist neben den Leistungen nach den Nummern 5000 bis 5031 und 5037 bis 5121 nicht berechnungsfähig.,true,2026-08-29,deterministic_parser:auto_extracted:ist_neben:range[5000-5031(9);5037-5121(18)],CONFIRMED,form_A,Die Leistung nach Nummer 5035 ist neben den Leistungen nach den Nummern 5000 bis 5031 und 5037 bis 5121 nicht berechnungsfähig.
excl_auto_5115_5035,5115,5035,one_way,GOÄ Anmerkung zu Nummer 5035,Die Leistung nach Nummer 5035 ist neben den Leistungen nach den Nummern 5000 bis 5031 und 5037 bis 5121 nicht berechnungsfähig.,true,2026-08-29,deterministic_parser:auto_extracted:ist_neben:range[5000-5031(9);5037-5121(18)],CONFIRMED,form_A,Die Leistung nach Nummer 5035 ist neben den Leistungen nach den Nummern 5000 bis 5031 und 5037 bis 5121 nicht berechnungsfähig.
excl_auto_5120_5035,5120,5035,one_way,GOÄ Anmerkung zu Nummer 5035,Die Leistung nach Nummer 5035 ist neben den Leistungen nach den Nummern 5000 bis 5031 und 5037 bis 5121 nicht berechnungsfähig.,true,2026-08-29,deterministic_parser:auto_extracted:ist_neben:range[5000-5031(9);5037-5121(18)],CONFIRMED,form_A,Die Leistung nach Nummer 5035 ist neben den Leistungen nach den Nummern 5000 bis 5031 und 5037 bis 5121 nicht berechnungsfähig.
excl_auto_5121_5035,5121,5035,one_way,GOÄ Anmerkung zu Nummer 5035,Die Leistung nach Nummer 5035 ist neben den Leistungen nach den Nummern 5000 bis 5031 und 5037 bis 5121 nicht berechnungsfähig.,true,2026-08-29,deterministic_parser:auto_extracted:ist_neben:range[5000-5031(9);5037-5121(18)],CONFIRMED,form_A,Die Leistung nach Nummer 5035 ist neben den Leistungen nach den Nummern 5000 bis 5031 und 5037 bis 5121 nicht berechnungsfähig.
excl_auto_5010_5110,5010,5110,one_way,GOÄ Anmerkung zu Nummer 5111,"Die Leistungen nach den Nummern 5110 und 5111 sind neben den Leistungen nach den Nummern 5010, 5011, 5020, 5021, 5030 und 5031 nicht berechnungsfähig.",true,2026-08-29,deterministic_parser:auto_extracted:ist_neben,CONFIRMED,form_A,"Die Leistungen nach den Nummern 5110 und 5111 sind neben den Leistungen nach den Nummern 5010, 5011, 5020, 5021, 5030 und 5031 nicht berechnungsfähig."
excl_auto_5010_5111,5010,5111,one_way,GOÄ Anmerkung zu Nummer 5111,"Die Leistungen nach den Nummern 5110 und 5111 sind neben den Leistungen nach den Nummern 5010, 5011, 5020, 5021, 5030 und 5031 nicht berechnungsfähig.",true,2026-08-29,deterministic_parser:auto_extracted:ist_neben,CONFIRMED,form_A,"Die Leistungen nach den Nummern 5110 und 5111 sind neben den Leistungen nach den Nummern 5010, 5011, 5020, 5021, 5030 und 5031 nicht berechnungsfähig."
excl_auto_5011_5110,5011,5110,one_way,GOÄ Anmerkung zu Nummer 5111,"Die Leistungen nach den Nummern 5110 und 5111 sind neben den Leistungen nach den Nummern 5010, 5011, 5020, 5021, 5030 und 5031 nicht berechnungsfähig.",true,2026-08-29,deterministic_parser:auto_extracted:ist_neben,CONFIRMED,form_A,"Die Leistungen nach den Nummern 5110 und 5111 sind neben den Leistungen nach den Nummern 5010, 5011, 5020, 5021, 5030 und 5031 nicht berechnungsfähig."
excl_auto_5011_5111,5011,5111,one_way,GOÄ Anmerkung zu Nummer 5111,"Die Leistungen nach den Nummern 5110 und 5111 sind neben den Leistungen nach den Nummern 5010, 5011, 5020, 5021, 5030 und 5031 nicht berechnungsfähig.",true,2026-08-29,deterministic_parser:auto_extracted:ist_neben,CONFIRMED,form_A,"Die Leistungen nach den Nummern 5110 und 5111 sind neben den Leistungen nach den Nummern 5010, 5011, 5020, 5021, 5030 und 5031 nicht berechnungsfähig."
excl_auto_5020_5110,5020,5110,one_way,GOÄ Anmerkung zu Nummer 5111,"Die Leistungen nach den Nummern 5110 und 5111 sind neben den Leistungen nach den Nummern 5010, 5011, 5020, 5021, 5030 und 5031 nicht berechnungsfähig.",true,2026-08-29,deterministic_parser:auto_extracted:ist_neben,CONFIRMED,form_A,"Die Leistungen nach den Nummern 5110 und 5111 sind neben den Leistungen nach den Nummern 5010, 5011, 5020, 5021, 5030 und 5031 nicht berechnungsfähig."
excl_auto_5020_5111,5020,5111,one_way,GOÄ Anmerkung zu Nummer 5111,"Die Leistungen nach den Nummern 5110 und 5111 sind neben den Leistungen nach den Nummern 5010, 5011, 5020, 5021, 5030 und 5031 nicht berechnungsfähig.",true,2026-08-29,deterministic_parser:auto_extracted:ist_neben,CONFIRMED,form_A,"Die Leistungen nach den Nummern 5110 und 5111 sind neben den Leistungen nach den Nummern 5010, 5011, 5020, 5021, 5030 und 5031 nicht berechnungsfähig."
excl_auto_5021_5110,5021,5110,one_way,GOÄ Anmerkung zu Nummer 5111,"Die Leistungen nach den Nummern 5110 und 5111 sind neben den Leistungen nach den Nummern 5010, 5011, 5020, 5021, 5030 und 5031 nicht berechnungsfähig.",true,2026-08-29,deterministic_parser:auto_extracted:ist_neben,CONFIRMED,form_A,"Die Leistungen nach den Nummern 5110 und 5111 sind neben den Leistungen nach den Nummern 5010, 5011, 5020, 5021, 5030 und 5031 nicht berechnungsfähig."
excl_auto_5021_5111,5021,5111,one_way,GOÄ Anmerkung zu Nummer 5111,"Die Leistungen nach den Nummern 5110 und 5111 sind neben den Leistungen nach den Nummern 5010, 5011, 5020, 5021, 5030 und 5031 nicht berechnungsfähig.",true,2026-08-29,deterministic_parser:auto_extracted:ist_neben,CONFIRMED,form_A,"Die Leistungen nach den Nummern 5110 und 5111 sind neben den Leistungen nach den Nummern 5010, 5011, 5020, 5021, 5030 und 5031 nicht berechnungsfähig."
excl_auto_5030_5110,5030,5110,one_way,GOÄ Anmerkung zu Nummer 5111,"Die Leistungen nach den Nummern 5110 und 5111 sind neben den Leistungen nach den Nummern 5010, 5011, 5020, 5021, 5030 und 5031 nicht berechnungsfähig.",true,2026-08-29,deterministic_parser:auto_extracted:ist_neben,CONFIRMED,form_A,"Die Leistungen nach den Nummern 5110 und 5111 sind neben den Leistungen nach den Nummern 5010, 5011, 5020, 5021, 5030 und 5031 nicht berechnungsfähig."
excl_auto_5030_5111,5030,5111,one_way,GOÄ Anmerkung zu Nummer 5111,"Die Leistungen nach den Nummern 5110 und 5111 sind neben den Leistungen nach den Nummern 5010, 5011, 5020, 5021, 5030 und 5031 nicht berechnungsfähig.",true,2026-08-29,deterministic_parser:auto_extracted:ist_neben,CONFIRMED,form_A,"Die Leistungen nach den Nummern 5110 und 5111 sind neben den Leistungen nach den Nummern 5010, 5011, 5020, 5021, 5030 und 5031 nicht berechnungsfähig."
excl_auto_5031_5110,5031,5110,one_way,GOÄ Anmerkung zu Nummer 5111,"Die Leistungen nach den Nummern 5110 und 5111 sind neben den Leistungen nach den Nummern 5010, 5011, 5020, 5021, 5030 und 5031 nicht berechnungsfähig.",true,2026-08-29,deterministic_parser:auto_extracted:ist_neben,CONFIRMED,form_A,"Die Leistungen nach den Nummern 5110 und 5111 sind neben den Leistungen nach den Nummern 5010, 5011, 5020, 5021, 5030 und 5031 nicht berechnungsfähig."
excl_auto_5031_5111,5031,5111,one_way,GOÄ Anmerkung zu Nummer 5111,"Die Leistungen nach den Nummern 5110 und 5111 sind neben den Leistungen nach den Nummern 5010, 5011, 5020, 5021, 5030 und 5031 nicht berechnungsfähig.",true,2026-08-29,deterministic_parser:auto_extracted:ist_neben,CONFIRMED,form_A,"Die Leistungen nach den Nummern 5110 und 5111 sind neben den Leistungen nach den Nummern 5010, 5011, 5020, 5021, 5030 und 5031 nicht berechnungsfähig."
excl_auto_5300_5313,5300,5313,one_way,GOÄ Anmerkung zu Nummer 5313,Die Leistung nach Nummer 5313 ist neben den Leistungen nach den Nummern 5300 bis 5312 sowie 5315 bis 5339 nicht berechnungsfähig.,true,2026-08-29,deterministic_parser:auto_extracted:ist_neben:range[5300-5312(13);5315-5339(15)],CONFIRMED,form_A,Die Leistung nach Nummer 5313 ist neben den Leistungen nach den Nummern 5300 bis 5312 sowie 5315 bis 5339 nicht berechnungsfähig.
excl_auto_5301_5313,5301,5313,one_way,GOÄ Anmerkung zu Nummer 5313,Die Leistung nach Nummer 5313 ist neben den Leistungen nach den Nummern 5300 bis 5312 sowie 5315 bis 5339 nicht berechnungsfähig.,true,2026-08-29,deterministic_parser:auto_extracted:ist_neben:range[5300-5312(13);5315-5339(15)],CONFIRMED,form_A,Die Leistung nach Nummer 5313 ist neben den Leistungen nach den Nummern 5300 bis 5312 sowie 5315 bis 5339 nicht berechnungsfähig.
excl_auto_5302_5313,5302,5313,one_way,GOÄ Anmerkung zu Nummer 5313,Die Leistung nach Nummer 5313 ist neben den Leistungen nach den Nummern 5300 bis 5312 sowie 5315 bis 5339 nicht berechnungsfähig.,true,2026-08-29,deterministic_parser:auto_extracted:ist_neben:range[5300-5312(13);5315-5339(15)],CONFIRMED,form_A,Die Leistung nach Nummer 5313 ist neben den Leistungen nach den Nummern 5300 bis 5312 sowie 5315 bis 5339 nicht berechnungsfähig.
excl_auto_5303_5313,5303,5313,one_way,GOÄ Anmerkung zu Nummer 5313,Die Leistung nach Nummer 5313 ist neben den Leistungen nach den Nummern 5300 bis 5312 sowie 5315 bis 5339 nicht berechnungsfähig.,true,2026-08-29,deterministic_parser:auto_extracted:ist_neben:range[5300-5312(13);5315-5339(15)],CONFIRMED,form_A,Die Leistung nach Nummer 5313 ist neben den Leistungen nach den Nummern 5300 bis 5312 sowie 5315 bis 5339 nicht berechnungsfähig.
excl_auto_5304_5313,5304,5313,one_way,GOÄ Anmerkung zu Nummer 5313,Die Leistung nach Nummer 5313 ist neben den Leistungen nach den Nummern 5300 bis 5312 sowie 5315 bis 5339 nicht berechnungsfähig.,true,2026-08-29,deterministic_parser:auto_extracted:ist_neben:range[5300-5312(13);5315-5339(15)],CONFIRMED,form_A,Die Leistung nach Nummer 5313 ist neben den Leistungen nach den Nummern 5300 bis 5312 sowie 5315 bis 5339 nicht berechnungsfähig.
excl_auto_5305_5313,5305,5313,one_way,GOÄ Anmerkung zu Nummer 5313,Die Leistung nach Nummer 5313 ist neben den Leistungen nach den Nummern 5300 bis 5312 sowie 5315 bis 5339 nicht berechnungsfähig.,true,2026-08-29,deterministic_parser:auto_extracted:ist_neben:range[5300-5312(13);5315-5339(15)],CONFIRMED,form_A,Die Leistung nach Nummer 5313 ist neben den Leistungen nach den Nummern 5300 bis 5312 sowie 5315 bis 5339 nicht berechnungsfähig.
excl_auto_5306_5313,5306,5313,one_way,GOÄ Anmerkung zu Nummer 5313,Die Leistung nach Nummer 5313 ist neben den Leistungen nach den Nummern 5300 bis 5312 sowie 5315 bis 5339 nicht berechnungsfähig.,true,2026-08-29,deterministic_parser:auto_extracted:ist_neben:range[5300-5312(13);5315-5339(15)],CONFIRMED,form_A,Die Leistung nach Nummer 5313 ist neben den Leistungen nach den Nummern 5300 bis 5312 sowie 5315 bis 5339 nicht berechnungsfähig.
excl_auto_5307_5313,5307,5313,one_way,GOÄ Anmerkung zu Nummer 5313,Die Leistung nach Nummer 5313 ist neben den Leistungen nach den Nummern 5300 bis 5312 sowie 5315 bis 5339 nicht berechnungsfähig.,true,2026-08-29,deterministic_parser:auto_extracted:ist_neben:range[5300-5312(13);5315-5339(15)],CONFIRMED,form_A,Die Leistung nach Nummer 5313 ist neben den Leistungen nach den Nummern 5300 bis 5312 sowie 5315 bis 5339 nicht berechnungsfähig.
excl_auto_5308_5313,5308,5313,one_way,GOÄ Anmerkung zu Nummer 5313,Die Leistung nach Nummer 5313 ist neben den Leistungen nach den Nummern 5300 bis 5312 sowie 5315 bis 5339 nicht berechnungsfähig.,true,2026-08-29,deterministic_parser:auto_extracted:ist_neben:range[5300-5312(13);5315-5339(15)],CONFIRMED,form_A,Die Leistung nach Nummer 5313 ist neben den Leistungen nach den Nummern 5300 bis 5312 sowie 5315 bis 5339 nicht berechnungsfähig.
excl_auto_5309_5313,5309,5313,one_way,GOÄ Anmerkung zu Nummer 5313,Die Leistung nach Nummer 5313 ist neben den Leistungen nach den Nummern 5300 bis 5312 sowie 5315 bis 5339 nicht berechnungsfähig.,true,2026-08-29,deterministic_parser:auto_extracted:ist_neben:range[5300-5312(13);5315-5339(15)],CONFIRMED,form_A,Die Leistung nach Nummer 5313 ist neben den Leistungen nach den Nummern 5300 bis 5312 sowie 5315 bis 5339 nicht berechnungsfähig.
excl_auto_5310_5313,5310,5313,one_way,GOÄ Anmerkung zu Nummer 5313,Die Leistung nach Nummer 5313 ist neben den Leistungen nach den Nummern 5300 bis 5312 sowie 5315 bis 5339 nicht berechnungsfähig.,true,2026-08-29,deterministic_parser:auto_extracted:ist_neben:range[5300-5312(13);5315-5339(15)],CONFIRMED,form_A,Die Leistung nach Nummer 5313 ist neben den Leistungen nach den Nummern 5300 bis 5312 sowie 5315 bis 5339 nicht berechnungsfähig.
excl_auto_5311_5313,5311,5313,one_way,GOÄ Anmerkung zu Nummer 5313,Die Leistung nach Nummer 5313 ist neben den Leistungen nach den Nummern 5300 bis 5312 sowie 5315 bis 5339 nicht berechnungsfähig.,true,2026-08-29,deterministic_parser:auto_extracted:ist_neben:range[5300-5312(13);5315-5339(15)],CONFIRMED,form_A,Die Leistung nach Nummer 5313 ist neben den Leistungen nach den Nummern 5300 bis 5312 sowie 5315 bis 5339 nicht berechnungsfähig.
excl_auto_5312_5313,5312,5313,one_way,GOÄ Anmerkung zu Nummer 5313,Die Leistung nach Nummer 5313 ist neben den Leistungen nach den Nummern 5300 bis 5312 sowie 5315 bis 5339 nicht berechnungsfähig.,true,2026-08-29,deterministic_parser:auto_extracted:ist_neben:range[5300-5312(13);5315-5339(15)],CONFIRMED,form_A,Die Leistung nach Nummer 5313 ist neben den Leistungen nach den Nummern 5300 bis 5312 sowie 5315 bis 5339 nicht berechnungsfähig.
excl_auto_5315_5313,5315,5313,one_way,GOÄ Anmerkung zu Nummer 5313,Die Leistung nach Nummer 5313 ist neben den Leistungen nach den Nummern 5300 bis 5312 sowie 5315 bis 5339 nicht berechnungsfähig.,true,2026-08-29,deterministic_parser:auto_extracted:ist_neben:range[5300-5312(13);5315-5339(15)],CONFIRMED,form_A,Die Leistung nach Nummer 5313 ist neben den Leistungen nach den Nummern 5300 bis 5312 sowie 5315 bis 5339 nicht berechnungsfähig.
excl_auto_5316_5313,5316,5313,one_way,GOÄ Anmerkung zu Nummer 5313,Die Leistung nach Nummer 5313 ist neben den Leistungen nach den Nummern 5300 bis 5312 sowie 5315 bis 5339 nicht berechnungsfähig.,true,2026-08-29,deterministic_parser:auto_extracted:ist_neben:range[5300-5312(13);5315-5339(15)],CONFIRMED,form_A,Die Leistung nach Nummer 5313 ist neben den Leistungen nach den Nummern 5300 bis 5312 sowie 5315 bis 5339 nicht berechnungsfähig.
excl_auto_5317_5313,5317,5313,one_way,GOÄ Anmerkung zu Nummer 5313,Die Leistung nach Nummer 5313 ist neben den Leistungen nach den Nummern 5300 bis 5312 sowie 5315 bis 5339 nicht berechnungsfähig.,true,2026-08-29,deterministic_parser:auto_extracted:ist_neben:range[5300-5312(13);5315-5339(15)],CONFIRMED,form_A,Die Leistung nach Nummer 5313 ist neben den Leistungen nach den Nummern 5300 bis 5312 sowie 5315 bis 5339 nicht berechnungsfähig.
excl_auto_5318_5313,5318,5313,one_way,GOÄ Anmerkung zu Nummer 5313,Die Leistung nach Nummer 5313 ist neben den Leistungen nach den Nummern 5300 bis 5312 sowie 5315 bis 5339 nicht berechnungsfähig.,true,2026-08-29,deterministic_parser:auto_extracted:ist_neben:range[5300-5312(13);5315-5339(15)],CONFIRMED,form_A,Die Leistung nach Nummer 5313 ist neben den Leistungen nach den Nummern 5300 bis 5312 sowie 5315 bis 5339 nicht berechnungsfähig.
excl_auto_5324_5313,5324,5313,one_way,GOÄ Anmerkung zu Nummer 5313,Die Leistung nach Nummer 5313 ist neben den Leistungen nach den Nummern 5300 bis 5312 sowie 5315 bis 5339 nicht berechnungsfähig.,true,2026-08-29,deterministic_parser:auto_extracted:ist_neben:range[5300-5312(13);5315-5339(15)],CONFIRMED,form_A,Die Leistung nach Nummer 5313 ist neben den Leistungen nach den Nummern 5300 bis 5312 sowie 5315 bis 5339 nicht berechnungsfähig.
excl_auto_5325_5313,5325,5313,one_way,GOÄ Anmerkung zu Nummer 5313,Die Leistung nach Nummer 5313 ist neben den Leistungen nach den Nummern 5300 bis 5312 sowie 5315 bis 5339 nicht berechnungsfähig.,true,2026-08-29,deterministic_parser:auto_extracted:ist_neben:range[5300-5312(13);5315-5339(15)],CONFIRMED,form_A,Die Leistung nach Nummer 5313 ist neben den Leistungen nach den Nummern 5300 bis 5312 sowie 5315 bis 5339 nicht berechnungsfähig.
excl_auto_5326_5313,5326,5313,one_way,GOÄ Anmerkung zu Nummer 5313,Die Leistung nach Nummer 5313 ist neben den Leistungen nach den Nummern 5300 bis 5312 sowie 5315 bis 5339 nicht berechnungsfähig.,true,2026-08-29,deterministic_parser:auto_extracted:ist_neben:range[5300-5312(13);5315-5339(15)],CONFIRMED,form_A,Die Leistung nach Nummer 5313 ist neben den Leistungen nach den Nummern 5300 bis 5312 sowie 5315 bis 5339 nicht berechnungsfähig.
excl_auto_5327_5313,5327,5313,one_way,GOÄ Anmerkung zu Nummer 5313,Die Leistung nach Nummer 5313 ist neben den Leistungen nach den Nummern 5300 bis 5312 sowie 5315 bis 5339 nicht berechnungsfähig.,true,2026-08-29,deterministic_parser:auto_extracted:ist_neben:range[5300-5312(13);5315-5339(15)],CONFIRMED,form_A,Die Leistung nach Nummer 5313 ist neben den Leistungen nach den Nummern 5300 bis 5312 sowie 5315 bis 5339 nicht berechnungsfähig.
excl_auto_5328_5313,5328,5313,one_way,GOÄ Anmerkung zu Nummer 5313,Die Leistung nach Nummer 5313 ist neben den Leistungen nach den Nummern 5300 bis 5312 sowie 5315 bis 5339 nicht berechnungsfähig.,true,2026-08-29,deterministic_parser:auto_extracted:ist_neben:range[5300-5312(13);5315-5339(15)],CONFIRMED,form_A,Die Leistung nach Nummer 5313 ist neben den Leistungen nach den Nummern 5300 bis 5312 sowie 5315 bis 5339 nicht berechnungsfähig.
excl_auto_5329_5313,5329,5313,one_way,GOÄ Anmerkung zu Nummer 5313,Die Leistung nach Nummer 5313 ist neben den Leistungen nach den Nummern 5300 bis 5312 sowie 5315 bis 5339 nicht berechnungsfähig.,true,2026-08-29,deterministic_parser:auto_extracted:ist_neben:range[5300-5312(13);5315-5339(15)],CONFIRMED,form_A,Die Leistung nach Nummer 5313 ist neben den Leistungen nach den Nummern 5300 bis 5312 sowie 5315 bis 5339 nicht berechnungsfähig.
excl_auto_5330_5313,5330,5313,one_way,GOÄ Anmerkung zu Nummer 5313,Die Leistung nach Nummer 5313 ist neben den Leistungen nach den Nummern 5300 bis 5312 sowie 5315 bis 5339 nicht berechnungsfähig.,true,2026-08-29,deterministic_parser:auto_extracted:ist_neben:range[5300-5312(13);5315-5339(15)],CONFIRMED,form_A,Die Leistung nach Nummer 5313 ist neben den Leistungen nach den Nummern 5300 bis 5312 sowie 5315 bis 5339 nicht berechnungsfähig.
excl_auto_5331_5313,5331,5313,one_way,GOÄ Anmerkung zu Nummer 5313,Die Leistung nach Nummer 5313 ist neben den Leistungen nach den Nummern 5300 bis 5312 sowie 5315 bis 5339 nicht berechnungsfähig.,true,2026-08-29,deterministic_parser:auto_extracted:ist_neben:range[5300-5312(13);5315-5339(15)],CONFIRMED,form_A,Die Leistung nach Nummer 5313 ist neben den Leistungen nach den Nummern 5300 bis 5312 sowie 5315 bis 5339 nicht berechnungsfähig.
excl_auto_5335_5313,5335,5313,one_way,GOÄ Anmerkung zu Nummer 5313,Die Leistung nach Nummer 5313 ist neben den Leistungen nach den Nummern 5300 bis 5312 sowie 5315 bis 5339 nicht berechnungsfähig.,true,2026-08-29,deterministic_parser:auto_extracted:ist_neben:range[5300-5312(13);5315-5339(15)],CONFIRMED,form_A,Die Leistung nach Nummer 5313 ist neben den Leistungen nach den Nummern 5300 bis 5312 sowie 5315 bis 5339 nicht berechnungsfähig.
excl_auto_5338_5313,5338,5313,one_way,GOÄ Anmerkung zu Nummer 5313,Die Leistung nach Nummer 5313 ist neben den Leistungen nach den Nummern 5300 bis 5312 sowie 5315 bis 5339 nicht berechnungsfähig.,true,2026-08-29,deterministic_parser:auto_extracted:ist_neben:range[5300-5312(13);5315-5339(15)],CONFIRMED,form_A,Die Leistung nach Nummer 5313 ist neben den Leistungen nach den Nummern 5300 bis 5312 sowie 5315 bis 5339 nicht berechnungsfähig.
excl_auto_5339_5313,5339,5313,one_way,GOÄ Anmerkung zu Nummer 5313,Die Leistung nach Nummer 5313 ist neben den Leistungen nach den Nummern 5300 bis 5312 sowie 5315 bis 5339 nicht berechnungsfähig.,true,2026-08-29,deterministic_parser:auto_extracted:ist_neben:range[5300-5312(13);5315-5339(15)],CONFIRMED,form_A,Die Leistung nach Nummer 5313 ist neben den Leistungen nach den Nummern 5300 bis 5312 sowie 5315 bis 5339 nicht berechnungsfähig.
excl_auto_5316_5315,5316,5315,one_way,GOÄ Anmerkung zu Nummer 5316,Neben der Leistung nach Nummer 5316 ist die Leistung nach Nummer 5315 nicht berechnungsfähig.,true,2026-08-29,deterministic_parser:auto_extracted:neben_sind,CONFIRMED,form_B,Neben der Leistung nach Nummer 5316 ist die Leistung nach Nummer 5315 nicht berechnungsfähig.
excl_auto_5300_5315,5300,5315,one_way,GOÄ Anmerkung zu Nummer 5318,Die Leistungen nach den Nummern 5315 bis 5318 sind neben den Leistungen nach den Nummern 5300 bis 5302 sowie 5324 bis 5327 nicht berechnungsfähig.,true,2026-08-29,deterministic_parser:auto_extracted:ist_neben:range[5300-5302(3);5324-5327(4);5315-5318(4)],CONFIRMED,form_A,Die Leistungen nach den Nummern 5315 bis 5318 sind neben den Leistungen nach den Nummern 5300 bis 5302 sowie 5324 bis 5327 nicht berechnungsfähig.
excl_auto_5300_5316,5300,5316,one_way,GOÄ Anmerkung zu Nummer 5318,Die Leistungen nach den Nummern 5315 bis 5318 sind neben den Leistungen nach den Nummern 5300 bis 5302 sowie 5324 bis 5327 nicht berechnungsfähig.,true,2026-08-29,deterministic_parser:auto_extracted:ist_neben:range[5300-5302(3);5324-5327(4);5315-5318(4)],CONFIRMED,form_A,Die Leistungen nach den Nummern 5315 bis 5318 sind neben den Leistungen nach den Nummern 5300 bis 5302 sowie 5324 bis 5327 nicht berechnungsfähig.
excl_auto_5300_5317,5300,5317,one_way,GOÄ Anmerkung zu Nummer 5318,Die Leistungen nach den Nummern 5315 bis 5318 sind neben den Leistungen nach den Nummern 5300 bis 5302 sowie 5324 bis 5327 nicht berechnungsfähig.,true,2026-08-29,deterministic_parser:auto_extracted:ist_neben:range[5300-5302(3);5324-5327(4);5315-5318(4)],CONFIRMED,form_A,Die Leistungen nach den Nummern 5315 bis 5318 sind neben den Leistungen nach den Nummern 5300 bis 5302 sowie 5324 bis 5327 nicht berechnungsfähig.
excl_auto_5300_5318,5300,5318,one_way,GOÄ Anmerkung zu Nummer 5318,Die Leistungen nach den Nummern 5315 bis 5318 sind neben den Leistungen nach den Nummern 5300 bis 5302 sowie 5324 bis 5327 nicht berechnungsfähig.,true,2026-08-29,deterministic_parser:auto_extracted:ist_neben:range[5300-5302(3);5324-5327(4);5315-5318(4)],CONFIRMED,form_A,Die Leistungen nach den Nummern 5315 bis 5318 sind neben den Leistungen nach den Nummern 5300 bis 5302 sowie 5324 bis 5327 nicht berechnungsfähig.
excl_auto_5301_5315,5301,5315,one_way,GOÄ Anmerkung zu Nummer 5318,Die Leistungen nach den Nummern 5315 bis 5318 sind neben den Leistungen nach den Nummern 5300 bis 5302 sowie 5324 bis 5327 nicht berechnungsfähig.,true,2026-08-29,deterministic_parser:auto_extracted:ist_neben:range[5300-5302(3);5324-5327(4);5315-5318(4)],CONFIRMED,form_A,Die Leistungen nach den Nummern 5315 bis 5318 sind neben den Leistungen nach den Nummern 5300 bis 5302 sowie 5324 bis 5327 nicht berechnungsfähig.
excl_auto_5301_5316,5301,5316,one_way,GOÄ Anmerkung zu Nummer 5318,Die Leistungen nach den Nummern 5315 bis 5318 sind neben den Leistungen nach den Nummern 5300 bis 5302 sowie 5324 bis 5327 nicht berechnungsfähig.,true,2026-08-29,deterministic_parser:auto_extracted:ist_neben:range[5300-5302(3);5324-5327(4);5315-5318(4)],CONFIRMED,form_A,Die Leistungen nach den Nummern 5315 bis 5318 sind neben den Leistungen nach den Nummern 5300 bis 5302 sowie 5324 bis 5327 nicht berechnungsfähig.
excl_auto_5301_5317,5301,5317,one_way,GOÄ Anmerkung zu Nummer 5318,Die Leistungen nach den Nummern 5315 bis 5318 sind neben den Leistungen nach den Nummern 5300 bis 5302 sowie 5324 bis 5327 nicht berechnungsfähig.,true,2026-08-29,deterministic_parser:auto_extracted:ist_neben:range[5300-5302(3);5324-5327(4);5315-5318(4)],CONFIRMED,form_A,Die Leistungen nach den Nummern 5315 bis 5318 sind neben den Leistungen nach den Nummern 5300 bis 5302 sowie 5324 bis 5327 nicht berechnungsfähig.
excl_auto_5301_5318,5301,5318,one_way,GOÄ Anmerkung zu Nummer 5318,Die Leistungen nach den Nummern 5315 bis 5318 sind neben den Leistungen nach den Nummern 5300 bis 5302 sowie 5324 bis 5327 nicht berechnungsfähig.,true,2026-08-29,deterministic_parser:auto_extracted:ist_neben:range[5300-5302(3);5324-5327(4);5315-5318(4)],CONFIRMED,form_A,Die Leistungen nach den Nummern 5315 bis 5318 sind neben den Leistungen nach den Nummern 5300 bis 5302 sowie 5324 bis 5327 nicht berechnungsfähig.
excl_auto_5302_5315,5302,5315,one_way,GOÄ Anmerkung zu Nummer 5318,Die Leistungen nach den Nummern 5315 bis 5318 sind neben den Leistungen nach den Nummern 5300 bis 5302 sowie 5324 bis 5327 nicht berechnungsfähig.,true,2026-08-29,deterministic_parser:auto_extracted:ist_neben:range[5300-5302(3);5324-5327(4);5315-5318(4)],CONFIRMED,form_A,Die Leistungen nach den Nummern 5315 bis 5318 sind neben den Leistungen nach den Nummern 5300 bis 5302 sowie 5324 bis 5327 nicht berechnungsfähig.
excl_auto_5302_5316,5302,5316,one_way,GOÄ Anmerkung zu Nummer 5318,Die Leistungen nach den Nummern 5315 bis 5318 sind neben den Leistungen nach den Nummern 5300 bis 5302 sowie 5324 bis 5327 nicht berechnungsfähig.,true,2026-08-29,deterministic_parser:auto_extracted:ist_neben:range[5300-5302(3);5324-5327(4);5315-5318(4)],CONFIRMED,form_A,Die Leistungen nach den Nummern 5315 bis 5318 sind neben den Leistungen nach den Nummern 5300 bis 5302 sowie 5324 bis 5327 nicht berechnungsfähig.
excl_auto_5302_5317,5302,5317,one_way,GOÄ Anmerkung zu Nummer 5318,Die Leistungen nach den Nummern 5315 bis 5318 sind neben den Leistungen nach den Nummern 5300 bis 5302 sowie 5324 bis 5327 nicht berechnungsfähig.,true,2026-08-29,deterministic_parser:auto_extracted:ist_neben:range[5300-5302(3);5324-5327(4);5315-5318(4)],CONFIRMED,form_A,Die Leistungen nach den Nummern 5315 bis 5318 sind neben den Leistungen nach den Nummern 5300 bis 5302 sowie 5324 bis 5327 nicht berechnungsfähig.
excl_auto_5302_5318,5302,5318,one_way,GOÄ Anmerkung zu Nummer 5318,Die Leistungen nach den Nummern 5315 bis 5318 sind neben den Leistungen nach den Nummern 5300 bis 5302 sowie 5324 bis 5327 nicht berechnungsfähig.,true,2026-08-29,deterministic_parser:auto_extracted:ist_neben:range[5300-5302(3);5324-5327(4);5315-5318(4)],CONFIRMED,form_A,Die Leistungen nach den Nummern 5315 bis 5318 sind neben den Leistungen nach den Nummern 5300 bis 5302 sowie 5324 bis 5327 nicht berechnungsfähig.
excl_auto_5324_5315,5324,5315,mutual,GOÄ Anmerkung zu Nummer 5318,Die Leistungen nach den Nummern 5315 bis 5318 sind neben den Leistungen nach den Nummern 5300 bis 5302 sowie 5324 bis 5327 nicht berechnungsfähig.,true,2026-08-29,deterministic_parser:auto_extracted:ist_neben:range[5300-5302(3);5324-5327(4);5315-5318(4)],CONFIRMED,form_A,Die Leistungen nach den Nummern 5315 bis 5318 sind neben den Leistungen nach den Nummern 5300 bis 5302 sowie 5324 bis 5327 nicht berechnungsfähig.
excl_auto_5324_5316,5324,5316,mutual,GOÄ Anmerkung zu Nummer 5318,Die Leistungen nach den Nummern 5315 bis 5318 sind neben den Leistungen nach den Nummern 5300 bis 5302 sowie 5324 bis 5327 nicht berechnungsfähig.,true,2026-08-29,deterministic_parser:auto_extracted:ist_neben:range[5300-5302(3);5324-5327(4);5315-5318(4)],CONFIRMED,form_A,Die Leistungen nach den Nummern 5315 bis 5318 sind neben den Leistungen nach den Nummern 5300 bis 5302 sowie 5324 bis 5327 nicht berechnungsfähig.
excl_auto_5324_5317,5324,5317,mutual,GOÄ Anmerkung zu Nummer 5318,Die Leistungen nach den Nummern 5315 bis 5318 sind neben den Leistungen nach den Nummern 5300 bis 5302 sowie 5324 bis 5327 nicht berechnungsfähig.,true,2026-08-29,deterministic_parser:auto_extracted:ist_neben:range[5300-5302(3);5324-5327(4);5315-5318(4)],CONFIRMED,form_A,Die Leistungen nach den Nummern 5315 bis 5318 sind neben den Leistungen nach den Nummern 5300 bis 5302 sowie 5324 bis 5327 nicht berechnungsfähig.
excl_auto_5324_5318,5324,5318,mutual,GOÄ Anmerkung zu Nummer 5318,Die Leistungen nach den Nummern 5315 bis 5318 sind neben den Leistungen nach den Nummern 5300 bis 5302 sowie 5324 bis 5327 nicht berechnungsfähig.,true,2026-08-29,deterministic_parser:auto_extracted:ist_neben:range[5300-5302(3);5324-5327(4);5315-5318(4)],CONFIRMED,form_A,Die Leistungen nach den Nummern 5315 bis 5318 sind neben den Leistungen nach den Nummern 5300 bis 5302 sowie 5324 bis 5327 nicht berechnungsfähig.
excl_auto_5325_5315,5325,5315,mutual,GOÄ Anmerkung zu Nummer 5318,Die Leistungen nach den Nummern 5315 bis 5318 sind neben den Leistungen nach den Nummern 5300 bis 5302 sowie 5324 bis 5327 nicht berechnungsfähig.,true,2026-08-29,deterministic_parser:auto_extracted:ist_neben:range[5300-5302(3);5324-5327(4);5315-5318(4)],CONFIRMED,form_A,Die Leistungen nach den Nummern 5315 bis 5318 sind neben den Leistungen nach den Nummern 5300 bis 5302 sowie 5324 bis 5327 nicht berechnungsfähig.
excl_auto_5325_5316,5325,5316,mutual,GOÄ Anmerkung zu Nummer 5318,Die Leistungen nach den Nummern 5315 bis 5318 sind neben den Leistungen nach den Nummern 5300 bis 5302 sowie 5324 bis 5327 nicht berechnungsfähig.,true,2026-08-29,deterministic_parser:auto_extracted:ist_neben:range[5300-5302(3);5324-5327(4);5315-5318(4)],CONFIRMED,form_A,Die Leistungen nach den Nummern 5315 bis 5318 sind neben den Leistungen nach den Nummern 5300 bis 5302 sowie 5324 bis 5327 nicht berechnungsfähig.
excl_auto_5325_5317,5325,5317,mutual,GOÄ Anmerkung zu Nummer 5318,Die Leistungen nach den Nummern 5315 bis 5318 sind neben den Leistungen nach den Nummern 5300 bis 5302 sowie 5324 bis 5327 nicht berechnungsfähig.,true,2026-08-29,deterministic_parser:auto_extracted:ist_neben:range[5300-5302(3);5324-5327(4);5315-5318(4)],CONFIRMED,form_A,Die Leistungen nach den Nummern 5315 bis 5318 sind neben den Leistungen nach den Nummern 5300 bis 5302 sowie 5324 bis 5327 nicht berechnungsfähig.
excl_auto_5325_5318,5325,5318,mutual,GOÄ Anmerkung zu Nummer 5318,Die Leistungen nach den Nummern 5315 bis 5318 sind neben den Leistungen nach den Nummern 5300 bis 5302 sowie 5324 bis 5327 nicht berechnungsfähig.,true,2026-08-29,deterministic_parser:auto_extracted:ist_neben:range[5300-5302(3);5324-5327(4);5315-5318(4)],CONFIRMED,form_A,Die Leistungen nach den Nummern 5315 bis 5318 sind neben den Leistungen nach den Nummern 5300 bis 5302 sowie 5324 bis 5327 nicht berechnungsfähig.
excl_auto_5326_5315,5326,5315,mutual,GOÄ Anmerkung zu Nummer 5318,Die Leistungen nach den Nummern 5315 bis 5318 sind neben den Leistungen nach den Nummern 5300 bis 5302 sowie 5324 bis 5327 nicht berechnungsfähig.,true,2026-08-29,deterministic_parser:auto_extracted:ist_neben:range[5300-5302(3);5324-5327(4);5315-5318(4)],CONFIRMED,form_A,Die Leistungen nach den Nummern 5315 bis 5318 sind neben den Leistungen nach den Nummern 5300 bis 5302 sowie 5324 bis 5327 nicht berechnungsfähig.
excl_auto_5326_5316,5326,5316,mutual,GOÄ Anmerkung zu Nummer 5318,Die Leistungen nach den Nummern 5315 bis 5318 sind neben den Leistungen nach den Nummern 5300 bis 5302 sowie 5324 bis 5327 nicht berechnungsfähig.,true,2026-08-29,deterministic_parser:auto_extracted:ist_neben:range[5300-5302(3);5324-5327(4);5315-5318(4)],CONFIRMED,form_A,Die Leistungen nach den Nummern 5315 bis 5318 sind neben den Leistungen nach den Nummern 5300 bis 5302 sowie 5324 bis 5327 nicht berechnungsfähig.
excl_auto_5326_5317,5326,5317,mutual,GOÄ Anmerkung zu Nummer 5318,Die Leistungen nach den Nummern 5315 bis 5318 sind neben den Leistungen nach den Nummern 5300 bis 5302 sowie 5324 bis 5327 nicht berechnungsfähig.,true,2026-08-29,deterministic_parser:auto_extracted:ist_neben:range[5300-5302(3);5324-5327(4);5315-5318(4)],CONFIRMED,form_A,Die Leistungen nach den Nummern 5315 bis 5318 sind neben den Leistungen nach den Nummern 5300 bis 5302 sowie 5324 bis 5327 nicht berechnungsfähig.
excl_auto_5326_5318,5326,5318,mutual,GOÄ Anmerkung zu Nummer 5318,Die Leistungen nach den Nummern 5315 bis 5318 sind neben den Leistungen nach den Nummern 5300 bis 5302 sowie 5324 bis 5327 nicht berechnungsfähig.,true,2026-08-29,deterministic_parser:auto_extracted:ist_neben:range[5300-5302(3);5324-5327(4);5315-5318(4)],CONFIRMED,form_A,Die Leistungen nach den Nummern 5315 bis 5318 sind neben den Leistungen nach den Nummern 5300 bis 5302 sowie 5324 bis 5327 nicht berechnungsfähig.
excl_auto_5327_5315,5327,5315,mutual,GOÄ Anmerkung zu Nummer 5318,Die Leistungen nach den Nummern 5315 bis 5318 sind neben den Leistungen nach den Nummern 5300 bis 5302 sowie 5324 bis 5327 nicht berechnungsfähig.,true,2026-08-29,deterministic_parser:auto_extracted:ist_neben:range[5300-5302(3);5324-5327(4);5315-5318(4)],CONFIRMED,form_A,Die Leistungen nach den Nummern 5315 bis 5318 sind neben den Leistungen nach den Nummern 5300 bis 5302 sowie 5324 bis 5327 nicht berechnungsfähig.
excl_auto_5327_5316,5327,5316,mutual,GOÄ Anmerkung zu Nummer 5318,Die Leistungen nach den Nummern 5315 bis 5318 sind neben den Leistungen nach den Nummern 5300 bis 5302 sowie 5324 bis 5327 nicht berechnungsfähig.,true,2026-08-29,deterministic_parser:auto_extracted:ist_neben:range[5300-5302(3);5324-5327(4);5315-5318(4)],CONFIRMED,form_A,Die Leistungen nach den Nummern 5315 bis 5318 sind neben den Leistungen nach den Nummern 5300 bis 5302 sowie 5324 bis 5327 nicht berechnungsfähig.
excl_auto_5327_5317,5327,5317,mutual,GOÄ Anmerkung zu Nummer 5318,Die Leistungen nach den Nummern 5315 bis 5318 sind neben den Leistungen nach den Nummern 5300 bis 5302 sowie 5324 bis 5327 nicht berechnungsfähig.,true,2026-08-29,deterministic_parser:auto_extracted:ist_neben:range[5300-5302(3);5324-5327(4);5315-5318(4)],CONFIRMED,form_A,Die Leistungen nach den Nummern 5315 bis 5318 sind neben den Leistungen nach den Nummern 5300 bis 5302 sowie 5324 bis 5327 nicht berechnungsfähig.
excl_auto_5327_5318,5327,5318,mutual,GOÄ Anmerkung zu Nummer 5318,Die Leistungen nach den Nummern 5315 bis 5318 sind neben den Leistungen nach den Nummern 5300 bis 5302 sowie 5324 bis 5327 nicht berechnungsfähig.,true,2026-08-29,deterministic_parser:auto_extracted:ist_neben:range[5300-5302(3);5324-5327(4);5315-5318(4)],CONFIRMED,form_A,Die Leistungen nach den Nummern 5315 bis 5318 sind neben den Leistungen nach den Nummern 5300 bis 5302 sowie 5324 bis 5327 nicht berechnungsfähig.
excl_auto_5324_5325,5324,5325,mutual,GOÄ Anmerkung zu Nummer 5324,Die Leistungen nach den Nummern 5324 und 5325 sind nicht nebeneinander berechnungsfähig.,true,2026-08-29,deterministic_parser:auto_extracted:nicht_nebeneinander,CONFIRMED,form_C,Die Leistungen nach den Nummern 5324 und 5325 sind nicht nebeneinander berechnungsfähig.
excl_auto_5325_5324,5325,5324,mutual,GOÄ Anmerkung zu Nummer 5324,Die Leistungen nach den Nummern 5324 und 5325 sind nicht nebeneinander berechnungsfähig.,true,2026-08-29,deterministic_parser:auto_extracted:nicht_nebeneinander,CONFIRMED,form_C,Die Leistungen nach den Nummern 5324 und 5325 sind nicht nebeneinander berechnungsfähig.
excl_auto_5300_5324,5300,5324,one_way,GOÄ Anmerkung zu Nummer 5327,Die Leistungen nach den Nummern 5324 bis 5327 sind neben den Leistungen nach den Nummern 5300 bis 5302 und 5315 bis 5318 nicht berechnungsfähig.,true,2026-08-29,deterministic_parser:auto_extracted:ist_neben:range[5300-5302(3);5315-5318(4);5324-5327(4)],CONFIRMED,form_A,Die Leistungen nach den Nummern 5324 bis 5327 sind neben den Leistungen nach den Nummern 5300 bis 5302 und 5315 bis 5318 nicht berechnungsfähig.
excl_auto_5300_5325,5300,5325,one_way,GOÄ Anmerkung zu Nummer 5327,Die Leistungen nach den Nummern 5324 bis 5327 sind neben den Leistungen nach den Nummern 5300 bis 5302 und 5315 bis 5318 nicht berechnungsfähig.,true,2026-08-29,deterministic_parser:auto_extracted:ist_neben:range[5300-5302(3);5315-5318(4);5324-5327(4)],CONFIRMED,form_A,Die Leistungen nach den Nummern 5324 bis 5327 sind neben den Leistungen nach den Nummern 5300 bis 5302 und 5315 bis 5318 nicht berechnungsfähig.
excl_auto_5300_5326,5300,5326,one_way,GOÄ Anmerkung zu Nummer 5327,Die Leistungen nach den Nummern 5324 bis 5327 sind neben den Leistungen nach den Nummern 5300 bis 5302 und 5315 bis 5318 nicht berechnungsfähig.,true,2026-08-29,deterministic_parser:auto_extracted:ist_neben:range[5300-5302(3);5315-5318(4);5324-5327(4)],CONFIRMED,form_A,Die Leistungen nach den Nummern 5324 bis 5327 sind neben den Leistungen nach den Nummern 5300 bis 5302 und 5315 bis 5318 nicht berechnungsfähig.
excl_auto_5300_5327,5300,5327,one_way,GOÄ Anmerkung zu Nummer 5327,Die Leistungen nach den Nummern 5324 bis 5327 sind neben den Leistungen nach den Nummern 5300 bis 5302 und 5315 bis 5318 nicht berechnungsfähig.,true,2026-08-29,deterministic_parser:auto_extracted:ist_neben:range[5300-5302(3);5315-5318(4);5324-5327(4)],CONFIRMED,form_A,Die Leistungen nach den Nummern 5324 bis 5327 sind neben den Leistungen nach den Nummern 5300 bis 5302 und 5315 bis 5318 nicht berechnungsfähig.
excl_auto_5301_5324,5301,5324,one_way,GOÄ Anmerkung zu Nummer 5327,Die Leistungen nach den Nummern 5324 bis 5327 sind neben den Leistungen nach den Nummern 5300 bis 5302 und 5315 bis 5318 nicht berechnungsfähig.,true,2026-08-29,deterministic_parser:auto_extracted:ist_neben:range[5300-5302(3);5315-5318(4);5324-5327(4)],CONFIRMED,form_A,Die Leistungen nach den Nummern 5324 bis 5327 sind neben den Leistungen nach den Nummern 5300 bis 5302 und 5315 bis 5318 nicht berechnungsfähig.
excl_auto_5301_5325,5301,5325,one_way,GOÄ Anmerkung zu Nummer 5327,Die Leistungen nach den Nummern 5324 bis 5327 sind neben den Leistungen nach den Nummern 5300 bis 5302 und 5315 bis 5318 nicht berechnungsfähig.,true,2026-08-29,deterministic_parser:auto_extracted:ist_neben:range[5300-5302(3);5315-5318(4);5324-5327(4)],CONFIRMED,form_A,Die Leistungen nach den Nummern 5324 bis 5327 sind neben den Leistungen nach den Nummern 5300 bis 5302 und 5315 bis 5318 nicht berechnungsfähig.
excl_auto_5301_5326,5301,5326,one_way,GOÄ Anmerkung zu Nummer 5327,Die Leistungen nach den Nummern 5324 bis 5327 sind neben den Leistungen nach den Nummern 5300 bis 5302 und 5315 bis 5318 nicht berechnungsfähig.,true,2026-08-29,deterministic_parser:auto_extracted:ist_neben:range[5300-5302(3);5315-5318(4);5324-5327(4)],CONFIRMED,form_A,Die Leistungen nach den Nummern 5324 bis 5327 sind neben den Leistungen nach den Nummern 5300 bis 5302 und 5315 bis 5318 nicht berechnungsfähig.
excl_auto_5301_5327,5301,5327,one_way,GOÄ Anmerkung zu Nummer 5327,Die Leistungen nach den Nummern 5324 bis 5327 sind neben den Leistungen nach den Nummern 5300 bis 5302 und 5315 bis 5318 nicht berechnungsfähig.,true,2026-08-29,deterministic_parser:auto_extracted:ist_neben:range[5300-5302(3);5315-5318(4);5324-5327(4)],CONFIRMED,form_A,Die Leistungen nach den Nummern 5324 bis 5327 sind neben den Leistungen nach den Nummern 5300 bis 5302 und 5315 bis 5318 nicht berechnungsfähig.
excl_auto_5302_5324,5302,5324,one_way,GOÄ Anmerkung zu Nummer 5327,Die Leistungen nach den Nummern 5324 bis 5327 sind neben den Leistungen nach den Nummern 5300 bis 5302 und 5315 bis 5318 nicht berechnungsfähig.,true,2026-08-29,deterministic_parser:auto_extracted:ist_neben:range[5300-5302(3);5315-5318(4);5324-5327(4)],CONFIRMED,form_A,Die Leistungen nach den Nummern 5324 bis 5327 sind neben den Leistungen nach den Nummern 5300 bis 5302 und 5315 bis 5318 nicht berechnungsfähig.
excl_auto_5302_5325,5302,5325,one_way,GOÄ Anmerkung zu Nummer 5327,Die Leistungen nach den Nummern 5324 bis 5327 sind neben den Leistungen nach den Nummern 5300 bis 5302 und 5315 bis 5318 nicht berechnungsfähig.,true,2026-08-29,deterministic_parser:auto_extracted:ist_neben:range[5300-5302(3);5315-5318(4);5324-5327(4)],CONFIRMED,form_A,Die Leistungen nach den Nummern 5324 bis 5327 sind neben den Leistungen nach den Nummern 5300 bis 5302 und 5315 bis 5318 nicht berechnungsfähig.
excl_auto_5302_5326,5302,5326,one_way,GOÄ Anmerkung zu Nummer 5327,Die Leistungen nach den Nummern 5324 bis 5327 sind neben den Leistungen nach den Nummern 5300 bis 5302 und 5315 bis 5318 nicht berechnungsfähig.,true,2026-08-29,deterministic_parser:auto_extracted:ist_neben:range[5300-5302(3);5315-5318(4);5324-5327(4)],CONFIRMED,form_A,Die Leistungen nach den Nummern 5324 bis 5327 sind neben den Leistungen nach den Nummern 5300 bis 5302 und 5315 bis 5318 nicht berechnungsfähig.
excl_auto_5302_5327,5302,5327,one_way,GOÄ Anmerkung zu Nummer 5327,Die Leistungen nach den Nummern 5324 bis 5327 sind neben den Leistungen nach den Nummern 5300 bis 5302 und 5315 bis 5318 nicht berechnungsfähig.,true,2026-08-29,deterministic_parser:auto_extracted:ist_neben:range[5300-5302(3);5315-5318(4);5324-5327(4)],CONFIRMED,form_A,Die Leistungen nach den Nummern 5324 bis 5327 sind neben den Leistungen nach den Nummern 5300 bis 5302 und 5315 bis 5318 nicht berechnungsfähig.
excl_auto_5315_5324,5315,5324,mutual,GOÄ Anmerkung zu Nummer 5327,Die Leistungen nach den Nummern 5324 bis 5327 sind neben den Leistungen nach den Nummern 5300 bis 5302 und 5315 bis 5318 nicht berechnungsfähig.,true,2026-08-29,deterministic_parser:auto_extracted:ist_neben:range[5300-5302(3);5315-5318(4);5324-5327(4)],CONFIRMED,form_A,Die Leistungen nach den Nummern 5324 bis 5327 sind neben den Leistungen nach den Nummern 5300 bis 5302 und 5315 bis 5318 nicht berechnungsfähig.
excl_auto_5315_5325,5315,5325,mutual,GOÄ Anmerkung zu Nummer 5327,Die Leistungen nach den Nummern 5324 bis 5327 sind neben den Leistungen nach den Nummern 5300 bis 5302 und 5315 bis 5318 nicht berechnungsfähig.,true,2026-08-29,deterministic_parser:auto_extracted:ist_neben:range[5300-5302(3);5315-5318(4);5324-5327(4)],CONFIRMED,form_A,Die Leistungen nach den Nummern 5324 bis 5327 sind neben den Leistungen nach den Nummern 5300 bis 5302 und 5315 bis 5318 nicht berechnungsfähig.
excl_auto_5315_5326,5315,5326,mutual,GOÄ Anmerkung zu Nummer 5327,Die Leistungen nach den Nummern 5324 bis 5327 sind neben den Leistungen nach den Nummern 5300 bis 5302 und 5315 bis 5318 nicht berechnungsfähig.,true,2026-08-29,deterministic_parser:auto_extracted:ist_neben:range[5300-5302(3);5315-5318(4);5324-5327(4)],CONFIRMED,form_A,Die Leistungen nach den Nummern 5324 bis 5327 sind neben den Leistungen nach den Nummern 5300 bis 5302 und 5315 bis 5318 nicht berechnungsfähig.
excl_auto_5315_5327,5315,5327,mutual,GOÄ Anmerkung zu Nummer 5327,Die Leistungen nach den Nummern 5324 bis 5327 sind neben den Leistungen nach den Nummern 5300 bis 5302 und 5315 bis 5318 nicht berechnungsfähig.,true,2026-08-29,deterministic_parser:auto_extracted:ist_neben:range[5300-5302(3);5315-5318(4);5324-5327(4)],CONFIRMED,form_A,Die Leistungen nach den Nummern 5324 bis 5327 sind neben den Leistungen nach den Nummern 5300 bis 5302 und 5315 bis 5318 nicht berechnungsfähig.
excl_auto_5316_5324,5316,5324,mutual,GOÄ Anmerkung zu Nummer 5327,Die Leistungen nach den Nummern 5324 bis 5327 sind neben den Leistungen nach den Nummern 5300 bis 5302 und 5315 bis 5318 nicht berechnungsfähig.,true,2026-08-29,deterministic_parser:auto_extracted:ist_neben:range[5300-5302(3);5315-5318(4);5324-5327(4)],CONFIRMED,form_A,Die Leistungen nach den Nummern 5324 bis 5327 sind neben den Leistungen nach den Nummern 5300 bis 5302 und 5315 bis 5318 nicht berechnungsfähig.
excl_auto_5316_5325,5316,5325,mutual,GOÄ Anmerkung zu Nummer 5327,Die Leistungen nach den Nummern 5324 bis 5327 sind neben den Leistungen nach den Nummern 5300 bis 5302 und 5315 bis 5318 nicht berechnungsfähig.,true,2026-08-29,deterministic_parser:auto_extracted:ist_neben:range[5300-5302(3);5315-5318(4);5324-5327(4)],CONFIRMED,form_A,Die Leistungen nach den Nummern 5324 bis 5327 sind neben den Leistungen nach den Nummern 5300 bis 5302 und 5315 bis 5318 nicht berechnungsfähig.
excl_auto_5316_5326,5316,5326,mutual,GOÄ Anmerkung zu Nummer 5327,Die Leistungen nach den Nummern 5324 bis 5327 sind neben den Leistungen nach den Nummern 5300 bis 5302 und 5315 bis 5318 nicht berechnungsfähig.,true,2026-08-29,deterministic_parser:auto_extracted:ist_neben:range[5300-5302(3);5315-5318(4);5324-5327(4)],CONFIRMED,form_A,Die Leistungen nach den Nummern 5324 bis 5327 sind neben den Leistungen nach den Nummern 5300 bis 5302 und 5315 bis 5318 nicht berechnungsfähig.
excl_auto_5316_5327,5316,5327,mutual,GOÄ Anmerkung zu Nummer 5327,Die Leistungen nach den Nummern 5324 bis 5327 sind neben den Leistungen nach den Nummern 5300 bis 5302 und 5315 bis 5318 nicht berechnungsfähig.,true,2026-08-29,deterministic_parser:auto_extracted:ist_neben:range[5300-5302(3);5315-5318(4);5324-5327(4)],CONFIRMED,form_A,Die Leistungen nach den Nummern 5324 bis 5327 sind neben den Leistungen nach den Nummern 5300 bis 5302 und 5315 bis 5318 nicht berechnungsfähig.
excl_auto_5317_5324,5317,5324,mutual,GOÄ Anmerkung zu Nummer 5327,Die Leistungen nach den Nummern 5324 bis 5327 sind neben den Leistungen nach den Nummern 5300 bis 5302 und 5315 bis 5318 nicht berechnungsfähig.,true,2026-08-29,deterministic_parser:auto_extracted:ist_neben:range[5300-5302(3);5315-5318(4);5324-5327(4)],CONFIRMED,form_A,Die Leistungen nach den Nummern 5324 bis 5327 sind neben den Leistungen nach den Nummern 5300 bis 5302 und 5315 bis 5318 nicht berechnungsfähig.
excl_auto_5317_5325,5317,5325,mutual,GOÄ Anmerkung zu Nummer 5327,Die Leistungen nach den Nummern 5324 bis 5327 sind neben den Leistungen nach den Nummern 5300 bis 5302 und 5315 bis 5318 nicht berechnungsfähig.,true,2026-08-29,deterministic_parser:auto_extracted:ist_neben:range[5300-5302(3);5315-5318(4);5324-5327(4)],CONFIRMED,form_A,Die Leistungen nach den Nummern 5324 bis 5327 sind neben den Leistungen nach den Nummern 5300 bis 5302 und 5315 bis 5318 nicht berechnungsfähig.
excl_auto_5317_5326,5317,5326,mutual,GOÄ Anmerkung zu Nummer 5327,Die Leistungen nach den Nummern 5324 bis 5327 sind neben den Leistungen nach den Nummern 5300 bis 5302 und 5315 bis 5318 nicht berechnungsfähig.,true,2026-08-29,deterministic_parser:auto_extracted:ist_neben:range[5300-5302(3);5315-5318(4);5324-5327(4)],CONFIRMED,form_A,Die Leistungen nach den Nummern 5324 bis 5327 sind neben den Leistungen nach den Nummern 5300 bis 5302 und 5315 bis 5318 nicht berechnungsfähig.
excl_auto_5317_5327,5317,5327,mutual,GOÄ Anmerkung zu Nummer 5327,Die Leistungen nach den Nummern 5324 bis 5327 sind neben den Leistungen nach den Nummern 5300 bis 5302 und 5315 bis 5318 nicht berechnungsfähig.,true,2026-08-29,deterministic_parser:auto_extracted:ist_neben:range[5300-5302(3);5315-5318(4);5324-5327(4)],CONFIRMED,form_A,Die Leistungen nach den Nummern 5324 bis 5327 sind neben den Leistungen nach den Nummern 5300 bis 5302 und 5315 bis 5318 nicht berechnungsfähig.
excl_auto_5318_5324,5318,5324,mutual,GOÄ Anmerkung zu Nummer 5327,Die Leistungen nach den Nummern 5324 bis 5327 sind neben den Leistungen nach den Nummern 5300 bis 5302 und 5315 bis 5318 nicht berechnungsfähig.,true,2026-08-29,deterministic_parser:auto_extracted:ist_neben:range[5300-5302(3);5315-5318(4);5324-5327(4)],CONFIRMED,form_A,Die Leistungen nach den Nummern 5324 bis 5327 sind neben den Leistungen nach den Nummern 5300 bis 5302 und 5315 bis 5318 nicht berechnungsfähig.
excl_auto_5318_5325,5318,5325,mutual,GOÄ Anmerkung zu Nummer 5327,Die Leistungen nach den Nummern 5324 bis 5327 sind neben den Leistungen nach den Nummern 5300 bis 5302 und 5315 bis 5318 nicht berechnungsfähig.,true,2026-08-29,deterministic_parser:auto_extracted:ist_neben:range[5300-5302(3);5315-5318(4);5324-5327(4)],CONFIRMED,form_A,Die Leistungen nach den Nummern 5324 bis 5327 sind neben den Leistungen nach den Nummern 5300 bis 5302 und 5315 bis 5318 nicht berechnungsfähig.
excl_auto_5318_5326,5318,5326,mutual,GOÄ Anmerkung zu Nummer 5327,Die Leistungen nach den Nummern 5324 bis 5327 sind neben den Leistungen nach den Nummern 5300 bis 5302 und 5315 bis 5318 nicht berechnungsfähig.,true,2026-08-29,deterministic_parser:auto_extracted:ist_neben:range[5300-5302(3);5315-5318(4);5324-5327(4)],CONFIRMED,form_A,Die Leistungen nach den Nummern 5324 bis 5327 sind neben den Leistungen nach den Nummern 5300 bis 5302 und 5315 bis 5318 nicht berechnungsfähig.
excl_auto_5318_5327,5318,5327,mutual,GOÄ Anmerkung zu Nummer 5327,Die Leistungen nach den Nummern 5324 bis 5327 sind neben den Leistungen nach den Nummern 5300 bis 5302 und 5315 bis 5318 nicht berechnungsfähig.,true,2026-08-29,deterministic_parser:auto_extracted:ist_neben:range[5300-5302(3);5315-5318(4);5324-5327(4)],CONFIRMED,form_A,Die Leistungen nach den Nummern 5324 bis 5327 sind neben den Leistungen nach den Nummern 5300 bis 5302 und 5315 bis 5318 nicht berechnungsfähig.
excl_auto_5345_350,5345,350,one_way,GOÄ Anmerkung zu Nummer 5345,Neben der Leistung nach Nummer 5345 sind die Leistungen nach den Nummern 350 bis 361 sowie 5295 nicht berechnungsfähig.,true,2026-08-29,deterministic_parser:auto_extracted:neben_sind:range[350-361(7)],CONFIRMED,form_B,Neben der Leistung nach Nummer 5345 sind die Leistungen nach den Nummern 350 bis 361 sowie 5295 nicht berechnungsfähig.
excl_auto_5345_351,5345,351,one_way,GOÄ Anmerkung zu Nummer 5345,Neben der Leistung nach Nummer 5345 sind die Leistungen nach den Nummern 350 bis 361 sowie 5295 nicht berechnungsfähig.,true,2026-08-29,deterministic_parser:auto_extracted:neben_sind:range[350-361(7)],CONFIRMED,form_B,Neben der Leistung nach Nummer 5345 sind die Leistungen nach den Nummern 350 bis 361 sowie 5295 nicht berechnungsfähig.
excl_auto_5345_355,5345,355,one_way,GOÄ Anmerkung zu Nummer 5345,Neben der Leistung nach Nummer 5345 sind die Leistungen nach den Nummern 350 bis 361 sowie 5295 nicht berechnungsfähig.,true,2026-08-29,deterministic_parser:auto_extracted:neben_sind:range[350-361(7)],CONFIRMED,form_B,Neben der Leistung nach Nummer 5345 sind die Leistungen nach den Nummern 350 bis 361 sowie 5295 nicht berechnungsfähig.
excl_auto_5345_356,5345,356,one_way,GOÄ Anmerkung zu Nummer 5345,Neben der Leistung nach Nummer 5345 sind die Leistungen nach den Nummern 350 bis 361 sowie 5295 nicht berechnungsfähig.,true,2026-08-29,deterministic_parser:auto_extracted:neben_sind:range[350-361(7)],CONFIRMED,form_B,Neben der Leistung nach Nummer 5345 sind die Leistungen nach den Nummern 350 bis 361 sowie 5295 nicht berechnungsfähig.
excl_auto_5345_357,5345,357,one_way,GOÄ Anmerkung zu Nummer 5345,Neben der Leistung nach Nummer 5345 sind die Leistungen nach den Nummern 350 bis 361 sowie 5295 nicht berechnungsfähig.,true,2026-08-29,deterministic_parser:auto_extracted:neben_sind:range[350-361(7)],CONFIRMED,form_B,Neben der Leistung nach Nummer 5345 sind die Leistungen nach den Nummern 350 bis 361 sowie 5295 nicht berechnungsfähig.
excl_auto_5345_360,5345,360,one_way,GOÄ Anmerkung zu Nummer 5345,Neben der Leistung nach Nummer 5345 sind die Leistungen nach den Nummern 350 bis 361 sowie 5295 nicht berechnungsfähig.,true,2026-08-29,deterministic_parser:auto_extracted:neben_sind:range[350-361(7)],CONFIRMED,form_B,Neben der Leistung nach Nummer 5345 sind die Leistungen nach den Nummern 350 bis 361 sowie 5295 nicht berechnungsfähig.
excl_auto_5345_361,5345,361,one_way,GOÄ Anmerkung zu Nummer 5345,Neben der Leistung nach Nummer 5345 sind die Leistungen nach den Nummern 350 bis 361 sowie 5295 nicht berechnungsfähig.,true,2026-08-29,deterministic_parser:auto_extracted:neben_sind:range[350-361(7)],CONFIRMED,form_B,Neben der Leistung nach Nummer 5345 sind die Leistungen nach den Nummern 350 bis 361 sowie 5295 nicht berechnungsfähig.
excl_auto_5345_5295,5345,5295,one_way,GOÄ Anmerkung zu Nummer 5345,Neben der Leistung nach Nummer 5345 sind die Leistungen nach den Nummern 350 bis 361 sowie 5295 nicht berechnungsfähig.,true,2026-08-29,deterministic_parser:auto_extracted:neben_sind:range[350-361(7)],CONFIRMED,form_B,Neben der Leistung nach Nummer 5345 sind die Leistungen nach den Nummern 350 bis 361 sowie 5295 nicht berechnungsfähig.
excl_auto_5346_350,5346,350,one_way,GOÄ Anmerkung zu Nummer 5346,Neben der Leistung nach Nummer 5346 sind die Leistungen nach den Nummern 350 bis 361 sowie 5295 nicht berechnungsfähig.,true,2026-08-29,deterministic_parser:auto_extracted:neben_sind:range[350-361(7)],CONFIRMED,form_B,Neben der Leistung nach Nummer 5346 sind die Leistungen nach den Nummern 350 bis 361 sowie 5295 nicht berechnungsfähig.
excl_auto_5346_351,5346,351,one_way,GOÄ Anmerkung zu Nummer 5346,Neben der Leistung nach Nummer 5346 sind die Leistungen nach den Nummern 350 bis 361 sowie 5295 nicht berechnungsfähig.,true,2026-08-29,deterministic_parser:auto_extracted:neben_sind:range[350-361(7)],CONFIRMED,form_B,Neben der Leistung nach Nummer 5346 sind die Leistungen nach den Nummern 350 bis 361 sowie 5295 nicht berechnungsfähig.
excl_auto_5346_355,5346,355,one_way,GOÄ Anmerkung zu Nummer 5346,Neben der Leistung nach Nummer 5346 sind die Leistungen nach den Nummern 350 bis 361 sowie 5295 nicht berechnungsfähig.,true,2026-08-29,deterministic_parser:auto_extracted:neben_sind:range[350-361(7)],CONFIRMED,form_B,Neben der Leistung nach Nummer 5346 sind die Leistungen nach den Nummern 350 bis 361 sowie 5295 nicht berechnungsfähig.
excl_auto_5346_356,5346,356,one_way,GOÄ Anmerkung zu Nummer 5346,Neben der Leistung nach Nummer 5346 sind die Leistungen nach den Nummern 350 bis 361 sowie 5295 nicht berechnungsfähig.,true,2026-08-29,deterministic_parser:auto_extracted:neben_sind:range[350-361(7)],CONFIRMED,form_B,Neben der Leistung nach Nummer 5346 sind die Leistungen nach den Nummern 350 bis 361 sowie 5295 nicht berechnungsfähig.
excl_auto_5346_357,5346,357,one_way,GOÄ Anmerkung zu Nummer 5346,Neben der Leistung nach Nummer 5346 sind die Leistungen nach den Nummern 350 bis 361 sowie 5295 nicht berechnungsfähig.,true,2026-08-29,deterministic_parser:auto_extracted:neben_sind:range[350-361(7)],CONFIRMED,form_B,Neben der Leistung nach Nummer 5346 sind die Leistungen nach den Nummern 350 bis 361 sowie 5295 nicht berechnungsfähig.
excl_auto_5346_360,5346,360,one_way,GOÄ Anmerkung zu Nummer 5346,Neben der Leistung nach Nummer 5346 sind die Leistungen nach den Nummern 350 bis 361 sowie 5295 nicht berechnungsfähig.,true,2026-08-29,deterministic_parser:auto_extracted:neben_sind:range[350-361(7)],CONFIRMED,form_B,Neben der Leistung nach Nummer 5346 sind die Leistungen nach den Nummern 350 bis 361 sowie 5295 nicht berechnungsfähig.
excl_auto_5346_361,5346,361,one_way,GOÄ Anmerkung zu Nummer 5346,Neben der Leistung nach Nummer 5346 sind die Leistungen nach den Nummern 350 bis 361 sowie 5295 nicht berechnungsfähig.,true,2026-08-29,deterministic_parser:auto_extracted:neben_sind:range[350-361(7)],CONFIRMED,form_B,Neben der Leistung nach Nummer 5346 sind die Leistungen nach den Nummern 350 bis 361 sowie 5295 nicht berechnungsfähig.
excl_auto_5346_5295,5346,5295,one_way,GOÄ Anmerkung zu Nummer 5346,Neben der Leistung nach Nummer 5346 sind die Leistungen nach den Nummern 350 bis 361 sowie 5295 nicht berechnungsfähig.,true,2026-08-29,deterministic_parser:auto_extracted:neben_sind:range[350-361(7)],CONFIRMED,form_B,Neben der Leistung nach Nummer 5346 sind die Leistungen nach den Nummern 350 bis 361 sowie 5295 nicht berechnungsfähig.
excl_auto_5348_350,5348,350,one_way,GOÄ Anmerkung zu Nummer 5348,Neben der Leistung nach Nummer 5348 sind die Leistungen nach den Nummern 350 bis 361 sowie 5295 nicht berechnungsfähig.,true,2026-08-29,deterministic_parser:auto_extracted:neben_sind:range[350-361(7)],CONFIRMED,form_B,Neben der Leistung nach Nummer 5348 sind die Leistungen nach den Nummern 350 bis 361 sowie 5295 nicht berechnungsfähig.
excl_auto_5348_351,5348,351,one_way,GOÄ Anmerkung zu Nummer 5348,Neben der Leistung nach Nummer 5348 sind die Leistungen nach den Nummern 350 bis 361 sowie 5295 nicht berechnungsfähig.,true,2026-08-29,deterministic_parser:auto_extracted:neben_sind:range[350-361(7)],CONFIRMED,form_B,Neben der Leistung nach Nummer 5348 sind die Leistungen nach den Nummern 350 bis 361 sowie 5295 nicht berechnungsfähig.
excl_auto_5348_355,5348,355,one_way,GOÄ Anmerkung zu Nummer 5348,Neben der Leistung nach Nummer 5348 sind die Leistungen nach den Nummern 350 bis 361 sowie 5295 nicht berechnungsfähig.,true,2026-08-29,deterministic_parser:auto_extracted:neben_sind:range[350-361(7)],CONFIRMED,form_B,Neben der Leistung nach Nummer 5348 sind die Leistungen nach den Nummern 350 bis 361 sowie 5295 nicht berechnungsfähig.
excl_auto_5348_356,5348,356,one_way,GOÄ Anmerkung zu Nummer 5348,Neben der Leistung nach Nummer 5348 sind die Leistungen nach den Nummern 350 bis 361 sowie 5295 nicht berechnungsfähig.,true,2026-08-29,deterministic_parser:auto_extracted:neben_sind:range[350-361(7)],CONFIRMED,form_B,Neben der Leistung nach Nummer 5348 sind die Leistungen nach den Nummern 350 bis 361 sowie 5295 nicht berechnungsfähig.
excl_auto_5348_357,5348,357,one_way,GOÄ Anmerkung zu Nummer 5348,Neben der Leistung nach Nummer 5348 sind die Leistungen nach den Nummern 350 bis 361 sowie 5295 nicht berechnungsfähig.,true,2026-08-29,deterministic_parser:auto_extracted:neben_sind:range[350-361(7)],CONFIRMED,form_B,Neben der Leistung nach Nummer 5348 sind die Leistungen nach den Nummern 350 bis 361 sowie 5295 nicht berechnungsfähig.
excl_auto_5348_360,5348,360,one_way,GOÄ Anmerkung zu Nummer 5348,Neben der Leistung nach Nummer 5348 sind die Leistungen nach den Nummern 350 bis 361 sowie 5295 nicht berechnungsfähig.,true,2026-08-29,deterministic_parser:auto_extracted:neben_sind:range[350-361(7)],CONFIRMED,form_B,Neben der Leistung nach Nummer 5348 sind die Leistungen nach den Nummern 350 bis 361 sowie 5295 nicht berechnungsfähig.
excl_auto_5348_361,5348,361,one_way,GOÄ Anmerkung zu Nummer 5348,Neben der Leistung nach Nummer 5348 sind die Leistungen nach den Nummern 350 bis 361 sowie 5295 nicht berechnungsfähig.,true,2026-08-29,deterministic_parser:auto_extracted:neben_sind:range[350-361(7)],CONFIRMED,form_B,Neben der Leistung nach Nummer 5348 sind die Leistungen nach den Nummern 350 bis 361 sowie 5295 nicht berechnungsfähig.
excl_auto_5348_5295,5348,5295,one_way,GOÄ Anmerkung zu Nummer 5348,Neben der Leistung nach Nummer 5348 sind die Leistungen nach den Nummern 350 bis 361 sowie 5295 nicht berechnungsfähig.,true,2026-08-29,deterministic_parser:auto_extracted:neben_sind:range[350-361(7)],CONFIRMED,form_B,Neben der Leistung nach Nummer 5348 sind die Leistungen nach den Nummern 350 bis 361 sowie 5295 nicht berechnungsfähig.
excl_auto_5349_350,5349,350,one_way,GOÄ Anmerkung zu Nummer 5349,Neben der Leistung nach Nummer 5349 sind die Leistungen nach den Nummern 350 bis 361 sowie 5295 nicht berechnungsfähig.,true,2026-08-29,deterministic_parser:auto_extracted:neben_sind:range[350-361(7)],CONFIRMED,form_B,Neben der Leistung nach Nummer 5349 sind die Leistungen nach den Nummern 350 bis 361 sowie 5295 nicht berechnungsfähig.
excl_auto_5349_351,5349,351,one_way,GOÄ Anmerkung zu Nummer 5349,Neben der Leistung nach Nummer 5349 sind die Leistungen nach den Nummern 350 bis 361 sowie 5295 nicht berechnungsfähig.,true,2026-08-29,deterministic_parser:auto_extracted:neben_sind:range[350-361(7)],CONFIRMED,form_B,Neben der Leistung nach Nummer 5349 sind die Leistungen nach den Nummern 350 bis 361 sowie 5295 nicht berechnungsfähig.
excl_auto_5349_355,5349,355,one_way,GOÄ Anmerkung zu Nummer 5349,Neben der Leistung nach Nummer 5349 sind die Leistungen nach den Nummern 350 bis 361 sowie 5295 nicht berechnungsfähig.,true,2026-08-29,deterministic_parser:auto_extracted:neben_sind:range[350-361(7)],CONFIRMED,form_B,Neben der Leistung nach Nummer 5349 sind die Leistungen nach den Nummern 350 bis 361 sowie 5295 nicht berechnungsfähig.
excl_auto_5349_356,5349,356,one_way,GOÄ Anmerkung zu Nummer 5349,Neben der Leistung nach Nummer 5349 sind die Leistungen nach den Nummern 350 bis 361 sowie 5295 nicht berechnungsfähig.,true,2026-08-29,deterministic_parser:auto_extracted:neben_sind:range[350-361(7)],CONFIRMED,form_B,Neben der Leistung nach Nummer 5349 sind die Leistungen nach den Nummern 350 bis 361 sowie 5295 nicht berechnungsfähig.
excl_auto_5349_357,5349,357,one_way,GOÄ Anmerkung zu Nummer 5349,Neben der Leistung nach Nummer 5349 sind die Leistungen nach den Nummern 350 bis 361 sowie 5295 nicht berechnungsfähig.,true,2026-08-29,deterministic_parser:auto_extracted:neben_sind:range[350-361(7)],CONFIRMED,form_B,Neben der Leistung nach Nummer 5349 sind die Leistungen nach den Nummern 350 bis 361 sowie 5295 nicht berechnungsfähig.
excl_auto_5349_360,5349,360,one_way,GOÄ Anmerkung zu Nummer 5349,Neben der Leistung nach Nummer 5349 sind die Leistungen nach den Nummern 350 bis 361 sowie 5295 nicht berechnungsfähig.,true,2026-08-29,deterministic_parser:auto_extracted:neben_sind:range[350-361(7)],CONFIRMED,form_B,Neben der Leistung nach Nummer 5349 sind die Leistungen nach den Nummern 350 bis 361 sowie 5295 nicht berechnungsfähig.
excl_auto_5349_361,5349,361,one_way,GOÄ Anmerkung zu Nummer 5349,Neben der Leistung nach Nummer 5349 sind die Leistungen nach den Nummern 350 bis 361 sowie 5295 nicht berechnungsfähig.,true,2026-08-29,deterministic_parser:auto_extracted:neben_sind:range[350-361(7)],CONFIRMED,form_B,Neben der Leistung nach Nummer 5349 sind die Leistungen nach den Nummern 350 bis 361 sowie 5295 nicht berechnungsfähig.
excl_auto_5349_5295,5349,5295,one_way,GOÄ Anmerkung zu Nummer 5349,Neben der Leistung nach Nummer 5349 sind die Leistungen nach den Nummern 350 bis 361 sowie 5295 nicht berechnungsfähig.,true,2026-08-29,deterministic_parser:auto_extracted:neben_sind:range[350-361(7)],CONFIRMED,form_B,Neben der Leistung nach Nummer 5349 sind die Leistungen nach den Nummern 350 bis 361 sowie 5295 nicht berechnungsfähig.
excl_auto_5353_344,5353,344,one_way,GOÄ Anmerkung zu Nummer 5353,"Neben der Leistung nach Nummer 5353 sind die Leistungen nach den Nummern 344 bis 347, 5295 sowie 5329 bis 5331 nicht berechnungsfähig.",true,2026-08-29,deterministic_parser:auto_extracted:neben_sind:range[344-347(4);5329-5331(3)],CONFIRMED,form_B,"Neben der Leistung nach Nummer 5353 sind die Leistungen nach den Nummern 344 bis 347, 5295 sowie 5329 bis 5331 nicht berechnungsfähig."
excl_auto_5353_345,5353,345,one_way,GOÄ Anmerkung zu Nummer 5353,"Neben der Leistung nach Nummer 5353 sind die Leistungen nach den Nummern 344 bis 347, 5295 sowie 5329 bis 5331 nicht berechnungsfähig.",true,2026-08-29,deterministic_parser:auto_extracted:neben_sind:range[344-347(4);5329-5331(3)],CONFIRMED,form_B,"Neben der Leistung nach Nummer 5353 sind die Leistungen nach den Nummern 344 bis 347, 5295 sowie 5329 bis 5331 nicht berechnungsfähig."
excl_auto_5353_346,5353,346,one_way,GOÄ Anmerkung zu Nummer 5353,"Neben der Leistung nach Nummer 5353 sind die Leistungen nach den Nummern 344 bis 347, 5295 sowie 5329 bis 5331 nicht berechnungsfähig.",true,2026-08-29,deterministic_parser:auto_extracted:neben_sind:range[344-347(4);5329-5331(3)],CONFIRMED,form_B,"Neben der Leistung nach Nummer 5353 sind die Leistungen nach den Nummern 344 bis 347, 5295 sowie 5329 bis 5331 nicht berechnungsfähig."
excl_auto_5353_347,5353,347,one_way,GOÄ Anmerkung zu Nummer 5353,"Neben der Leistung nach Nummer 5353 sind die Leistungen nach den Nummern 344 bis 347, 5295 sowie 5329 bis 5331 nicht berechnungsfähig.",true,2026-08-29,deterministic_parser:auto_extracted:neben_sind:range[344-347(4);5329-5331(3)],CONFIRMED,form_B,"Neben der Leistung nach Nummer 5353 sind die Leistungen nach den Nummern 344 bis 347, 5295 sowie 5329 bis 5331 nicht berechnungsfähig."
excl_auto_5353_5295,5353,5295,one_way,GOÄ Anmerkung zu Nummer 5353,"Neben der Leistung nach Nummer 5353 sind die Leistungen nach den Nummern 344 bis 347, 5295 sowie 5329 bis 5331 nicht berechnungsfähig.",true,2026-08-29,deterministic_parser:auto_extracted:neben_sind:range[344-347(4);5329-5331(3)],CONFIRMED,form_B,"Neben der Leistung nach Nummer 5353 sind die Leistungen nach den Nummern 344 bis 347, 5295 sowie 5329 bis 5331 nicht berechnungsfähig."
excl_auto_5353_5329,5353,5329,one_way,GOÄ Anmerkung zu Nummer 5353,"Neben der Leistung nach Nummer 5353 sind die Leistungen nach den Nummern 344 bis 347, 5295 sowie 5329 bis 5331 nicht berechnungsfähig.",true,2026-08-29,deterministic_parser:auto_extracted:neben_sind:range[344-347(4);5329-5331(3)],CONFIRMED,form_B,"Neben der Leistung nach Nummer 5353 sind die Leistungen nach den Nummern 344 bis 347, 5295 sowie 5329 bis 5331 nicht berechnungsfähig."
excl_auto_5353_5330,5353,5330,one_way,GOÄ Anmerkung zu Nummer 5353,"Neben der Leistung nach Nummer 5353 sind die Leistungen nach den Nummern 344 bis 347, 5295 sowie 5329 bis 5331 nicht berechnungsfähig.",true,2026-08-29,deterministic_parser:auto_extracted:neben_sind:range[344-347(4);5329-5331(3)],CONFIRMED,form_B,"Neben der Leistung nach Nummer 5353 sind die Leistungen nach den Nummern 344 bis 347, 5295 sowie 5329 bis 5331 nicht berechnungsfähig."
excl_auto_5353_5331,5353,5331,one_way,GOÄ Anmerkung zu Nummer 5353,"Neben der Leistung nach Nummer 5353 sind die Leistungen nach den Nummern 344 bis 347, 5295 sowie 5329 bis 5331 nicht berechnungsfähig.",true,2026-08-29,deterministic_parser:auto_extracted:neben_sind:range[344-347(4);5329-5331(3)],CONFIRMED,form_B,"Neben der Leistung nach Nummer 5353 sind die Leistungen nach den Nummern 344 bis 347, 5295 sowie 5329 bis 5331 nicht berechnungsfähig."
excl_auto_5354_344,5354,344,one_way,GOÄ Anmerkung zu Nummer 5354,"Neben der Leistung nach Nummer 5354 sind die Leistungen nach den Nummern 344 bis 347, 5295 sowie 5329 bis 5331 nicht berechnungsfähig.",true,2026-08-29,deterministic_parser:auto_extracted:neben_sind:range[344-347(4);5329-5331(3)],CONFIRMED,form_B,"Neben der Leistung nach Nummer 5354 sind die Leistungen nach den Nummern 344 bis 347, 5295 sowie 5329 bis 5331 nicht berechnungsfähig."
excl_auto_5354_345,5354,345,one_way,GOÄ Anmerkung zu Nummer 5354,"Neben der Leistung nach Nummer 5354 sind die Leistungen nach den Nummern 344 bis 347, 5295 sowie 5329 bis 5331 nicht berechnungsfähig.",true,2026-08-29,deterministic_parser:auto_extracted:neben_sind:range[344-347(4);5329-5331(3)],CONFIRMED,form_B,"Neben der Leistung nach Nummer 5354 sind die Leistungen nach den Nummern 344 bis 347, 5295 sowie 5329 bis 5331 nicht berechnungsfähig."
excl_auto_5354_346,5354,346,one_way,GOÄ Anmerkung zu Nummer 5354,"Neben der Leistung nach Nummer 5354 sind die Leistungen nach den Nummern 344 bis 347, 5295 sowie 5329 bis 5331 nicht berechnungsfähig.",true,2026-08-29,deterministic_parser:auto_extracted:neben_sind:range[344-347(4);5329-5331(3)],CONFIRMED,form_B,"Neben der Leistung nach Nummer 5354 sind die Leistungen nach den Nummern 344 bis 347, 5295 sowie 5329 bis 5331 nicht berechnungsfähig."
excl_auto_5354_347,5354,347,one_way,GOÄ Anmerkung zu Nummer 5354,"Neben der Leistung nach Nummer 5354 sind die Leistungen nach den Nummern 344 bis 347, 5295 sowie 5329 bis 5331 nicht berechnungsfähig.",true,2026-08-29,deterministic_parser:auto_extracted:neben_sind:range[344-347(4);5329-5331(3)],CONFIRMED,form_B,"Neben der Leistung nach Nummer 5354 sind die Leistungen nach den Nummern 344 bis 347, 5295 sowie 5329 bis 5331 nicht berechnungsfähig."
excl_auto_5354_5295,5354,5295,one_way,GOÄ Anmerkung zu Nummer 5354,"Neben der Leistung nach Nummer 5354 sind die Leistungen nach den Nummern 344 bis 347, 5295 sowie 5329 bis 5331 nicht berechnungsfähig.",true,2026-08-29,deterministic_parser:auto_extracted:neben_sind:range[344-347(4);5329-5331(3)],CONFIRMED,form_B,"Neben der Leistung nach Nummer 5354 sind die Leistungen nach den Nummern 344 bis 347, 5295 sowie 5329 bis 5331 nicht berechnungsfähig."
excl_auto_5354_5329,5354,5329,one_way,GOÄ Anmerkung zu Nummer 5354,"Neben der Leistung nach Nummer 5354 sind die Leistungen nach den Nummern 344 bis 347, 5295 sowie 5329 bis 5331 nicht berechnungsfähig.",true,2026-08-29,deterministic_parser:auto_extracted:neben_sind:range[344-347(4);5329-5331(3)],CONFIRMED,form_B,"Neben der Leistung nach Nummer 5354 sind die Leistungen nach den Nummern 344 bis 347, 5295 sowie 5329 bis 5331 nicht berechnungsfähig."
excl_auto_5354_5330,5354,5330,one_way,GOÄ Anmerkung zu Nummer 5354,"Neben der Leistung nach Nummer 5354 sind die Leistungen nach den Nummern 344 bis 347, 5295 sowie 5329 bis 5331 nicht berechnungsfähig.",true,2026-08-29,deterministic_parser:auto_extracted:neben_sind:range[344-347(4);5329-5331(3)],CONFIRMED,form_B,"Neben der Leistung nach Nummer 5354 sind die Leistungen nach den Nummern 344 bis 347, 5295 sowie 5329 bis 5331 nicht berechnungsfähig."
excl_auto_5354_5331,5354,5331,one_way,GOÄ Anmerkung zu Nummer 5354,"Neben der Leistung nach Nummer 5354 sind die Leistungen nach den Nummern 344 bis 347, 5295 sowie 5329 bis 5331 nicht berechnungsfähig.",true,2026-08-29,deterministic_parser:auto_extracted:neben_sind:range[344-347(4);5329-5331(3)],CONFIRMED,form_B,"Neben der Leistung nach Nummer 5354 sind die Leistungen nach den Nummern 344 bis 347, 5295 sowie 5329 bis 5331 nicht berechnungsfähig."
excl_auto_5355_344,5355,344,one_way,GOÄ Anmerkung zu Nummer 5355,"Neben der Leistung nach Nummer 5355 sind die Leistungen nach den Nummern 344 bis 361, 5295 sowie 5300 bis 5327 nicht berechnungsfähig.",true,2026-08-29,deterministic_parser:auto_extracted:neben_sind:range[344-361(11);5300-5327(22)],CONFIRMED,form_B,"Neben der Leistung nach Nummer 5355 sind die Leistungen nach den Nummern 344 bis 361, 5295 sowie 5300 bis 5327 nicht berechnungsfähig."
excl_auto_5355_345,5355,345,one_way,GOÄ Anmerkung zu Nummer 5355,"Neben der Leistung nach Nummer 5355 sind die Leistungen nach den Nummern 344 bis 361, 5295 sowie 5300 bis 5327 nicht berechnungsfähig.",true,2026-08-29,deterministic_parser:auto_extracted:neben_sind:range[344-361(11);5300-5327(22)],CONFIRMED,form_B,"Neben der Leistung nach Nummer 5355 sind die Leistungen nach den Nummern 344 bis 361, 5295 sowie 5300 bis 5327 nicht berechnungsfähig."
excl_auto_5355_346,5355,346,one_way,GOÄ Anmerkung zu Nummer 5355,"Neben der Leistung nach Nummer 5355 sind die Leistungen nach den Nummern 344 bis 361, 5295 sowie 5300 bis 5327 nicht berechnungsfähig.",true,2026-08-29,deterministic_parser:auto_extracted:neben_sind:range[344-361(11);5300-5327(22)],CONFIRMED,form_B,"Neben der Leistung nach Nummer 5355 sind die Leistungen nach den Nummern 344 bis 361, 5295 sowie 5300 bis 5327 nicht berechnungsfähig."
excl_auto_5355_347,5355,347,one_way,GOÄ Anmerkung zu Nummer 5355,"Neben der Leistung nach Nummer 5355 sind die Leistungen nach den Nummern 344 bis 361, 5295 sowie 5300 bis 5327 nicht berechnungsfähig.",true,2026-08-29,deterministic_parser:auto_extracted:neben_sind:range[344-361(11);5300-5327(22)],CONFIRMED,form_B,"Neben der Leistung nach Nummer 5355 sind die Leistungen nach den Nummern 344 bis 361, 5295 sowie 5300 bis 5327 nicht berechnungsfähig."
excl_auto_5355_350,5355,350,one_way,GOÄ Anmerkung zu Nummer 5355,"Neben der Leistung nach Nummer 5355 sind die Leistungen nach den Nummern 344 bis 361, 5295 sowie 5300 bis 5327 nicht berechnungsfähig.",true,2026-08-29,deterministic_parser:auto_extracted:neben_sind:range[344-361(11);5300-5327(22)],CONFIRMED,form_B,"Neben der Leistung nach Nummer 5355 sind die Leistungen nach den Nummern 344 bis 361, 5295 sowie 5300 bis 5327 nicht berechnungsfähig."
excl_auto_5355_351,5355,351,one_way,GOÄ Anmerkung zu Nummer 5355,"Neben der Leistung nach Nummer 5355 sind die Leistungen nach den Nummern 344 bis 361, 5295 sowie 5300 bis 5327 nicht berechnungsfähig.",true,2026-08-29,deterministic_parser:auto_extracted:neben_sind:range[344-361(11);5300-5327(22)],CONFIRMED,form_B,"Neben der Leistung nach Nummer 5355 sind die Leistungen nach den Nummern 344 bis 361, 5295 sowie 5300 bis 5327 nicht berechnungsfähig."
excl_auto_5355_355,5355,355,one_way,GOÄ Anmerkung zu Nummer 5355,"Neben der Leistung nach Nummer 5355 sind die Leistungen nach den Nummern 344 bis 361, 5295 sowie 5300 bis 5327 nicht berechnungsfähig.",true,2026-08-29,deterministic_parser:auto_extracted:neben_sind:range[344-361(11);5300-5327(22)],CONFIRMED,form_B,"Neben der Leistung nach Nummer 5355 sind die Leistungen nach den Nummern 344 bis 361, 5295 sowie 5300 bis 5327 nicht berechnungsfähig."
excl_auto_5355_356,5355,356,one_way,GOÄ Anmerkung zu Nummer 5355,"Neben der Leistung nach Nummer 5355 sind die Leistungen nach den Nummern 344 bis 361, 5295 sowie 5300 bis 5327 nicht berechnungsfähig.",true,2026-08-29,deterministic_parser:auto_extracted:neben_sind:range[344-361(11);5300-5327(22)],CONFIRMED,form_B,"Neben der Leistung nach Nummer 5355 sind die Leistungen nach den Nummern 344 bis 361, 5295 sowie 5300 bis 5327 nicht berechnungsfähig."
excl_auto_5355_357,5355,357,one_way,GOÄ Anmerkung zu Nummer 5355,"Neben der Leistung nach Nummer 5355 sind die Leistungen nach den Nummern 344 bis 361, 5295 sowie 5300 bis 5327 nicht berechnungsfähig.",true,2026-08-29,deterministic_parser:auto_extracted:neben_sind:range[344-361(11);5300-5327(22)],CONFIRMED,form_B,"Neben der Leistung nach Nummer 5355 sind die Leistungen nach den Nummern 344 bis 361, 5295 sowie 5300 bis 5327 nicht berechnungsfähig."
excl_auto_5355_360,5355,360,one_way,GOÄ Anmerkung zu Nummer 5355,"Neben der Leistung nach Nummer 5355 sind die Leistungen nach den Nummern 344 bis 361, 5295 sowie 5300 bis 5327 nicht berechnungsfähig.",true,2026-08-29,deterministic_parser:auto_extracted:neben_sind:range[344-361(11);5300-5327(22)],CONFIRMED,form_B,"Neben der Leistung nach Nummer 5355 sind die Leistungen nach den Nummern 344 bis 361, 5295 sowie 5300 bis 5327 nicht berechnungsfähig."
excl_auto_5355_361,5355,361,one_way,GOÄ Anmerkung zu Nummer 5355,"Neben der Leistung nach Nummer 5355 sind die Leistungen nach den Nummern 344 bis 361, 5295 sowie 5300 bis 5327 nicht berechnungsfähig.",true,2026-08-29,deterministic_parser:auto_extracted:neben_sind:range[344-361(11);5300-5327(22)],CONFIRMED,form_B,"Neben der Leistung nach Nummer 5355 sind die Leistungen nach den Nummern 344 bis 361, 5295 sowie 5300 bis 5327 nicht berechnungsfähig."
excl_auto_5355_5295,5355,5295,one_way,GOÄ Anmerkung zu Nummer 5355,"Neben der Leistung nach Nummer 5355 sind die Leistungen nach den Nummern 344 bis 361, 5295 sowie 5300 bis 5327 nicht berechnungsfähig.",true,2026-08-29,deterministic_parser:auto_extracted:neben_sind:range[344-361(11);5300-5327(22)],CONFIRMED,form_B,"Neben der Leistung nach Nummer 5355 sind die Leistungen nach den Nummern 344 bis 361, 5295 sowie 5300 bis 5327 nicht berechnungsfähig."
excl_auto_5355_5300,5355,5300,one_way,GOÄ Anmerkung zu Nummer 5355,"Neben der Leistung nach Nummer 5355 sind die Leistungen nach den Nummern 344 bis 361, 5295 sowie 5300 bis 5327 nicht berechnungsfähig.",true,2026-08-29,deterministic_parser:auto_extracted:neben_sind:range[344-361(11);5300-5327(22)],CONFIRMED,form_B,"Neben der Leistung nach Nummer 5355 sind die Leistungen nach den Nummern 344 bis 361, 5295 sowie 5300 bis 5327 nicht berechnungsfähig."
excl_auto_5355_5301,5355,5301,one_way,GOÄ Anmerkung zu Nummer 5355,"Neben der Leistung nach Nummer 5355 sind die Leistungen nach den Nummern 344 bis 361, 5295 sowie 5300 bis 5327 nicht berechnungsfähig.",true,2026-08-29,deterministic_parser:auto_extracted:neben_sind:range[344-361(11);5300-5327(22)],CONFIRMED,form_B,"Neben der Leistung nach Nummer 5355 sind die Leistungen nach den Nummern 344 bis 361, 5295 sowie 5300 bis 5327 nicht berechnungsfähig."
excl_auto_5355_5302,5355,5302,one_way,GOÄ Anmerkung zu Nummer 5355,"Neben der Leistung nach Nummer 5355 sind die Leistungen nach den Nummern 344 bis 361, 5295 sowie 5300 bis 5327 nicht berechnungsfähig.",true,2026-08-29,deterministic_parser:auto_extracted:neben_sind:range[344-361(11);5300-5327(22)],CONFIRMED,form_B,"Neben der Leistung nach Nummer 5355 sind die Leistungen nach den Nummern 344 bis 361, 5295 sowie 5300 bis 5327 nicht berechnungsfähig."
excl_auto_5355_5303,5355,5303,one_way,GOÄ Anmerkung zu Nummer 5355,"Neben der Leistung nach Nummer 5355 sind die Leistungen nach den Nummern 344 bis 361, 5295 sowie 5300 bis 5327 nicht berechnungsfähig.",true,2026-08-29,deterministic_parser:auto_extracted:neben_sind:range[344-361(11);5300-5327(22)],CONFIRMED,form_B,"Neben der Leistung nach Nummer 5355 sind die Leistungen nach den Nummern 344 bis 361, 5295 sowie 5300 bis 5327 nicht berechnungsfähig."
excl_auto_5355_5304,5355,5304,one_way,GOÄ Anmerkung zu Nummer 5355,"Neben der Leistung nach Nummer 5355 sind die Leistungen nach den Nummern 344 bis 361, 5295 sowie 5300 bis 5327 nicht berechnungsfähig.",true,2026-08-29,deterministic_parser:auto_extracted:neben_sind:range[344-361(11);5300-5327(22)],CONFIRMED,form_B,"Neben der Leistung nach Nummer 5355 sind die Leistungen nach den Nummern 344 bis 361, 5295 sowie 5300 bis 5327 nicht berechnungsfähig."
excl_auto_5355_5305,5355,5305,one_way,GOÄ Anmerkung zu Nummer 5355,"Neben der Leistung nach Nummer 5355 sind die Leistungen nach den Nummern 344 bis 361, 5295 sowie 5300 bis 5327 nicht berechnungsfähig.",true,2026-08-29,deterministic_parser:auto_extracted:neben_sind:range[344-361(11);5300-5327(22)],CONFIRMED,form_B,"Neben der Leistung nach Nummer 5355 sind die Leistungen nach den Nummern 344 bis 361, 5295 sowie 5300 bis 5327 nicht berechnungsfähig."
excl_auto_5355_5306,5355,5306,one_way,GOÄ Anmerkung zu Nummer 5355,"Neben der Leistung nach Nummer 5355 sind die Leistungen nach den Nummern 344 bis 361, 5295 sowie 5300 bis 5327 nicht berechnungsfähig.",true,2026-08-29,deterministic_parser:auto_extracted:neben_sind:range[344-361(11);5300-5327(22)],CONFIRMED,form_B,"Neben der Leistung nach Nummer 5355 sind die Leistungen nach den Nummern 344 bis 361, 5295 sowie 5300 bis 5327 nicht berechnungsfähig."
excl_auto_5355_5307,5355,5307,one_way,GOÄ Anmerkung zu Nummer 5355,"Neben der Leistung nach Nummer 5355 sind die Leistungen nach den Nummern 344 bis 361, 5295 sowie 5300 bis 5327 nicht berechnungsfähig.",true,2026-08-29,deterministic_parser:auto_extracted:neben_sind:range[344-361(11);5300-5327(22)],CONFIRMED,form_B,"Neben der Leistung nach Nummer 5355 sind die Leistungen nach den Nummern 344 bis 361, 5295 sowie 5300 bis 5327 nicht berechnungsfähig."
excl_auto_5355_5308,5355,5308,one_way,GOÄ Anmerkung zu Nummer 5355,"Neben der Leistung nach Nummer 5355 sind die Leistungen nach den Nummern 344 bis 361, 5295 sowie 5300 bis 5327 nicht berechnungsfähig.",true,2026-08-29,deterministic_parser:auto_extracted:neben_sind:range[344-361(11);5300-5327(22)],CONFIRMED,form_B,"Neben der Leistung nach Nummer 5355 sind die Leistungen nach den Nummern 344 bis 361, 5295 sowie 5300 bis 5327 nicht berechnungsfähig."
excl_auto_5355_5309,5355,5309,one_way,GOÄ Anmerkung zu Nummer 5355,"Neben der Leistung nach Nummer 5355 sind die Leistungen nach den Nummern 344 bis 361, 5295 sowie 5300 bis 5327 nicht berechnungsfähig.",true,2026-08-29,deterministic_parser:auto_extracted:neben_sind:range[344-361(11);5300-5327(22)],CONFIRMED,form_B,"Neben der Leistung nach Nummer 5355 sind die Leistungen nach den Nummern 344 bis 361, 5295 sowie 5300 bis 5327 nicht berechnungsfähig."
excl_auto_5355_5310,5355,5310,one_way,GOÄ Anmerkung zu Nummer 5355,"Neben der Leistung nach Nummer 5355 sind die Leistungen nach den Nummern 344 bis 361, 5295 sowie 5300 bis 5327 nicht berechnungsfähig.",true,2026-08-29,deterministic_parser:auto_extracted:neben_sind:range[344-361(11);5300-5327(22)],CONFIRMED,form_B,"Neben der Leistung nach Nummer 5355 sind die Leistungen nach den Nummern 344 bis 361, 5295 sowie 5300 bis 5327 nicht berechnungsfähig."
excl_auto_5355_5311,5355,5311,one_way,GOÄ Anmerkung zu Nummer 5355,"Neben der Leistung nach Nummer 5355 sind die Leistungen nach den Nummern 344 bis 361, 5295 sowie 5300 bis 5327 nicht berechnungsfähig.",true,2026-08-29,deterministic_parser:auto_extracted:neben_sind:range[344-361(11);5300-5327(22)],CONFIRMED,form_B,"Neben der Leistung nach Nummer 5355 sind die Leistungen nach den Nummern 344 bis 361, 5295 sowie 5300 bis 5327 nicht berechnungsfähig."
excl_auto_5355_5312,5355,5312,one_way,GOÄ Anmerkung zu Nummer 5355,"Neben der Leistung nach Nummer 5355 sind die Leistungen nach den Nummern 344 bis 361, 5295 sowie 5300 bis 5327 nicht berechnungsfähig.",true,2026-08-29,deterministic_parser:auto_extracted:neben_sind:range[344-361(11);5300-5327(22)],CONFIRMED,form_B,"Neben der Leistung nach Nummer 5355 sind die Leistungen nach den Nummern 344 bis 361, 5295 sowie 5300 bis 5327 nicht berechnungsfähig."
excl_auto_5355_5313,5355,5313,one_way,GOÄ Anmerkung zu Nummer 5355,"Neben der Leistung nach Nummer 5355 sind die Leistungen nach den Nummern 344 bis 361, 5295 sowie 5300 bis 5327 nicht berechnungsfähig.",true,2026-08-29,deterministic_parser:auto_extracted:neben_sind:range[344-361(11);5300-5327(22)],CONFIRMED,form_B,"Neben der Leistung nach Nummer 5355 sind die Leistungen nach den Nummern 344 bis 361, 5295 sowie 5300 bis 5327 nicht berechnungsfähig."
excl_auto_5355_5315,5355,5315,one_way,GOÄ Anmerkung zu Nummer 5355,"Neben der Leistung nach Nummer 5355 sind die Leistungen nach den Nummern 344 bis 361, 5295 sowie 5300 bis 5327 nicht berechnungsfähig.",true,2026-08-29,deterministic_parser:auto_extracted:neben_sind:range[344-361(11);5300-5327(22)],CONFIRMED,form_B,"Neben der Leistung nach Nummer 5355 sind die Leistungen nach den Nummern 344 bis 361, 5295 sowie 5300 bis 5327 nicht berechnungsfähig."
excl_auto_5355_5316,5355,5316,one_way,GOÄ Anmerkung zu Nummer 5355,"Neben der Leistung nach Nummer 5355 sind die Leistungen nach den Nummern 344 bis 361, 5295 sowie 5300 bis 5327 nicht berechnungsfähig.",true,2026-08-29,deterministic_parser:auto_extracted:neben_sind:range[344-361(11);5300-5327(22)],CONFIRMED,form_B,"Neben der Leistung nach Nummer 5355 sind die Leistungen nach den Nummern 344 bis 361, 5295 sowie 5300 bis 5327 nicht berechnungsfähig."
excl_auto_5355_5317,5355,5317,one_way,GOÄ Anmerkung zu Nummer 5355,"Neben der Leistung nach Nummer 5355 sind die Leistungen nach den Nummern 344 bis 361, 5295 sowie 5300 bis 5327 nicht berechnungsfähig.",true,2026-08-29,deterministic_parser:auto_extracted:neben_sind:range[344-361(11);5300-5327(22)],CONFIRMED,form_B,"Neben der Leistung nach Nummer 5355 sind die Leistungen nach den Nummern 344 bis 361, 5295 sowie 5300 bis 5327 nicht berechnungsfähig."
excl_auto_5355_5318,5355,5318,one_way,GOÄ Anmerkung zu Nummer 5355,"Neben der Leistung nach Nummer 5355 sind die Leistungen nach den Nummern 344 bis 361, 5295 sowie 5300 bis 5327 nicht berechnungsfähig.",true,2026-08-29,deterministic_parser:auto_extracted:neben_sind:range[344-361(11);5300-5327(22)],CONFIRMED,form_B,"Neben der Leistung nach Nummer 5355 sind die Leistungen nach den Nummern 344 bis 361, 5295 sowie 5300 bis 5327 nicht berechnungsfähig."
excl_auto_5355_5324,5355,5324,one_way,GOÄ Anmerkung zu Nummer 5355,"Neben der Leistung nach Nummer 5355 sind die Leistungen nach den Nummern 344 bis 361, 5295 sowie 5300 bis 5327 nicht berechnungsfähig.",true,2026-08-29,deterministic_parser:auto_extracted:neben_sind:range[344-361(11);5300-5327(22)],CONFIRMED,form_B,"Neben der Leistung nach Nummer 5355 sind die Leistungen nach den Nummern 344 bis 361, 5295 sowie 5300 bis 5327 nicht berechnungsfähig."
excl_auto_5355_5325,5355,5325,one_way,GOÄ Anmerkung zu Nummer 5355,"Neben der Leistung nach Nummer 5355 sind die Leistungen nach den Nummern 344 bis 361, 5295 sowie 5300 bis 5327 nicht berechnungsfähig.",true,2026-08-29,deterministic_parser:auto_extracted:neben_sind:range[344-361(11);5300-5327(22)],CONFIRMED,form_B,"Neben der Leistung nach Nummer 5355 sind die Leistungen nach den Nummern 344 bis 361, 5295 sowie 5300 bis 5327 nicht berechnungsfähig."
excl_auto_5355_5326,5355,5326,one_way,GOÄ Anmerkung zu Nummer 5355,"Neben der Leistung nach Nummer 5355 sind die Leistungen nach den Nummern 344 bis 361, 5295 sowie 5300 bis 5327 nicht berechnungsfähig.",true,2026-08-29,deterministic_parser:auto_extracted:neben_sind:range[344-361(11);5300-5327(22)],CONFIRMED,form_B,"Neben der Leistung nach Nummer 5355 sind die Leistungen nach den Nummern 344 bis 361, 5295 sowie 5300 bis 5327 nicht berechnungsfähig."
excl_auto_5355_5327,5355,5327,one_way,GOÄ Anmerkung zu Nummer 5355,"Neben der Leistung nach Nummer 5355 sind die Leistungen nach den Nummern 344 bis 361, 5295 sowie 5300 bis 5327 nicht berechnungsfähig.",true,2026-08-29,deterministic_parser:auto_extracted:neben_sind:range[344-361(11);5300-5327(22)],CONFIRMED,form_B,"Neben der Leistung nach Nummer 5355 sind die Leistungen nach den Nummern 344 bis 361, 5295 sowie 5300 bis 5327 nicht berechnungsfähig."
excl_auto_5356_350,5356,350,one_way,GOÄ Anmerkung zu Nummer 5356,"Neben der Leistung nach Nummer 5356 sind die Leistungen nach den Nummern 350 bis 361, 5295, 5315 bis 5327, 5345, 5353 sowie 5355 nicht berechnungsfähig.",true,2026-08-29,deterministic_parser:auto_extracted:neben_sind:range[350-361(7);5315-5327(8)],CONFIRMED,form_B,"Neben der Leistung nach Nummer 5356 sind die Leistungen nach den Nummern 350 bis 361, 5295, 5315 bis 5327, 5345, 5353 sowie 5355 nicht berechnungsfähig."
excl_auto_5356_351,5356,351,one_way,GOÄ Anmerkung zu Nummer 5356,"Neben der Leistung nach Nummer 5356 sind die Leistungen nach den Nummern 350 bis 361, 5295, 5315 bis 5327, 5345, 5353 sowie 5355 nicht berechnungsfähig.",true,2026-08-29,deterministic_parser:auto_extracted:neben_sind:range[350-361(7);5315-5327(8)],CONFIRMED,form_B,"Neben der Leistung nach Nummer 5356 sind die Leistungen nach den Nummern 350 bis 361, 5295, 5315 bis 5327, 5345, 5353 sowie 5355 nicht berechnungsfähig."
excl_auto_5356_355,5356,355,one_way,GOÄ Anmerkung zu Nummer 5356,"Neben der Leistung nach Nummer 5356 sind die Leistungen nach den Nummern 350 bis 361, 5295, 5315 bis 5327, 5345, 5353 sowie 5355 nicht berechnungsfähig.",true,2026-08-29,deterministic_parser:auto_extracted:neben_sind:range[350-361(7);5315-5327(8)],CONFIRMED,form_B,"Neben der Leistung nach Nummer 5356 sind die Leistungen nach den Nummern 350 bis 361, 5295, 5315 bis 5327, 5345, 5353 sowie 5355 nicht berechnungsfähig."
excl_auto_5356_356,5356,356,one_way,GOÄ Anmerkung zu Nummer 5356,"Neben der Leistung nach Nummer 5356 sind die Leistungen nach den Nummern 350 bis 361, 5295, 5315 bis 5327, 5345, 5353 sowie 5355 nicht berechnungsfähig.",true,2026-08-29,deterministic_parser:auto_extracted:neben_sind:range[350-361(7);5315-5327(8)],CONFIRMED,form_B,"Neben der Leistung nach Nummer 5356 sind die Leistungen nach den Nummern 350 bis 361, 5295, 5315 bis 5327, 5345, 5353 sowie 5355 nicht berechnungsfähig."
excl_auto_5356_357,5356,357,one_way,GOÄ Anmerkung zu Nummer 5356,"Neben der Leistung nach Nummer 5356 sind die Leistungen nach den Nummern 350 bis 361, 5295, 5315 bis 5327, 5345, 5353 sowie 5355 nicht berechnungsfähig.",true,2026-08-29,deterministic_parser:auto_extracted:neben_sind:range[350-361(7);5315-5327(8)],CONFIRMED,form_B,"Neben der Leistung nach Nummer 5356 sind die Leistungen nach den Nummern 350 bis 361, 5295, 5315 bis 5327, 5345, 5353 sowie 5355 nicht berechnungsfähig."
excl_auto_5356_360,5356,360,one_way,GOÄ Anmerkung zu Nummer 5356,"Neben der Leistung nach Nummer 5356 sind die Leistungen nach den Nummern 350 bis 361, 5295, 5315 bis 5327, 5345, 5353 sowie 5355 nicht berechnungsfähig.",true,2026-08-29,deterministic_parser:auto_extracted:neben_sind:range[350-361(7);5315-5327(8)],CONFIRMED,form_B,"Neben der Leistung nach Nummer 5356 sind die Leistungen nach den Nummern 350 bis 361, 5295, 5315 bis 5327, 5345, 5353 sowie 5355 nicht berechnungsfähig."
excl_auto_5356_361,5356,361,one_way,GOÄ Anmerkung zu Nummer 5356,"Neben der Leistung nach Nummer 5356 sind die Leistungen nach den Nummern 350 bis 361, 5295, 5315 bis 5327, 5345, 5353 sowie 5355 nicht berechnungsfähig.",true,2026-08-29,deterministic_parser:auto_extracted:neben_sind:range[350-361(7);5315-5327(8)],CONFIRMED,form_B,"Neben der Leistung nach Nummer 5356 sind die Leistungen nach den Nummern 350 bis 361, 5295, 5315 bis 5327, 5345, 5353 sowie 5355 nicht berechnungsfähig."
excl_auto_5356_5295,5356,5295,one_way,GOÄ Anmerkung zu Nummer 5356,"Neben der Leistung nach Nummer 5356 sind die Leistungen nach den Nummern 350 bis 361, 5295, 5315 bis 5327, 5345, 5353 sowie 5355 nicht berechnungsfähig.",true,2026-08-29,deterministic_parser:auto_extracted:neben_sind:range[350-361(7);5315-5327(8)],CONFIRMED,form_B,"Neben der Leistung nach Nummer 5356 sind die Leistungen nach den Nummern 350 bis 361, 5295, 5315 bis 5327, 5345, 5353 sowie 5355 nicht berechnungsfähig."
excl_auto_5356_5315,5356,5315,one_way,GOÄ Anmerkung zu Nummer 5356,"Neben der Leistung nach Nummer 5356 sind die Leistungen nach den Nummern 350 bis 361, 5295, 5315 bis 5327, 5345, 5353 sowie 5355 nicht berechnungsfähig.",true,2026-08-29,deterministic_parser:auto_extracted:neben_sind:range[350-361(7);5315-5327(8)],CONFIRMED,form_B,"Neben der Leistung nach Nummer 5356 sind die Leistungen nach den Nummern 350 bis 361, 5295, 5315 bis 5327, 5345, 5353 sowie 5355 nicht berechnungsfähig."
excl_auto_5356_5316,5356,5316,one_way,GOÄ Anmerkung zu Nummer 5356,"Neben der Leistung nach Nummer 5356 sind die Leistungen nach den Nummern 350 bis 361, 5295, 5315 bis 5327, 5345, 5353 sowie 5355 nicht berechnungsfähig.",true,2026-08-29,deterministic_parser:auto_extracted:neben_sind:range[350-361(7);5315-5327(8)],CONFIRMED,form_B,"Neben der Leistung nach Nummer 5356 sind die Leistungen nach den Nummern 350 bis 361, 5295, 5315 bis 5327, 5345, 5353 sowie 5355 nicht berechnungsfähig."
excl_auto_5356_5317,5356,5317,one_way,GOÄ Anmerkung zu Nummer 5356,"Neben der Leistung nach Nummer 5356 sind die Leistungen nach den Nummern 350 bis 361, 5295, 5315 bis 5327, 5345, 5353 sowie 5355 nicht berechnungsfähig.",true,2026-08-29,deterministic_parser:auto_extracted:neben_sind:range[350-361(7);5315-5327(8)],CONFIRMED,form_B,"Neben der Leistung nach Nummer 5356 sind die Leistungen nach den Nummern 350 bis 361, 5295, 5315 bis 5327, 5345, 5353 sowie 5355 nicht berechnungsfähig."
excl_auto_5356_5318,5356,5318,one_way,GOÄ Anmerkung zu Nummer 5356,"Neben der Leistung nach Nummer 5356 sind die Leistungen nach den Nummern 350 bis 361, 5295, 5315 bis 5327, 5345, 5353 sowie 5355 nicht berechnungsfähig.",true,2026-08-29,deterministic_parser:auto_extracted:neben_sind:range[350-361(7);5315-5327(8)],CONFIRMED,form_B,"Neben der Leistung nach Nummer 5356 sind die Leistungen nach den Nummern 350 bis 361, 5295, 5315 bis 5327, 5345, 5353 sowie 5355 nicht berechnungsfähig."
excl_auto_5356_5324,5356,5324,one_way,GOÄ Anmerkung zu Nummer 5356,"Neben der Leistung nach Nummer 5356 sind die Leistungen nach den Nummern 350 bis 361, 5295, 5315 bis 5327, 5345, 5353 sowie 5355 nicht berechnungsfähig.",true,2026-08-29,deterministic_parser:auto_extracted:neben_sind:range[350-361(7);5315-5327(8)],CONFIRMED,form_B,"Neben der Leistung nach Nummer 5356 sind die Leistungen nach den Nummern 350 bis 361, 5295, 5315 bis 5327, 5345, 5353 sowie 5355 nicht berechnungsfähig."
excl_auto_5356_5325,5356,5325,one_way,GOÄ Anmerkung zu Nummer 5356,"Neben der Leistung nach Nummer 5356 sind die Leistungen nach den Nummern 350 bis 361, 5295, 5315 bis 5327, 5345, 5353 sowie 5355 nicht berechnungsfähig.",true,2026-08-29,deterministic_parser:auto_extracted:neben_sind:range[350-361(7);5315-5327(8)],CONFIRMED,form_B,"Neben der Leistung nach Nummer 5356 sind die Leistungen nach den Nummern 350 bis 361, 5295, 5315 bis 5327, 5345, 5353 sowie 5355 nicht berechnungsfähig."
excl_auto_5356_5326,5356,5326,one_way,GOÄ Anmerkung zu Nummer 5356,"Neben der Leistung nach Nummer 5356 sind die Leistungen nach den Nummern 350 bis 361, 5295, 5315 bis 5327, 5345, 5353 sowie 5355 nicht berechnungsfähig.",true,2026-08-29,deterministic_parser:auto_extracted:neben_sind:range[350-361(7);5315-5327(8)],CONFIRMED,form_B,"Neben der Leistung nach Nummer 5356 sind die Leistungen nach den Nummern 350 bis 361, 5295, 5315 bis 5327, 5345, 5353 sowie 5355 nicht berechnungsfähig."
excl_auto_5356_5327,5356,5327,one_way,GOÄ Anmerkung zu Nummer 5356,"Neben der Leistung nach Nummer 5356 sind die Leistungen nach den Nummern 350 bis 361, 5295, 5315 bis 5327, 5345, 5353 sowie 5355 nicht berechnungsfähig.",true,2026-08-29,deterministic_parser:auto_extracted:neben_sind:range[350-361(7);5315-5327(8)],CONFIRMED,form_B,"Neben der Leistung nach Nummer 5356 sind die Leistungen nach den Nummern 350 bis 361, 5295, 5315 bis 5327, 5345, 5353 sowie 5355 nicht berechnungsfähig."
excl_auto_5356_5345,5356,5345,one_way,GOÄ Anmerkung zu Nummer 5356,"Neben der Leistung nach Nummer 5356 sind die Leistungen nach den Nummern 350 bis 361, 5295, 5315 bis 5327, 5345, 5353 sowie 5355 nicht berechnungsfähig.",true,2026-08-29,deterministic_parser:auto_extracted:neben_sind:range[350-361(7);5315-5327(8)],CONFIRMED,form_B,"Neben der Leistung nach Nummer 5356 sind die Leistungen nach den Nummern 350 bis 361, 5295, 5315 bis 5327, 5345, 5353 sowie 5355 nicht berechnungsfähig."
excl_auto_5356_5353,5356,5353,one_way,GOÄ Anmerkung zu Nummer 5356,"Neben der Leistung nach Nummer 5356 sind die Leistungen nach den Nummern 350 bis 361, 5295, 5315 bis 5327, 5345, 5353 sowie 5355 nicht berechnungsfähig.",true,2026-08-29,deterministic_parser:auto_extracted:neben_sind:range[350-361(7);5315-5327(8)],CONFIRMED,form_B,"Neben der Leistung nach Nummer 5356 sind die Leistungen nach den Nummern 350 bis 361, 5295, 5315 bis 5327, 5345, 5353 sowie 5355 nicht berechnungsfähig."
excl_auto_5356_5355,5356,5355,one_way,GOÄ Anmerkung zu Nummer 5356,"Neben der Leistung nach Nummer 5356 sind die Leistungen nach den Nummern 350 bis 361, 5295, 5315 bis 5327, 5345, 5353 sowie 5355 nicht berechnungsfähig.",true,2026-08-29,deterministic_parser:auto_extracted:neben_sind:range[350-361(7);5315-5327(8)],CONFIRMED,form_B,"Neben der Leistung nach Nummer 5356 sind die Leistungen nach den Nummern 350 bis 361, 5295, 5315 bis 5327, 5345, 5353 sowie 5355 nicht berechnungsfähig."
excl_auto_5357_350,5357,350,one_way,GOÄ Anmerkung zu Nummer 5357,"Neben der Leistung nach Nummer 5357 sind die Leistungen nach den Nummern 350 bis 361, 5295 sowie 5300 bis 5312 nicht berechnungsfähig.",true,2026-08-29,deterministic_parser:auto_extracted:neben_sind:range[350-361(7);5300-5312(13)],CONFIRMED,form_B,"Neben der Leistung nach Nummer 5357 sind die Leistungen nach den Nummern 350 bis 361, 5295 sowie 5300 bis 5312 nicht berechnungsfähig."
excl_auto_5357_351,5357,351,one_way,GOÄ Anmerkung zu Nummer 5357,"Neben der Leistung nach Nummer 5357 sind die Leistungen nach den Nummern 350 bis 361, 5295 sowie 5300 bis 5312 nicht berechnungsfähig.",true,2026-08-29,deterministic_parser:auto_extracted:neben_sind:range[350-361(7);5300-5312(13)],CONFIRMED,form_B,"Neben der Leistung nach Nummer 5357 sind die Leistungen nach den Nummern 350 bis 361, 5295 sowie 5300 bis 5312 nicht berechnungsfähig."
excl_auto_5357_355,5357,355,one_way,GOÄ Anmerkung zu Nummer 5357,"Neben der Leistung nach Nummer 5357 sind die Leistungen nach den Nummern 350 bis 361, 5295 sowie 5300 bis 5312 nicht berechnungsfähig.",true,2026-08-29,deterministic_parser:auto_extracted:neben_sind:range[350-361(7);5300-5312(13)],CONFIRMED,form_B,"Neben der Leistung nach Nummer 5357 sind die Leistungen nach den Nummern 350 bis 361, 5295 sowie 5300 bis 5312 nicht berechnungsfähig."
excl_auto_5357_356,5357,356,one_way,GOÄ Anmerkung zu Nummer 5357,"Neben der Leistung nach Nummer 5357 sind die Leistungen nach den Nummern 350 bis 361, 5295 sowie 5300 bis 5312 nicht berechnungsfähig.",true,2026-08-29,deterministic_parser:auto_extracted:neben_sind:range[350-361(7);5300-5312(13)],CONFIRMED,form_B,"Neben der Leistung nach Nummer 5357 sind die Leistungen nach den Nummern 350 bis 361, 5295 sowie 5300 bis 5312 nicht berechnungsfähig."
excl_auto_5357_357,5357,357,one_way,GOÄ Anmerkung zu Nummer 5357,"Neben der Leistung nach Nummer 5357 sind die Leistungen nach den Nummern 350 bis 361, 5295 sowie 5300 bis 5312 nicht berechnungsfähig.",true,2026-08-29,deterministic_parser:auto_extracted:neben_sind:range[350-361(7);5300-5312(13)],CONFIRMED,form_B,"Neben der Leistung nach Nummer 5357 sind die Leistungen nach den Nummern 350 bis 361, 5295 sowie 5300 bis 5312 nicht berechnungsfähig."
excl_auto_5357_360,5357,360,one_way,GOÄ Anmerkung zu Nummer 5357,"Neben der Leistung nach Nummer 5357 sind die Leistungen nach den Nummern 350 bis 361, 5295 sowie 5300 bis 5312 nicht berechnungsfähig.",true,2026-08-29,deterministic_parser:auto_extracted:neben_sind:range[350-361(7);5300-5312(13)],CONFIRMED,form_B,"Neben der Leistung nach Nummer 5357 sind die Leistungen nach den Nummern 350 bis 361, 5295 sowie 5300 bis 5312 nicht berechnungsfähig."
excl_auto_5357_361,5357,361,one_way,GOÄ Anmerkung zu Nummer 5357,"Neben der Leistung nach Nummer 5357 sind die Leistungen nach den Nummern 350 bis 361, 5295 sowie 5300 bis 5312 nicht berechnungsfähig.",true,2026-08-29,deterministic_parser:auto_extracted:neben_sind:range[350-361(7);5300-5312(13)],CONFIRMED,form_B,"Neben der Leistung nach Nummer 5357 sind die Leistungen nach den Nummern 350 bis 361, 5295 sowie 5300 bis 5312 nicht berechnungsfähig."
excl_auto_5357_5295,5357,5295,one_way,GOÄ Anmerkung zu Nummer 5357,"Neben der Leistung nach Nummer 5357 sind die Leistungen nach den Nummern 350 bis 361, 5295 sowie 5300 bis 5312 nicht berechnungsfähig.",true,2026-08-29,deterministic_parser:auto_extracted:neben_sind:range[350-361(7);5300-5312(13)],CONFIRMED,form_B,"Neben der Leistung nach Nummer 5357 sind die Leistungen nach den Nummern 350 bis 361, 5295 sowie 5300 bis 5312 nicht berechnungsfähig."
excl_auto_5357_5300,5357,5300,one_way,GOÄ Anmerkung zu Nummer 5357,"Neben der Leistung nach Nummer 5357 sind die Leistungen nach den Nummern 350 bis 361, 5295 sowie 5300 bis 5312 nicht berechnungsfähig.",true,2026-08-29,deterministic_parser:auto_extracted:neben_sind:range[350-361(7);5300-5312(13)],CONFIRMED,form_B,"Neben der Leistung nach Nummer 5357 sind die Leistungen nach den Nummern 350 bis 361, 5295 sowie 5300 bis 5312 nicht berechnungsfähig."
excl_auto_5357_5301,5357,5301,one_way,GOÄ Anmerkung zu Nummer 5357,"Neben der Leistung nach Nummer 5357 sind die Leistungen nach den Nummern 350 bis 361, 5295 sowie 5300 bis 5312 nicht berechnungsfähig.",true,2026-08-29,deterministic_parser:auto_extracted:neben_sind:range[350-361(7);5300-5312(13)],CONFIRMED,form_B,"Neben der Leistung nach Nummer 5357 sind die Leistungen nach den Nummern 350 bis 361, 5295 sowie 5300 bis 5312 nicht berechnungsfähig."
excl_auto_5357_5302,5357,5302,one_way,GOÄ Anmerkung zu Nummer 5357,"Neben der Leistung nach Nummer 5357 sind die Leistungen nach den Nummern 350 bis 361, 5295 sowie 5300 bis 5312 nicht berechnungsfähig.",true,2026-08-29,deterministic_parser:auto_extracted:neben_sind:range[350-361(7);5300-5312(13)],CONFIRMED,form_B,"Neben der Leistung nach Nummer 5357 sind die Leistungen nach den Nummern 350 bis 361, 5295 sowie 5300 bis 5312 nicht berechnungsfähig."
excl_auto_5357_5303,5357,5303,one_way,GOÄ Anmerkung zu Nummer 5357,"Neben der Leistung nach Nummer 5357 sind die Leistungen nach den Nummern 350 bis 361, 5295 sowie 5300 bis 5312 nicht berechnungsfähig.",true,2026-08-29,deterministic_parser:auto_extracted:neben_sind:range[350-361(7);5300-5312(13)],CONFIRMED,form_B,"Neben der Leistung nach Nummer 5357 sind die Leistungen nach den Nummern 350 bis 361, 5295 sowie 5300 bis 5312 nicht berechnungsfähig."
excl_auto_5357_5304,5357,5304,one_way,GOÄ Anmerkung zu Nummer 5357,"Neben der Leistung nach Nummer 5357 sind die Leistungen nach den Nummern 350 bis 361, 5295 sowie 5300 bis 5312 nicht berechnungsfähig.",true,2026-08-29,deterministic_parser:auto_extracted:neben_sind:range[350-361(7);5300-5312(13)],CONFIRMED,form_B,"Neben der Leistung nach Nummer 5357 sind die Leistungen nach den Nummern 350 bis 361, 5295 sowie 5300 bis 5312 nicht berechnungsfähig."
excl_auto_5357_5305,5357,5305,one_way,GOÄ Anmerkung zu Nummer 5357,"Neben der Leistung nach Nummer 5357 sind die Leistungen nach den Nummern 350 bis 361, 5295 sowie 5300 bis 5312 nicht berechnungsfähig.",true,2026-08-29,deterministic_parser:auto_extracted:neben_sind:range[350-361(7);5300-5312(13)],CONFIRMED,form_B,"Neben der Leistung nach Nummer 5357 sind die Leistungen nach den Nummern 350 bis 361, 5295 sowie 5300 bis 5312 nicht berechnungsfähig."
excl_auto_5357_5306,5357,5306,one_way,GOÄ Anmerkung zu Nummer 5357,"Neben der Leistung nach Nummer 5357 sind die Leistungen nach den Nummern 350 bis 361, 5295 sowie 5300 bis 5312 nicht berechnungsfähig.",true,2026-08-29,deterministic_parser:auto_extracted:neben_sind:range[350-361(7);5300-5312(13)],CONFIRMED,form_B,"Neben der Leistung nach Nummer 5357 sind die Leistungen nach den Nummern 350 bis 361, 5295 sowie 5300 bis 5312 nicht berechnungsfähig."
excl_auto_5357_5307,5357,5307,one_way,GOÄ Anmerkung zu Nummer 5357,"Neben der Leistung nach Nummer 5357 sind die Leistungen nach den Nummern 350 bis 361, 5295 sowie 5300 bis 5312 nicht berechnungsfähig.",true,2026-08-29,deterministic_parser:auto_extracted:neben_sind:range[350-361(7);5300-5312(13)],CONFIRMED,form_B,"Neben der Leistung nach Nummer 5357 sind die Leistungen nach den Nummern 350 bis 361, 5295 sowie 5300 bis 5312 nicht berechnungsfähig."
excl_auto_5357_5308,5357,5308,one_way,GOÄ Anmerkung zu Nummer 5357,"Neben der Leistung nach Nummer 5357 sind die Leistungen nach den Nummern 350 bis 361, 5295 sowie 5300 bis 5312 nicht berechnungsfähig.",true,2026-08-29,deterministic_parser:auto_extracted:neben_sind:range[350-361(7);5300-5312(13)],CONFIRMED,form_B,"Neben der Leistung nach Nummer 5357 sind die Leistungen nach den Nummern 350 bis 361, 5295 sowie 5300 bis 5312 nicht berechnungsfähig."
excl_auto_5357_5309,5357,5309,one_way,GOÄ Anmerkung zu Nummer 5357,"Neben der Leistung nach Nummer 5357 sind die Leistungen nach den Nummern 350 bis 361, 5295 sowie 5300 bis 5312 nicht berechnungsfähig.",true,2026-08-29,deterministic_parser:auto_extracted:neben_sind:range[350-361(7);5300-5312(13)],CONFIRMED,form_B,"Neben der Leistung nach Nummer 5357 sind die Leistungen nach den Nummern 350 bis 361, 5295 sowie 5300 bis 5312 nicht berechnungsfähig."
excl_auto_5357_5310,5357,5310,one_way,GOÄ Anmerkung zu Nummer 5357,"Neben der Leistung nach Nummer 5357 sind die Leistungen nach den Nummern 350 bis 361, 5295 sowie 5300 bis 5312 nicht berechnungsfähig.",true,2026-08-29,deterministic_parser:auto_extracted:neben_sind:range[350-361(7);5300-5312(13)],CONFIRMED,form_B,"Neben der Leistung nach Nummer 5357 sind die Leistungen nach den Nummern 350 bis 361, 5295 sowie 5300 bis 5312 nicht berechnungsfähig."
excl_auto_5357_5311,5357,5311,one_way,GOÄ Anmerkung zu Nummer 5357,"Neben der Leistung nach Nummer 5357 sind die Leistungen nach den Nummern 350 bis 361, 5295 sowie 5300 bis 5312 nicht berechnungsfähig.",true,2026-08-29,deterministic_parser:auto_extracted:neben_sind:range[350-361(7);5300-5312(13)],CONFIRMED,form_B,"Neben der Leistung nach Nummer 5357 sind die Leistungen nach den Nummern 350 bis 361, 5295 sowie 5300 bis 5312 nicht berechnungsfähig."
excl_auto_5357_5312,5357,5312,one_way,GOÄ Anmerkung zu Nummer 5357,"Neben der Leistung nach Nummer 5357 sind die Leistungen nach den Nummern 350 bis 361, 5295 sowie 5300 bis 5312 nicht berechnungsfähig.",true,2026-08-29,deterministic_parser:auto_extracted:neben_sind:range[350-361(7);5300-5312(13)],CONFIRMED,form_B,"Neben der Leistung nach Nummer 5357 sind die Leistungen nach den Nummern 350 bis 361, 5295 sowie 5300 bis 5312 nicht berechnungsfähig."
excl_auto_5358_350,5358,350,one_way,GOÄ Anmerkung zu Nummer 5358,"Neben der Leistung nach Nummer 5358 sind die Leistungen nach den Nummern 350, 351, 5295 sowie 5300 bis 5305 nicht berechnungsfähig.",true,2026-08-29,deterministic_parser:auto_extracted:neben_sind:range[5300-5305(6)],CONFIRMED,form_B,"Neben der Leistung nach Nummer 5358 sind die Leistungen nach den Nummern 350, 351, 5295 sowie 5300 bis 5305 nicht berechnungsfähig."
excl_auto_5358_351,5358,351,one_way,GOÄ Anmerkung zu Nummer 5358,"Neben der Leistung nach Nummer 5358 sind die Leistungen nach den Nummern 350, 351, 5295 sowie 5300 bis 5305 nicht berechnungsfähig.",true,2026-08-29,deterministic_parser:auto_extracted:neben_sind:range[5300-5305(6)],CONFIRMED,form_B,"Neben der Leistung nach Nummer 5358 sind die Leistungen nach den Nummern 350, 351, 5295 sowie 5300 bis 5305 nicht berechnungsfähig."
excl_auto_5358_5295,5358,5295,one_way,GOÄ Anmerkung zu Nummer 5358,"Neben der Leistung nach Nummer 5358 sind die Leistungen nach den Nummern 350, 351, 5295 sowie 5300 bis 5305 nicht berechnungsfähig.",true,2026-08-29,deterministic_parser:auto_extracted:neben_sind:range[5300-5305(6)],CONFIRMED,form_B,"Neben der Leistung nach Nummer 5358 sind die Leistungen nach den Nummern 350, 351, 5295 sowie 5300 bis 5305 nicht berechnungsfähig."
excl_auto_5358_5300,5358,5300,one_way,GOÄ Anmerkung zu Nummer 5358,"Neben der Leistung nach Nummer 5358 sind die Leistungen nach den Nummern 350, 351, 5295 sowie 5300 bis 5305 nicht berechnungsfähig.",true,2026-08-29,deterministic_parser:auto_extracted:neben_sind:range[5300-5305(6)],CONFIRMED,form_B,"Neben der Leistung nach Nummer 5358 sind die Leistungen nach den Nummern 350, 351, 5295 sowie 5300 bis 5305 nicht berechnungsfähig."
excl_auto_5358_5301,5358,5301,one_way,GOÄ Anmerkung zu Nummer 5358,"Neben der Leistung nach Nummer 5358 sind die Leistungen nach den Nummern 350, 351, 5295 sowie 5300 bis 5305 nicht berechnungsfähig.",true,2026-08-29,deterministic_parser:auto_extracted:neben_sind:range[5300-5305(6)],CONFIRMED,form_B,"Neben der Leistung nach Nummer 5358 sind die Leistungen nach den Nummern 350, 351, 5295 sowie 5300 bis 5305 nicht berechnungsfähig."
excl_auto_5358_5302,5358,5302,one_way,GOÄ Anmerkung zu Nummer 5358,"Neben der Leistung nach Nummer 5358 sind die Leistungen nach den Nummern 350, 351, 5295 sowie 5300 bis 5305 nicht berechnungsfähig.",true,2026-08-29,deterministic_parser:auto_extracted:neben_sind:range[5300-5305(6)],CONFIRMED,form_B,"Neben der Leistung nach Nummer 5358 sind die Leistungen nach den Nummern 350, 351, 5295 sowie 5300 bis 5305 nicht berechnungsfähig."
excl_auto_5358_5303,5358,5303,one_way,GOÄ Anmerkung zu Nummer 5358,"Neben der Leistung nach Nummer 5358 sind die Leistungen nach den Nummern 350, 351, 5295 sowie 5300 bis 5305 nicht berechnungsfähig.",true,2026-08-29,deterministic_parser:auto_extracted:neben_sind:range[5300-5305(6)],CONFIRMED,form_B,"Neben der Leistung nach Nummer 5358 sind die Leistungen nach den Nummern 350, 351, 5295 sowie 5300 bis 5305 nicht berechnungsfähig."
excl_auto_5358_5304,5358,5304,one_way,GOÄ Anmerkung zu Nummer 5358,"Neben der Leistung nach Nummer 5358 sind die Leistungen nach den Nummern 350, 351, 5295 sowie 5300 bis 5305 nicht berechnungsfähig.",true,2026-08-29,deterministic_parser:auto_extracted:neben_sind:range[5300-5305(6)],CONFIRMED,form_B,"Neben der Leistung nach Nummer 5358 sind die Leistungen nach den Nummern 350, 351, 5295 sowie 5300 bis 5305 nicht berechnungsfähig."
excl_auto_5358_5305,5358,5305,one_way,GOÄ Anmerkung zu Nummer 5358,"Neben der Leistung nach Nummer 5358 sind die Leistungen nach den Nummern 350, 351, 5295 sowie 5300 bis 5305 nicht berechnungsfähig.",true,2026-08-29,deterministic_parser:auto_extracted:neben_sind:range[5300-5305(6)],CONFIRMED,form_B,"Neben der Leistung nach Nummer 5358 sind die Leistungen nach den Nummern 350, 351, 5295 sowie 5300 bis 5305 nicht berechnungsfähig."
excl_auto_5359_344,5359,344,one_way,GOÄ Anmerkung zu Nummer 5359,"Neben der Leistung nach Nummer 5359 sind die Leistungen nach den Nummern 344 bis 347, 5295 sowie 5329 bis 5331 nicht berechnungsfähig.",true,2026-08-29,deterministic_parser:auto_extracted:neben_sind:range[344-347(4);5329-5331(3)],CONFIRMED,form_B,"Neben der Leistung nach Nummer 5359 sind die Leistungen nach den Nummern 344 bis 347, 5295 sowie 5329 bis 5331 nicht berechnungsfähig."
excl_auto_5359_345,5359,345,one_way,GOÄ Anmerkung zu Nummer 5359,"Neben der Leistung nach Nummer 5359 sind die Leistungen nach den Nummern 344 bis 347, 5295 sowie 5329 bis 5331 nicht berechnungsfähig.",true,2026-08-29,deterministic_parser:auto_extracted:neben_sind:range[344-347(4);5329-5331(3)],CONFIRMED,form_B,"Neben der Leistung nach Nummer 5359 sind die Leistungen nach den Nummern 344 bis 347, 5295 sowie 5329 bis 5331 nicht berechnungsfähig."
excl_auto_5359_346,5359,346,one_way,GOÄ Anmerkung zu Nummer 5359,"Neben der Leistung nach Nummer 5359 sind die Leistungen nach den Nummern 344 bis 347, 5295 sowie 5329 bis 5331 nicht berechnungsfähig.",true,2026-08-29,deterministic_parser:auto_extracted:neben_sind:range[344-347(4);5329-5331(3)],CONFIRMED,form_B,"Neben der Leistung nach Nummer 5359 sind die Leistungen nach den Nummern 344 bis 347, 5295 sowie 5329 bis 5331 nicht berechnungsfähig."
excl_auto_5359_347,5359,347,one_way,GOÄ Anmerkung zu Nummer 5359,"Neben der Leistung nach Nummer 5359 sind die Leistungen nach den Nummern 344 bis 347, 5295 sowie 5329 bis 5331 nicht berechnungsfähig.",true,2026-08-29,deterministic_parser:auto_extracted:neben_sind:range[344-347(4);5329-5331(3)],CONFIRMED,form_B,"Neben der Leistung nach Nummer 5359 sind die Leistungen nach den Nummern 344 bis 347, 5295 sowie 5329 bis 5331 nicht berechnungsfähig."
excl_auto_5359_5295,5359,5295,one_way,GOÄ Anmerkung zu Nummer 5359,"Neben der Leistung nach Nummer 5359 sind die Leistungen nach den Nummern 344 bis 347, 5295 sowie 5329 bis 5331 nicht berechnungsfähig.",true,2026-08-29,deterministic_parser:auto_extracted:neben_sind:range[344-347(4);5329-5331(3)],CONFIRMED,form_B,"Neben der Leistung nach Nummer 5359 sind die Leistungen nach den Nummern 344 bis 347, 5295 sowie 5329 bis 5331 nicht berechnungsfähig."
excl_auto_5359_5329,5359,5329,one_way,GOÄ Anmerkung zu Nummer 5359,"Neben der Leistung nach Nummer 5359 sind die Leistungen nach den Nummern 344 bis 347, 5295 sowie 5329 bis 5331 nicht berechnungsfähig.",true,2026-08-29,deterministic_parser:auto_extracted:neben_sind:range[344-347(4);5329-5331(3)],CONFIRMED,form_B,"Neben der Leistung nach Nummer 5359 sind die Leistungen nach den Nummern 344 bis 347, 5295 sowie 5329 bis 5331 nicht berechnungsfähig."
excl_auto_5359_5330,5359,5330,one_way,GOÄ Anmerkung zu Nummer 5359,"Neben der Leistung nach Nummer 5359 sind die Leistungen nach den Nummern 344 bis 347, 5295 sowie 5329 bis 5331 nicht berechnungsfähig.",true,2026-08-29,deterministic_parser:auto_extracted:neben_sind:range[344-347(4);5329-5331(3)],CONFIRMED,form_B,"Neben der Leistung nach Nummer 5359 sind die Leistungen nach den Nummern 344 bis 347, 5295 sowie 5329 bis 5331 nicht berechnungsfähig."
excl_auto_5359_5331,5359,5331,one_way,GOÄ Anmerkung zu Nummer 5359,"Neben der Leistung nach Nummer 5359 sind die Leistungen nach den Nummern 344 bis 347, 5295 sowie 5329 bis 5331 nicht berechnungsfähig.",true,2026-08-29,deterministic_parser:auto_extracted:neben_sind:range[344-347(4);5329-5331(3)],CONFIRMED,form_B,"Neben der Leistung nach Nummer 5359 sind die Leistungen nach den Nummern 344 bis 347, 5295 sowie 5329 bis 5331 nicht berechnungsfähig."
excl_auto_5360_344,5360,344,one_way,GOÄ Anmerkung zu Nummer 5360,"Neben der Leistung nach Nummer 5360 sind die Leistungen nach den Nummern 344 bis 347, 5295 sowie 5329 bis 5331 nicht berechnungsfähig.",true,2026-08-29,deterministic_parser:auto_extracted:neben_sind:range[344-347(4);5329-5331(3)],CONFIRMED,form_B,"Neben der Leistung nach Nummer 5360 sind die Leistungen nach den Nummern 344 bis 347, 5295 sowie 5329 bis 5331 nicht berechnungsfähig."
excl_auto_5360_345,5360,345,one_way,GOÄ Anmerkung zu Nummer 5360,"Neben der Leistung nach Nummer 5360 sind die Leistungen nach den Nummern 344 bis 347, 5295 sowie 5329 bis 5331 nicht berechnungsfähig.",true,2026-08-29,deterministic_parser:auto_extracted:neben_sind:range[344-347(4);5329-5331(3)],CONFIRMED,form_B,"Neben der Leistung nach Nummer 5360 sind die Leistungen nach den Nummern 344 bis 347, 5295 sowie 5329 bis 5331 nicht berechnungsfähig."
excl_auto_5360_346,5360,346,one_way,GOÄ Anmerkung zu Nummer 5360,"Neben der Leistung nach Nummer 5360 sind die Leistungen nach den Nummern 344 bis 347, 5295 sowie 5329 bis 5331 nicht berechnungsfähig.",true,2026-08-29,deterministic_parser:auto_extracted:neben_sind:range[344-347(4);5329-5331(3)],CONFIRMED,form_B,"Neben der Leistung nach Nummer 5360 sind die Leistungen nach den Nummern 344 bis 347, 5295 sowie 5329 bis 5331 nicht berechnungsfähig."
excl_auto_5360_347,5360,347,one_way,GOÄ Anmerkung zu Nummer 5360,"Neben der Leistung nach Nummer 5360 sind die Leistungen nach den Nummern 344 bis 347, 5295 sowie 5329 bis 5331 nicht berechnungsfähig.",true,2026-08-29,deterministic_parser:auto_extracted:neben_sind:range[344-347(4);5329-5331(3)],CONFIRMED,form_B,"Neben der Leistung nach Nummer 5360 sind die Leistungen nach den Nummern 344 bis 347, 5295 sowie 5329 bis 5331 nicht berechnungsfähig."
excl_auto_5360_5295,5360,5295,one_way,GOÄ Anmerkung zu Nummer 5360,"Neben der Leistung nach Nummer 5360 sind die Leistungen nach den Nummern 344 bis 347, 5295 sowie 5329 bis 5331 nicht berechnungsfähig.",true,2026-08-29,deterministic_parser:auto_extracted:neben_sind:range[344-347(4);5329-5331(3)],CONFIRMED,form_B,"Neben der Leistung nach Nummer 5360 sind die Leistungen nach den Nummern 344 bis 347, 5295 sowie 5329 bis 5331 nicht berechnungsfähig."
excl_auto_5360_5329,5360,5329,one_way,GOÄ Anmerkung zu Nummer 5360,"Neben der Leistung nach Nummer 5360 sind die Leistungen nach den Nummern 344 bis 347, 5295 sowie 5329 bis 5331 nicht berechnungsfähig.",true,2026-08-29,deterministic_parser:auto_extracted:neben_sind:range[344-347(4);5329-5331(3)],CONFIRMED,form_B,"Neben der Leistung nach Nummer 5360 sind die Leistungen nach den Nummern 344 bis 347, 5295 sowie 5329 bis 5331 nicht berechnungsfähig."
excl_auto_5360_5330,5360,5330,one_way,GOÄ Anmerkung zu Nummer 5360,"Neben der Leistung nach Nummer 5360 sind die Leistungen nach den Nummern 344 bis 347, 5295 sowie 5329 bis 5331 nicht berechnungsfähig.",true,2026-08-29,deterministic_parser:auto_extracted:neben_sind:range[344-347(4);5329-5331(3)],CONFIRMED,form_B,"Neben der Leistung nach Nummer 5360 sind die Leistungen nach den Nummern 344 bis 347, 5295 sowie 5329 bis 5331 nicht berechnungsfähig."
excl_auto_5360_5331,5360,5331,one_way,GOÄ Anmerkung zu Nummer 5360,"Neben der Leistung nach Nummer 5360 sind die Leistungen nach den Nummern 344 bis 347, 5295 sowie 5329 bis 5331 nicht berechnungsfähig.",true,2026-08-29,deterministic_parser:auto_extracted:neben_sind:range[344-347(4);5329-5331(3)],CONFIRMED,form_B,"Neben der Leistung nach Nummer 5360 sind die Leistungen nach den Nummern 344 bis 347, 5295 sowie 5329 bis 5331 nicht berechnungsfähig."
excl_auto_5361_370,5361,370,one_way,GOÄ Anmerkung zu Nummer 5361,"Neben der Leistung nach Nummer 5361 sind die Leistungen nach den Nummern 370, 5170 sowie 5295 nicht berechnungsfähig.",true,2026-08-29,deterministic_parser:auto_extracted:neben_sind,CONFIRMED,form_B,"Neben der Leistung nach Nummer 5361 sind die Leistungen nach den Nummern 370, 5170 sowie 5295 nicht berechnungsfähig."
excl_auto_5361_5170,5361,5170,one_way,GOÄ Anmerkung zu Nummer 5361,"Neben der Leistung nach Nummer 5361 sind die Leistungen nach den Nummern 370, 5170 sowie 5295 nicht berechnungsfähig.",true,2026-08-29,deterministic_parser:auto_extracted:neben_sind,CONFIRMED,form_B,"Neben der Leistung nach Nummer 5361 sind die Leistungen nach den Nummern 370, 5170 sowie 5295 nicht berechnungsfähig."
excl_auto_5361_5295,5361,5295,one_way,GOÄ Anmerkung zu Nummer 5361,"Neben der Leistung nach Nummer 5361 sind die Leistungen nach den Nummern 370, 5170 sowie 5295 nicht berechnungsfähig.",true,2026-08-29,deterministic_parser:auto_extracted:neben_sind,CONFIRMED,form_B,"Neben der Leistung nach Nummer 5361 sind die Leistungen nach den Nummern 370, 5170 sowie 5295 nicht berechnungsfähig."
excl_auto_5371_5375,5371,5375,one_way,GOÄ Anmerkung zu Nummer 5375,Die Leistung nach Nummer 5375 ist neben den Leistungen nach den Nummern 5371 und 5372 nicht berechnungsfähig.,true,2026-08-29,deterministic_parser:auto_extracted:ist_neben,CONFIRMED,form_A,Die Leistung nach Nummer 5375 ist neben den Leistungen nach den Nummern 5371 und 5372 nicht berechnungsfähig.
excl_auto_5372_5375,5372,5375,one_way,GOÄ Anmerkung zu Nummer 5375,Die Leistung nach Nummer 5375 ist neben den Leistungen nach den Nummern 5371 und 5372 nicht berechnungsfähig.,true,2026-08-29,deterministic_parser:auto_extracted:ist_neben,CONFIRMED,form_A,Die Leistung nach Nummer 5375 ist neben den Leistungen nach den Nummern 5371 und 5372 nicht berechnungsfähig.
excl_auto_5400_5401,5400,5401,mutual,GOÄ Anmerkung zu Nummer 5402,Die Leistungen nach den Nummern 5400 bis 5402 sind nicht nebeneinander berechnungsfähig.,true,2026-08-29,deterministic_parser:auto_extracted:nicht_nebeneinander:range[5400-5402(3)],CONFIRMED,form_C,Die Leistungen nach den Nummern 5400 bis 5402 sind nicht nebeneinander berechnungsfähig.
excl_auto_5400_5402,5400,5402,mutual,GOÄ Anmerkung zu Nummer 5402,Die Leistungen nach den Nummern 5400 bis 5402 sind nicht nebeneinander berechnungsfähig.,true,2026-08-29,deterministic_parser:auto_extracted:nicht_nebeneinander:range[5400-5402(3)],CONFIRMED,form_C,Die Leistungen nach den Nummern 5400 bis 5402 sind nicht nebeneinander berechnungsfähig.
excl_auto_5401_5400,5401,5400,mutual,GOÄ Anmerkung zu Nummer 5402,Die Leistungen nach den Nummern 5400 bis 5402 sind nicht nebeneinander berechnungsfähig.,true,2026-08-29,deterministic_parser:auto_extracted:nicht_nebeneinander:range[5400-5402(3)],CONFIRMED,form_C,Die Leistungen nach den Nummern 5400 bis 5402 sind nicht nebeneinander berechnungsfähig.
excl_auto_5401_5402,5401,5402,mutual,GOÄ Anmerkung zu Nummer 5402,Die Leistungen nach den Nummern 5400 bis 5402 sind nicht nebeneinander berechnungsfähig.,true,2026-08-29,deterministic_parser:auto_extracted:nicht_nebeneinander:range[5400-5402(3)],CONFIRMED,form_C,Die Leistungen nach den Nummern 5400 bis 5402 sind nicht nebeneinander berechnungsfähig.
excl_auto_5402_5400,5402,5400,mutual,GOÄ Anmerkung zu Nummer 5402,Die Leistungen nach den Nummern 5400 bis 5402 sind nicht nebeneinander berechnungsfähig.,true,2026-08-29,deterministic_parser:auto_extracted:nicht_nebeneinander:range[5400-5402(3)],CONFIRMED,form_C,Die Leistungen nach den Nummern 5400 bis 5402 sind nicht nebeneinander berechnungsfähig.
excl_auto_5402_5401,5402,5401,mutual,GOÄ Anmerkung zu Nummer 5402,Die Leistungen nach den Nummern 5400 bis 5402 sind nicht nebeneinander berechnungsfähig.,true,2026-08-29,deterministic_parser:auto_extracted:nicht_nebeneinander:range[5400-5402(3)],CONFIRMED,form_C,Die Leistungen nach den Nummern 5400 bis 5402 sind nicht nebeneinander berechnungsfähig.
excl_auto_5402_5403,5402,5403,mutual,GOÄ Anmerkung zu Nummer 5403,Die Leistungen nach den Nummern 5402 und 5403 sind nicht nebeneinander berechnungsfähig.,true,2026-08-29,deterministic_parser:auto_extracted:nicht_nebeneinander,CONFIRMED,form_C,Die Leistungen nach den Nummern 5402 und 5403 sind nicht nebeneinander berechnungsfähig.
excl_auto_5403_5402,5403,5402,mutual,GOÄ Anmerkung zu Nummer 5403,Die Leistungen nach den Nummern 5402 und 5403 sind nicht nebeneinander berechnungsfähig.,true,2026-08-29,deterministic_parser:auto_extracted:nicht_nebeneinander,CONFIRMED,form_C,Die Leistungen nach den Nummern 5402 und 5403 sind nicht nebeneinander berechnungsfähig.
excl_auto_5422_5423,5422,5423,mutual,GOÄ Anmerkung zu Nummer 5422,Die Leistungen nach den Nummern 5422 und 5423 sind nicht nebeneinander berechnungsfähig.,true,2026-08-29,deterministic_parser:auto_extracted:nicht_nebeneinander,CONFIRMED,form_C,Die Leistungen nach den Nummern 5422 und 5423 sind nicht nebeneinander berechnungsfähig.
excl_auto_5423_5422,5423,5422,mutual,GOÄ Anmerkung zu Nummer 5422,Die Leistungen nach den Nummern 5422 und 5423 sind nicht nebeneinander berechnungsfähig.,true,2026-08-29,deterministic_parser:auto_extracted:nicht_nebeneinander,CONFIRMED,form_C,Die Leistungen nach den Nummern 5422 und 5423 sind nicht nebeneinander berechnungsfähig.
excl_auto_5424_5422,5424,5422,one_way,GOÄ Anmerkung zu Nummer 5424,Neben der Leistung nach Nummer 5424 sind die Leistungen nach den Nummern 5422 und/oder 5423 nicht berechnungsfähig.,true,2026-08-29,deterministic_parser:auto_extracted:neben_sind,CONFIRMED,form_B,Neben der Leistung nach Nummer 5424 sind die Leistungen nach den Nummern 5422 und/oder 5423 nicht berechnungsfähig.
excl_auto_5424_5423,5424,5423,one_way,GOÄ Anmerkung zu Nummer 5424,Neben der Leistung nach Nummer 5424 sind die Leistungen nach den Nummern 5422 und/oder 5423 nicht berechnungsfähig.,true,2026-08-29,deterministic_parser:auto_extracted:neben_sind,CONFIRMED,form_B,Neben der Leistung nach Nummer 5424 sind die Leistungen nach den Nummern 5422 und/oder 5423 nicht berechnungsfähig.
excl_auto_5430_5431,5430,5431,mutual,GOÄ Anmerkung zu Nummer 5431,Die Leistungen nach den Nummern 5430 und 5431 sind nicht nebeneinander berechnungsfähig.,true,2026-08-29,deterministic_parser:auto_extracted:nicht_nebeneinander,CONFIRMED,form_C,Die Leistungen nach den Nummern 5430 und 5431 sind nicht nebeneinander berechnungsfähig.
excl_auto_5431_5430,5431,5430,mutual,GOÄ Anmerkung zu Nummer 5431,Die Leistungen nach den Nummern 5430 und 5431 sind nicht nebeneinander berechnungsfähig.,true,2026-08-29,deterministic_parser:auto_extracted:nicht_nebeneinander,CONFIRMED,form_C,Die Leistungen nach den Nummern 5430 und 5431 sind nicht nebeneinander berechnungsfähig.
excl_auto_5444_5440,5444,5440,one_way,GOÄ Anmerkung zu Nummer 5444,Neben der Leistung nach Nummer 5444 ist die Leistung nach Nummer 5440 nicht berechnungsfähig.,true,2026-08-29,deterministic_parser:auto_extracted:neben_sind,CONFIRMED,form_B,Neben der Leistung nach Nummer 5444 ist die Leistung nach Nummer 5440 nicht berechnungsfähig.
excl_auto_5430_5450,5430,5450,one_way,GOÄ Anmerkung zu Nummer 5450,Die Leistung nach Nummer 5450 ist neben den Leistungen nach den Nummern 5430 und 5431 nicht berechnungsfähig.,true,2026-08-29,deterministic_parser:auto_extracted:ist_neben,CONFIRMED,form_A,Die Leistung nach Nummer 5450 ist neben den Leistungen nach den Nummern 5430 und 5431 nicht berechnungsfähig.
excl_auto_5431_5450,5431,5450,one_way,GOÄ Anmerkung zu Nummer 5450,Die Leistung nach Nummer 5450 ist neben den Leistungen nach den Nummern 5430 und 5431 nicht berechnungsfähig.,true,2026-08-29,deterministic_parser:auto_extracted:ist_neben,CONFIRMED,form_A,Die Leistung nach Nummer 5450 ist neben den Leistungen nach den Nummern 5430 und 5431 nicht berechnungsfähig.
excl_auto_5473_5460,5473,5460,mutual,GOÄ Anmerkung zu Nummer 5460,Die Leistung nach Nummer 5460 ist neben der Leistung nach Nummer 5473 nicht berechnungsfähig.,true,2026-08-29,deterministic_parser:auto_extracted:ist_neben,CONFIRMED,form_A,Die Leistung nach Nummer 5460 ist neben der Leistung nach Nummer 5473 nicht berechnungsfähig.
excl_auto_5460_5473,5460,5473,mutual,GOÄ Anmerkung zu Nummer 5473,Die Leistung nach Nummer 5473 ist neben den Leistungen nach den Nummern 5460 und 5481 nicht berechnungsfähig.,true,2026-08-29,deterministic_parser:auto_extracted:ist_neben,CONFIRMED,form_A,Die Leistung nach Nummer 5473 ist neben den Leistungen nach den Nummern 5460 und 5481 nicht berechnungsfähig.
excl_auto_5481_5473,5481,5473,mutual,GOÄ Anmerkung zu Nummer 5473,Die Leistung nach Nummer 5473 ist neben den Leistungen nach den Nummern 5460 und 5481 nicht berechnungsfähig.,true,2026-08-29,deterministic_parser:auto_extracted:ist_neben,CONFIRMED,form_A,Die Leistung nach Nummer 5473 ist neben den Leistungen nach den Nummern 5460 und 5481 nicht berechnungsfähig.
excl_auto_5730_5729,5730,5729,one_way,GOÄ Anmerkung zu Nummer 5730,Neben der Leistung nach Nummer 5730 ist die Leistung nach Nummer 5729 nicht berechnungsfähig.,true,2026-08-29,deterministic_parser:auto_extracted:neben_sind,CONFIRMED,form_B,Neben der Leistung nach Nummer 5730 ist die Leistung nach Nummer 5729 nicht berechnungsfähig.
excl_auto_804_1,804,1,one_way,GOÄ Allgemeine Bestimmung,"Die Leistungen nach den Nummern 1, 3, 22, 30 und/oder 34 sind neben den Leistungen nach den Nummern 804 bis 812, 817, 835, 849, 861 bis 864, 870, 871, 886 sowie 887 nicht berechnungsfähig",true,2026-08-29,deterministic_parser:auto_extracted:ist_neben:range[804-812(5);861-864(4)],CONFIRMED,form_A,"Die Leistungen nach den Nummern 1, 3, 22, 30 und/oder 34 sind neben den Leistungen nach den Nummern 804 bis 812, 817, 835, 849, 861 bis 864, 870, 871, 886 sowie 887 nicht berechnungsfähig"
excl_auto_804_3,804,3,one_way,GOÄ Allgemeine Bestimmung,"Die Leistungen nach den Nummern 1, 3, 22, 30 und/oder 34 sind neben den Leistungen nach den Nummern 804 bis 812, 817, 835, 849, 861 bis 864, 870, 871, 886 sowie 887 nicht berechnungsfähig",true,2026-08-29,deterministic_parser:auto_extracted:ist_neben:range[804-812(5);861-864(4)],CONFIRMED,form_A,"Die Leistungen nach den Nummern 1, 3, 22, 30 und/oder 34 sind neben den Leistungen nach den Nummern 804 bis 812, 817, 835, 849, 861 bis 864, 870, 871, 886 sowie 887 nicht berechnungsfähig"
excl_auto_804_22,804,22,one_way,GOÄ Allgemeine Bestimmung,"Die Leistungen nach den Nummern 1, 3, 22, 30 und/oder 34 sind neben den Leistungen nach den Nummern 804 bis 812, 817, 835, 849, 861 bis 864, 870, 871, 886 sowie 887 nicht berechnungsfähig",true,2026-08-29,deterministic_parser:auto_extracted:ist_neben:range[804-812(5);861-864(4)],CONFIRMED,form_A,"Die Leistungen nach den Nummern 1, 3, 22, 30 und/oder 34 sind neben den Leistungen nach den Nummern 804 bis 812, 817, 835, 849, 861 bis 864, 870, 871, 886 sowie 887 nicht berechnungsfähig"
excl_auto_804_30,804,30,one_way,GOÄ Allgemeine Bestimmung,"Die Leistungen nach den Nummern 1, 3, 22, 30 und/oder 34 sind neben den Leistungen nach den Nummern 804 bis 812, 817, 835, 849, 861 bis 864, 870, 871, 886 sowie 887 nicht berechnungsfähig",true,2026-08-29,deterministic_parser:auto_extracted:ist_neben:range[804-812(5);861-864(4)],CONFIRMED,form_A,"Die Leistungen nach den Nummern 1, 3, 22, 30 und/oder 34 sind neben den Leistungen nach den Nummern 804 bis 812, 817, 835, 849, 861 bis 864, 870, 871, 886 sowie 887 nicht berechnungsfähig"
excl_auto_804_34,804,34,one_way,GOÄ Allgemeine Bestimmung,"Die Leistungen nach den Nummern 1, 3, 22, 30 und/oder 34 sind neben den Leistungen nach den Nummern 804 bis 812, 817, 835, 849, 861 bis 864, 870, 871, 886 sowie 887 nicht berechnungsfähig",true,2026-08-29,deterministic_parser:auto_extracted:ist_neben:range[804-812(5);861-864(4)],CONFIRMED,form_A,"Die Leistungen nach den Nummern 1, 3, 22, 30 und/oder 34 sind neben den Leistungen nach den Nummern 804 bis 812, 817, 835, 849, 861 bis 864, 870, 871, 886 sowie 887 nicht berechnungsfähig"
excl_auto_806_1,806,1,one_way,GOÄ Allgemeine Bestimmung,"Die Leistungen nach den Nummern 1, 3, 22, 30 und/oder 34 sind neben den Leistungen nach den Nummern 804 bis 812, 817, 835, 849, 861 bis 864, 870, 871, 886 sowie 887 nicht berechnungsfähig",true,2026-08-29,deterministic_parser:auto_extracted:ist_neben:range[804-812(5);861-864(4)],CONFIRMED,form_A,"Die Leistungen nach den Nummern 1, 3, 22, 30 und/oder 34 sind neben den Leistungen nach den Nummern 804 bis 812, 817, 835, 849, 861 bis 864, 870, 871, 886 sowie 887 nicht berechnungsfähig"
excl_auto_806_3,806,3,one_way,GOÄ Allgemeine Bestimmung,"Die Leistungen nach den Nummern 1, 3, 22, 30 und/oder 34 sind neben den Leistungen nach den Nummern 804 bis 812, 817, 835, 849, 861 bis 864, 870, 871, 886 sowie 887 nicht berechnungsfähig",true,2026-08-29,deterministic_parser:auto_extracted:ist_neben:range[804-812(5);861-864(4)],CONFIRMED,form_A,"Die Leistungen nach den Nummern 1, 3, 22, 30 und/oder 34 sind neben den Leistungen nach den Nummern 804 bis 812, 817, 835, 849, 861 bis 864, 870, 871, 886 sowie 887 nicht berechnungsfähig"
excl_auto_806_22,806,22,one_way,GOÄ Allgemeine Bestimmung,"Die Leistungen nach den Nummern 1, 3, 22, 30 und/oder 34 sind neben den Leistungen nach den Nummern 804 bis 812, 817, 835, 849, 861 bis 864, 870, 871, 886 sowie 887 nicht berechnungsfähig",true,2026-08-29,deterministic_parser:auto_extracted:ist_neben:range[804-812(5);861-864(4)],CONFIRMED,form_A,"Die Leistungen nach den Nummern 1, 3, 22, 30 und/oder 34 sind neben den Leistungen nach den Nummern 804 bis 812, 817, 835, 849, 861 bis 864, 870, 871, 886 sowie 887 nicht berechnungsfähig"
excl_auto_806_30,806,30,one_way,GOÄ Allgemeine Bestimmung,"Die Leistungen nach den Nummern 1, 3, 22, 30 und/oder 34 sind neben den Leistungen nach den Nummern 804 bis 812, 817, 835, 849, 861 bis 864, 870, 871, 886 sowie 887 nicht berechnungsfähig",true,2026-08-29,deterministic_parser:auto_extracted:ist_neben:range[804-812(5);861-864(4)],CONFIRMED,form_A,"Die Leistungen nach den Nummern 1, 3, 22, 30 und/oder 34 sind neben den Leistungen nach den Nummern 804 bis 812, 817, 835, 849, 861 bis 864, 870, 871, 886 sowie 887 nicht berechnungsfähig"
excl_auto_806_34,806,34,one_way,GOÄ Allgemeine Bestimmung,"Die Leistungen nach den Nummern 1, 3, 22, 30 und/oder 34 sind neben den Leistungen nach den Nummern 804 bis 812, 817, 835, 849, 861 bis 864, 870, 871, 886 sowie 887 nicht berechnungsfähig",true,2026-08-29,deterministic_parser:auto_extracted:ist_neben:range[804-812(5);861-864(4)],CONFIRMED,form_A,"Die Leistungen nach den Nummern 1, 3, 22, 30 und/oder 34 sind neben den Leistungen nach den Nummern 804 bis 812, 817, 835, 849, 861 bis 864, 870, 871, 886 sowie 887 nicht berechnungsfähig"
excl_auto_807_1,807,1,one_way,GOÄ Allgemeine Bestimmung,"Die Leistungen nach den Nummern 1, 3, 22, 30 und/oder 34 sind neben den Leistungen nach den Nummern 804 bis 812, 817, 835, 849, 861 bis 864, 870, 871, 886 sowie 887 nicht berechnungsfähig",true,2026-08-29,deterministic_parser:auto_extracted:ist_neben:range[804-812(5);861-864(4)],CONFIRMED,form_A,"Die Leistungen nach den Nummern 1, 3, 22, 30 und/oder 34 sind neben den Leistungen nach den Nummern 804 bis 812, 817, 835, 849, 861 bis 864, 870, 871, 886 sowie 887 nicht berechnungsfähig"
excl_auto_807_3,807,3,one_way,GOÄ Allgemeine Bestimmung,"Die Leistungen nach den Nummern 1, 3, 22, 30 und/oder 34 sind neben den Leistungen nach den Nummern 804 bis 812, 817, 835, 849, 861 bis 864, 870, 871, 886 sowie 887 nicht berechnungsfähig",true,2026-08-29,deterministic_parser:auto_extracted:ist_neben:range[804-812(5);861-864(4)],CONFIRMED,form_A,"Die Leistungen nach den Nummern 1, 3, 22, 30 und/oder 34 sind neben den Leistungen nach den Nummern 804 bis 812, 817, 835, 849, 861 bis 864, 870, 871, 886 sowie 887 nicht berechnungsfähig"
excl_auto_807_22,807,22,one_way,GOÄ Allgemeine Bestimmung,"Die Leistungen nach den Nummern 1, 3, 22, 30 und/oder 34 sind neben den Leistungen nach den Nummern 804 bis 812, 817, 835, 849, 861 bis 864, 870, 871, 886 sowie 887 nicht berechnungsfähig",true,2026-08-29,deterministic_parser:auto_extracted:ist_neben:range[804-812(5);861-864(4)],CONFIRMED,form_A,"Die Leistungen nach den Nummern 1, 3, 22, 30 und/oder 34 sind neben den Leistungen nach den Nummern 804 bis 812, 817, 835, 849, 861 bis 864, 870, 871, 886 sowie 887 nicht berechnungsfähig"
excl_auto_807_30,807,30,one_way,GOÄ Allgemeine Bestimmung,"Die Leistungen nach den Nummern 1, 3, 22, 30 und/oder 34 sind neben den Leistungen nach den Nummern 804 bis 812, 817, 835, 849, 861 bis 864, 870, 871, 886 sowie 887 nicht berechnungsfähig",true,2026-08-29,deterministic_parser:auto_extracted:ist_neben:range[804-812(5);861-864(4)],CONFIRMED,form_A,"Die Leistungen nach den Nummern 1, 3, 22, 30 und/oder 34 sind neben den Leistungen nach den Nummern 804 bis 812, 817, 835, 849, 861 bis 864, 870, 871, 886 sowie 887 nicht berechnungsfähig"
excl_auto_807_34,807,34,one_way,GOÄ Allgemeine Bestimmung,"Die Leistungen nach den Nummern 1, 3, 22, 30 und/oder 34 sind neben den Leistungen nach den Nummern 804 bis 812, 817, 835, 849, 861 bis 864, 870, 871, 886 sowie 887 nicht berechnungsfähig",true,2026-08-29,deterministic_parser:auto_extracted:ist_neben:range[804-812(5);861-864(4)],CONFIRMED,form_A,"Die Leistungen nach den Nummern 1, 3, 22, 30 und/oder 34 sind neben den Leistungen nach den Nummern 804 bis 812, 817, 835, 849, 861 bis 864, 870, 871, 886 sowie 887 nicht berechnungsfähig"
excl_auto_808_1,808,1,one_way,GOÄ Allgemeine Bestimmung,"Die Leistungen nach den Nummern 1, 3, 22, 30 und/oder 34 sind neben den Leistungen nach den Nummern 804 bis 812, 817, 835, 849, 861 bis 864, 870, 871, 886 sowie 887 nicht berechnungsfähig",true,2026-08-29,deterministic_parser:auto_extracted:ist_neben:range[804-812(5);861-864(4)],CONFIRMED,form_A,"Die Leistungen nach den Nummern 1, 3, 22, 30 und/oder 34 sind neben den Leistungen nach den Nummern 804 bis 812, 817, 835, 849, 861 bis 864, 870, 871, 886 sowie 887 nicht berechnungsfähig"
excl_auto_808_3,808,3,one_way,GOÄ Allgemeine Bestimmung,"Die Leistungen nach den Nummern 1, 3, 22, 30 und/oder 34 sind neben den Leistungen nach den Nummern 804 bis 812, 817, 835, 849, 861 bis 864, 870, 871, 886 sowie 887 nicht berechnungsfähig",true,2026-08-29,deterministic_parser:auto_extracted:ist_neben:range[804-812(5);861-864(4)],CONFIRMED,form_A,"Die Leistungen nach den Nummern 1, 3, 22, 30 und/oder 34 sind neben den Leistungen nach den Nummern 804 bis 812, 817, 835, 849, 861 bis 864, 870, 871, 886 sowie 887 nicht berechnungsfähig"
excl_auto_808_22,808,22,one_way,GOÄ Allgemeine Bestimmung,"Die Leistungen nach den Nummern 1, 3, 22, 30 und/oder 34 sind neben den Leistungen nach den Nummern 804 bis 812, 817, 835, 849, 861 bis 864, 870, 871, 886 sowie 887 nicht berechnungsfähig",true,2026-08-29,deterministic_parser:auto_extracted:ist_neben:range[804-812(5);861-864(4)],CONFIRMED,form_A,"Die Leistungen nach den Nummern 1, 3, 22, 30 und/oder 34 sind neben den Leistungen nach den Nummern 804 bis 812, 817, 835, 849, 861 bis 864, 870, 871, 886 sowie 887 nicht berechnungsfähig"
excl_auto_808_30,808,30,one_way,GOÄ Allgemeine Bestimmung,"Die Leistungen nach den Nummern 1, 3, 22, 30 und/oder 34 sind neben den Leistungen nach den Nummern 804 bis 812, 817, 835, 849, 861 bis 864, 870, 871, 886 sowie 887 nicht berechnungsfähig",true,2026-08-29,deterministic_parser:auto_extracted:ist_neben:range[804-812(5);861-864(4)],CONFIRMED,form_A,"Die Leistungen nach den Nummern 1, 3, 22, 30 und/oder 34 sind neben den Leistungen nach den Nummern 804 bis 812, 817, 835, 849, 861 bis 864, 870, 871, 886 sowie 887 nicht berechnungsfähig"
excl_auto_808_34,808,34,one_way,GOÄ Allgemeine Bestimmung,"Die Leistungen nach den Nummern 1, 3, 22, 30 und/oder 34 sind neben den Leistungen nach den Nummern 804 bis 812, 817, 835, 849, 861 bis 864, 870, 871, 886 sowie 887 nicht berechnungsfähig",true,2026-08-29,deterministic_parser:auto_extracted:ist_neben:range[804-812(5);861-864(4)],CONFIRMED,form_A,"Die Leistungen nach den Nummern 1, 3, 22, 30 und/oder 34 sind neben den Leistungen nach den Nummern 804 bis 812, 817, 835, 849, 861 bis 864, 870, 871, 886 sowie 887 nicht berechnungsfähig"
excl_auto_812_1,812,1,one_way,GOÄ Allgemeine Bestimmung,"Die Leistungen nach den Nummern 1, 3, 22, 30 und/oder 34 sind neben den Leistungen nach den Nummern 804 bis 812, 817, 835, 849, 861 bis 864, 870, 871, 886 sowie 887 nicht berechnungsfähig",true,2026-08-29,deterministic_parser:auto_extracted:ist_neben:range[804-812(5);861-864(4)],CONFIRMED,form_A,"Die Leistungen nach den Nummern 1, 3, 22, 30 und/oder 34 sind neben den Leistungen nach den Nummern 804 bis 812, 817, 835, 849, 861 bis 864, 870, 871, 886 sowie 887 nicht berechnungsfähig"
excl_auto_812_3,812,3,one_way,GOÄ Allgemeine Bestimmung,"Die Leistungen nach den Nummern 1, 3, 22, 30 und/oder 34 sind neben den Leistungen nach den Nummern 804 bis 812, 817, 835, 849, 861 bis 864, 870, 871, 886 sowie 887 nicht berechnungsfähig",true,2026-08-29,deterministic_parser:auto_extracted:ist_neben:range[804-812(5);861-864(4)],CONFIRMED,form_A,"Die Leistungen nach den Nummern 1, 3, 22, 30 und/oder 34 sind neben den Leistungen nach den Nummern 804 bis 812, 817, 835, 849, 861 bis 864, 870, 871, 886 sowie 887 nicht berechnungsfähig"
excl_auto_812_22,812,22,one_way,GOÄ Allgemeine Bestimmung,"Die Leistungen nach den Nummern 1, 3, 22, 30 und/oder 34 sind neben den Leistungen nach den Nummern 804 bis 812, 817, 835, 849, 861 bis 864, 870, 871, 886 sowie 887 nicht berechnungsfähig",true,2026-08-29,deterministic_parser:auto_extracted:ist_neben:range[804-812(5);861-864(4)],CONFIRMED,form_A,"Die Leistungen nach den Nummern 1, 3, 22, 30 und/oder 34 sind neben den Leistungen nach den Nummern 804 bis 812, 817, 835, 849, 861 bis 864, 870, 871, 886 sowie 887 nicht berechnungsfähig"
excl_auto_812_30,812,30,one_way,GOÄ Allgemeine Bestimmung,"Die Leistungen nach den Nummern 1, 3, 22, 30 und/oder 34 sind neben den Leistungen nach den Nummern 804 bis 812, 817, 835, 849, 861 bis 864, 870, 871, 886 sowie 887 nicht berechnungsfähig",true,2026-08-29,deterministic_parser:auto_extracted:ist_neben:range[804-812(5);861-864(4)],CONFIRMED,form_A,"Die Leistungen nach den Nummern 1, 3, 22, 30 und/oder 34 sind neben den Leistungen nach den Nummern 804 bis 812, 817, 835, 849, 861 bis 864, 870, 871, 886 sowie 887 nicht berechnungsfähig"
excl_auto_812_34,812,34,one_way,GOÄ Allgemeine Bestimmung,"Die Leistungen nach den Nummern 1, 3, 22, 30 und/oder 34 sind neben den Leistungen nach den Nummern 804 bis 812, 817, 835, 849, 861 bis 864, 870, 871, 886 sowie 887 nicht berechnungsfähig",true,2026-08-29,deterministic_parser:auto_extracted:ist_neben:range[804-812(5);861-864(4)],CONFIRMED,form_A,"Die Leistungen nach den Nummern 1, 3, 22, 30 und/oder 34 sind neben den Leistungen nach den Nummern 804 bis 812, 817, 835, 849, 861 bis 864, 870, 871, 886 sowie 887 nicht berechnungsfähig"
excl_auto_817_1,817,1,one_way,GOÄ Allgemeine Bestimmung,"Die Leistungen nach den Nummern 1, 3, 22, 30 und/oder 34 sind neben den Leistungen nach den Nummern 804 bis 812, 817, 835, 849, 861 bis 864, 870, 871, 886 sowie 887 nicht berechnungsfähig",true,2026-08-29,deterministic_parser:auto_extracted:ist_neben:range[804-812(5);861-864(4)],CONFIRMED,form_A,"Die Leistungen nach den Nummern 1, 3, 22, 30 und/oder 34 sind neben den Leistungen nach den Nummern 804 bis 812, 817, 835, 849, 861 bis 864, 870, 871, 886 sowie 887 nicht berechnungsfähig"
excl_auto_817_3,817,3,one_way,GOÄ Allgemeine Bestimmung,"Die Leistungen nach den Nummern 1, 3, 22, 30 und/oder 34 sind neben den Leistungen nach den Nummern 804 bis 812, 817, 835, 849, 861 bis 864, 870, 871, 886 sowie 887 nicht berechnungsfähig",true,2026-08-29,deterministic_parser:auto_extracted:ist_neben:range[804-812(5);861-864(4)],CONFIRMED,form_A,"Die Leistungen nach den Nummern 1, 3, 22, 30 und/oder 34 sind neben den Leistungen nach den Nummern 804 bis 812, 817, 835, 849, 861 bis 864, 870, 871, 886 sowie 887 nicht berechnungsfähig"
excl_auto_817_22,817,22,one_way,GOÄ Allgemeine Bestimmung,"Die Leistungen nach den Nummern 1, 3, 22, 30 und/oder 34 sind neben den Leistungen nach den Nummern 804 bis 812, 817, 835, 849, 861 bis 864, 870, 871, 886 sowie 887 nicht berechnungsfähig",true,2026-08-29,deterministic_parser:auto_extracted:ist_neben:range[804-812(5);861-864(4)],CONFIRMED,form_A,"Die Leistungen nach den Nummern 1, 3, 22, 30 und/oder 34 sind neben den Leistungen nach den Nummern 804 bis 812, 817, 835, 849, 861 bis 864, 870, 871, 886 sowie 887 nicht berechnungsfähig"
excl_auto_817_30,817,30,one_way,GOÄ Allgemeine Bestimmung,"Die Leistungen nach den Nummern 1, 3, 22, 30 und/oder 34 sind neben den Leistungen nach den Nummern 804 bis 812, 817, 835, 849, 861 bis 864, 870, 871, 886 sowie 887 nicht berechnungsfähig",true,2026-08-29,deterministic_parser:auto_extracted:ist_neben:range[804-812(5);861-864(4)],CONFIRMED,form_A,"Die Leistungen nach den Nummern 1, 3, 22, 30 und/oder 34 sind neben den Leistungen nach den Nummern 804 bis 812, 817, 835, 849, 861 bis 864, 870, 871, 886 sowie 887 nicht berechnungsfähig"
excl_auto_817_34,817,34,one_way,GOÄ Allgemeine Bestimmung,"Die Leistungen nach den Nummern 1, 3, 22, 30 und/oder 34 sind neben den Leistungen nach den Nummern 804 bis 812, 817, 835, 849, 861 bis 864, 870, 871, 886 sowie 887 nicht berechnungsfähig",true,2026-08-29,deterministic_parser:auto_extracted:ist_neben:range[804-812(5);861-864(4)],CONFIRMED,form_A,"Die Leistungen nach den Nummern 1, 3, 22, 30 und/oder 34 sind neben den Leistungen nach den Nummern 804 bis 812, 817, 835, 849, 861 bis 864, 870, 871, 886 sowie 887 nicht berechnungsfähig"
excl_auto_835_1,835,1,one_way,GOÄ Allgemeine Bestimmung,"Die Leistungen nach den Nummern 1, 3, 22, 30 und/oder 34 sind neben den Leistungen nach den Nummern 804 bis 812, 817, 835, 849, 861 bis 864, 870, 871, 886 sowie 887 nicht berechnungsfähig",true,2026-08-29,deterministic_parser:auto_extracted:ist_neben:range[804-812(5);861-864(4)],CONFIRMED,form_A,"Die Leistungen nach den Nummern 1, 3, 22, 30 und/oder 34 sind neben den Leistungen nach den Nummern 804 bis 812, 817, 835, 849, 861 bis 864, 870, 871, 886 sowie 887 nicht berechnungsfähig"
excl_auto_835_3,835,3,one_way,GOÄ Allgemeine Bestimmung,"Die Leistungen nach den Nummern 1, 3, 22, 30 und/oder 34 sind neben den Leistungen nach den Nummern 804 bis 812, 817, 835, 849, 861 bis 864, 870, 871, 886 sowie 887 nicht berechnungsfähig",true,2026-08-29,deterministic_parser:auto_extracted:ist_neben:range[804-812(5);861-864(4)],CONFIRMED,form_A,"Die Leistungen nach den Nummern 1, 3, 22, 30 und/oder 34 sind neben den Leistungen nach den Nummern 804 bis 812, 817, 835, 849, 861 bis 864, 870, 871, 886 sowie 887 nicht berechnungsfähig"
excl_auto_835_22,835,22,one_way,GOÄ Allgemeine Bestimmung,"Die Leistungen nach den Nummern 1, 3, 22, 30 und/oder 34 sind neben den Leistungen nach den Nummern 804 bis 812, 817, 835, 849, 861 bis 864, 870, 871, 886 sowie 887 nicht berechnungsfähig",true,2026-08-29,deterministic_parser:auto_extracted:ist_neben:range[804-812(5);861-864(4)],CONFIRMED,form_A,"Die Leistungen nach den Nummern 1, 3, 22, 30 und/oder 34 sind neben den Leistungen nach den Nummern 804 bis 812, 817, 835, 849, 861 bis 864, 870, 871, 886 sowie 887 nicht berechnungsfähig"
excl_auto_835_30,835,30,one_way,GOÄ Allgemeine Bestimmung,"Die Leistungen nach den Nummern 1, 3, 22, 30 und/oder 34 sind neben den Leistungen nach den Nummern 804 bis 812, 817, 835, 849, 861 bis 864, 870, 871, 886 sowie 887 nicht berechnungsfähig",true,2026-08-29,deterministic_parser:auto_extracted:ist_neben:range[804-812(5);861-864(4)],CONFIRMED,form_A,"Die Leistungen nach den Nummern 1, 3, 22, 30 und/oder 34 sind neben den Leistungen nach den Nummern 804 bis 812, 817, 835, 849, 861 bis 864, 870, 871, 886 sowie 887 nicht berechnungsfähig"
excl_auto_835_34,835,34,one_way,GOÄ Allgemeine Bestimmung,"Die Leistungen nach den Nummern 1, 3, 22, 30 und/oder 34 sind neben den Leistungen nach den Nummern 804 bis 812, 817, 835, 849, 861 bis 864, 870, 871, 886 sowie 887 nicht berechnungsfähig",true,2026-08-29,deterministic_parser:auto_extracted:ist_neben:range[804-812(5);861-864(4)],CONFIRMED,form_A,"Die Leistungen nach den Nummern 1, 3, 22, 30 und/oder 34 sind neben den Leistungen nach den Nummern 804 bis 812, 817, 835, 849, 861 bis 864, 870, 871, 886 sowie 887 nicht berechnungsfähig"
excl_auto_849_1,849,1,one_way,GOÄ Allgemeine Bestimmung,"Die Leistungen nach den Nummern 1, 3, 22, 30 und/oder 34 sind neben den Leistungen nach den Nummern 804 bis 812, 817, 835, 849, 861 bis 864, 870, 871, 886 sowie 887 nicht berechnungsfähig",true,2026-08-29,deterministic_parser:auto_extracted:ist_neben:range[804-812(5);861-864(4)],CONFIRMED,form_A,"Die Leistungen nach den Nummern 1, 3, 22, 30 und/oder 34 sind neben den Leistungen nach den Nummern 804 bis 812, 817, 835, 849, 861 bis 864, 870, 871, 886 sowie 887 nicht berechnungsfähig"
excl_auto_849_3,849,3,one_way,GOÄ Allgemeine Bestimmung,"Die Leistungen nach den Nummern 1, 3, 22, 30 und/oder 34 sind neben den Leistungen nach den Nummern 804 bis 812, 817, 835, 849, 861 bis 864, 870, 871, 886 sowie 887 nicht berechnungsfähig",true,2026-08-29,deterministic_parser:auto_extracted:ist_neben:range[804-812(5);861-864(4)],CONFIRMED,form_A,"Die Leistungen nach den Nummern 1, 3, 22, 30 und/oder 34 sind neben den Leistungen nach den Nummern 804 bis 812, 817, 835, 849, 861 bis 864, 870, 871, 886 sowie 887 nicht berechnungsfähig"
excl_auto_849_22,849,22,one_way,GOÄ Allgemeine Bestimmung,"Die Leistungen nach den Nummern 1, 3, 22, 30 und/oder 34 sind neben den Leistungen nach den Nummern 804 bis 812, 817, 835, 849, 861 bis 864, 870, 871, 886 sowie 887 nicht berechnungsfähig",true,2026-08-29,deterministic_parser:auto_extracted:ist_neben:range[804-812(5);861-864(4)],CONFIRMED,form_A,"Die Leistungen nach den Nummern 1, 3, 22, 30 und/oder 34 sind neben den Leistungen nach den Nummern 804 bis 812, 817, 835, 849, 861 bis 864, 870, 871, 886 sowie 887 nicht berechnungsfähig"
excl_auto_849_30,849,30,one_way,GOÄ Allgemeine Bestimmung,"Die Leistungen nach den Nummern 1, 3, 22, 30 und/oder 34 sind neben den Leistungen nach den Nummern 804 bis 812, 817, 835, 849, 861 bis 864, 870, 871, 886 sowie 887 nicht berechnungsfähig",true,2026-08-29,deterministic_parser:auto_extracted:ist_neben:range[804-812(5);861-864(4)],CONFIRMED,form_A,"Die Leistungen nach den Nummern 1, 3, 22, 30 und/oder 34 sind neben den Leistungen nach den Nummern 804 bis 812, 817, 835, 849, 861 bis 864, 870, 871, 886 sowie 887 nicht berechnungsfähig"
excl_auto_849_34,849,34,one_way,GOÄ Allgemeine Bestimmung,"Die Leistungen nach den Nummern 1, 3, 22, 30 und/oder 34 sind neben den Leistungen nach den Nummern 804 bis 812, 817, 835, 849, 861 bis 864, 870, 871, 886 sowie 887 nicht berechnungsfähig",true,2026-08-29,deterministic_parser:auto_extracted:ist_neben:range[804-812(5);861-864(4)],CONFIRMED,form_A,"Die Leistungen nach den Nummern 1, 3, 22, 30 und/oder 34 sind neben den Leistungen nach den Nummern 804 bis 812, 817, 835, 849, 861 bis 864, 870, 871, 886 sowie 887 nicht berechnungsfähig"
excl_auto_861_1,861,1,one_way,GOÄ Allgemeine Bestimmung,"Die Leistungen nach den Nummern 1, 3, 22, 30 und/oder 34 sind neben den Leistungen nach den Nummern 804 bis 812, 817, 835, 849, 861 bis 864, 870, 871, 886 sowie 887 nicht berechnungsfähig",true,2026-08-29,deterministic_parser:auto_extracted:ist_neben:range[804-812(5);861-864(4)],CONFIRMED,form_A,"Die Leistungen nach den Nummern 1, 3, 22, 30 und/oder 34 sind neben den Leistungen nach den Nummern 804 bis 812, 817, 835, 849, 861 bis 864, 870, 871, 886 sowie 887 nicht berechnungsfähig"
excl_auto_861_3,861,3,one_way,GOÄ Allgemeine Bestimmung,"Die Leistungen nach den Nummern 1, 3, 22, 30 und/oder 34 sind neben den Leistungen nach den Nummern 804 bis 812, 817, 835, 849, 861 bis 864, 870, 871, 886 sowie 887 nicht berechnungsfähig",true,2026-08-29,deterministic_parser:auto_extracted:ist_neben:range[804-812(5);861-864(4)],CONFIRMED,form_A,"Die Leistungen nach den Nummern 1, 3, 22, 30 und/oder 34 sind neben den Leistungen nach den Nummern 804 bis 812, 817, 835, 849, 861 bis 864, 870, 871, 886 sowie 887 nicht berechnungsfähig"
excl_auto_861_22,861,22,one_way,GOÄ Allgemeine Bestimmung,"Die Leistungen nach den Nummern 1, 3, 22, 30 und/oder 34 sind neben den Leistungen nach den Nummern 804 bis 812, 817, 835, 849, 861 bis 864, 870, 871, 886 sowie 887 nicht berechnungsfähig",true,2026-08-29,deterministic_parser:auto_extracted:ist_neben:range[804-812(5);861-864(4)],CONFIRMED,form_A,"Die Leistungen nach den Nummern 1, 3, 22, 30 und/oder 34 sind neben den Leistungen nach den Nummern 804 bis 812, 817, 835, 849, 861 bis 864, 870, 871, 886 sowie 887 nicht berechnungsfähig"
excl_auto_861_30,861,30,one_way,GOÄ Allgemeine Bestimmung,"Die Leistungen nach den Nummern 1, 3, 22, 30 und/oder 34 sind neben den Leistungen nach den Nummern 804 bis 812, 817, 835, 849, 861 bis 864, 870, 871, 886 sowie 887 nicht berechnungsfähig",true,2026-08-29,deterministic_parser:auto_extracted:ist_neben:range[804-812(5);861-864(4)],CONFIRMED,form_A,"Die Leistungen nach den Nummern 1, 3, 22, 30 und/oder 34 sind neben den Leistungen nach den Nummern 804 bis 812, 817, 835, 849, 861 bis 864, 870, 871, 886 sowie 887 nicht berechnungsfähig"
excl_auto_861_34,861,34,one_way,GOÄ Allgemeine Bestimmung,"Die Leistungen nach den Nummern 1, 3, 22, 30 und/oder 34 sind neben den Leistungen nach den Nummern 804 bis 812, 817, 835, 849, 861 bis 864, 870, 871, 886 sowie 887 nicht berechnungsfähig",true,2026-08-29,deterministic_parser:auto_extracted:ist_neben:range[804-812(5);861-864(4)],CONFIRMED,form_A,"Die Leistungen nach den Nummern 1, 3, 22, 30 und/oder 34 sind neben den Leistungen nach den Nummern 804 bis 812, 817, 835, 849, 861 bis 864, 870, 871, 886 sowie 887 nicht berechnungsfähig"
excl_auto_862_1,862,1,one_way,GOÄ Allgemeine Bestimmung,"Die Leistungen nach den Nummern 1, 3, 22, 30 und/oder 34 sind neben den Leistungen nach den Nummern 804 bis 812, 817, 835, 849, 861 bis 864, 870, 871, 886 sowie 887 nicht berechnungsfähig",true,2026-08-29,deterministic_parser:auto_extracted:ist_neben:range[804-812(5);861-864(4)],CONFIRMED,form_A,"Die Leistungen nach den Nummern 1, 3, 22, 30 und/oder 34 sind neben den Leistungen nach den Nummern 804 bis 812, 817, 835, 849, 861 bis 864, 870, 871, 886 sowie 887 nicht berechnungsfähig"
excl_auto_862_3,862,3,one_way,GOÄ Allgemeine Bestimmung,"Die Leistungen nach den Nummern 1, 3, 22, 30 und/oder 34 sind neben den Leistungen nach den Nummern 804 bis 812, 817, 835, 849, 861 bis 864, 870, 871, 886 sowie 887 nicht berechnungsfähig",true,2026-08-29,deterministic_parser:auto_extracted:ist_neben:range[804-812(5);861-864(4)],CONFIRMED,form_A,"Die Leistungen nach den Nummern 1, 3, 22, 30 und/oder 34 sind neben den Leistungen nach den Nummern 804 bis 812, 817, 835, 849, 861 bis 864, 870, 871, 886 sowie 887 nicht berechnungsfähig"
excl_auto_862_22,862,22,one_way,GOÄ Allgemeine Bestimmung,"Die Leistungen nach den Nummern 1, 3, 22, 30 und/oder 34 sind neben den Leistungen nach den Nummern 804 bis 812, 817, 835, 849, 861 bis 864, 870, 871, 886 sowie 887 nicht berechnungsfähig",true,2026-08-29,deterministic_parser:auto_extracted:ist_neben:range[804-812(5);861-864(4)],CONFIRMED,form_A,"Die Leistungen nach den Nummern 1, 3, 22, 30 und/oder 34 sind neben den Leistungen nach den Nummern 804 bis 812, 817, 835, 849, 861 bis 864, 870, 871, 886 sowie 887 nicht berechnungsfähig"
excl_auto_862_30,862,30,one_way,GOÄ Allgemeine Bestimmung,"Die Leistungen nach den Nummern 1, 3, 22, 30 und/oder 34 sind neben den Leistungen nach den Nummern 804 bis 812, 817, 835, 849, 861 bis 864, 870, 871, 886 sowie 887 nicht berechnungsfähig",true,2026-08-29,deterministic_parser:auto_extracted:ist_neben:range[804-812(5);861-864(4)],CONFIRMED,form_A,"Die Leistungen nach den Nummern 1, 3, 22, 30 und/oder 34 sind neben den Leistungen nach den Nummern 804 bis 812, 817, 835, 849, 861 bis 864, 870, 871, 886 sowie 887 nicht berechnungsfähig"
excl_auto_862_34,862,34,one_way,GOÄ Allgemeine Bestimmung,"Die Leistungen nach den Nummern 1, 3, 22, 30 und/oder 34 sind neben den Leistungen nach den Nummern 804 bis 812, 817, 835, 849, 861 bis 864, 870, 871, 886 sowie 887 nicht berechnungsfähig",true,2026-08-29,deterministic_parser:auto_extracted:ist_neben:range[804-812(5);861-864(4)],CONFIRMED,form_A,"Die Leistungen nach den Nummern 1, 3, 22, 30 und/oder 34 sind neben den Leistungen nach den Nummern 804 bis 812, 817, 835, 849, 861 bis 864, 870, 871, 886 sowie 887 nicht berechnungsfähig"
excl_auto_863_1,863,1,one_way,GOÄ Allgemeine Bestimmung,"Die Leistungen nach den Nummern 1, 3, 22, 30 und/oder 34 sind neben den Leistungen nach den Nummern 804 bis 812, 817, 835, 849, 861 bis 864, 870, 871, 886 sowie 887 nicht berechnungsfähig",true,2026-08-29,deterministic_parser:auto_extracted:ist_neben:range[804-812(5);861-864(4)],CONFIRMED,form_A,"Die Leistungen nach den Nummern 1, 3, 22, 30 und/oder 34 sind neben den Leistungen nach den Nummern 804 bis 812, 817, 835, 849, 861 bis 864, 870, 871, 886 sowie 887 nicht berechnungsfähig"
excl_auto_863_3,863,3,one_way,GOÄ Allgemeine Bestimmung,"Die Leistungen nach den Nummern 1, 3, 22, 30 und/oder 34 sind neben den Leistungen nach den Nummern 804 bis 812, 817, 835, 849, 861 bis 864, 870, 871, 886 sowie 887 nicht berechnungsfähig",true,2026-08-29,deterministic_parser:auto_extracted:ist_neben:range[804-812(5);861-864(4)],CONFIRMED,form_A,"Die Leistungen nach den Nummern 1, 3, 22, 30 und/oder 34 sind neben den Leistungen nach den Nummern 804 bis 812, 817, 835, 849, 861 bis 864, 870, 871, 886 sowie 887 nicht berechnungsfähig"
excl_auto_863_22,863,22,one_way,GOÄ Allgemeine Bestimmung,"Die Leistungen nach den Nummern 1, 3, 22, 30 und/oder 34 sind neben den Leistungen nach den Nummern 804 bis 812, 817, 835, 849, 861 bis 864, 870, 871, 886 sowie 887 nicht berechnungsfähig",true,2026-08-29,deterministic_parser:auto_extracted:ist_neben:range[804-812(5);861-864(4)],CONFIRMED,form_A,"Die Leistungen nach den Nummern 1, 3, 22, 30 und/oder 34 sind neben den Leistungen nach den Nummern 804 bis 812, 817, 835, 849, 861 bis 864, 870, 871, 886 sowie 887 nicht berechnungsfähig"
excl_auto_863_30,863,30,one_way,GOÄ Allgemeine Bestimmung,"Die Leistungen nach den Nummern 1, 3, 22, 30 und/oder 34 sind neben den Leistungen nach den Nummern 804 bis 812, 817, 835, 849, 861 bis 864, 870, 871, 886 sowie 887 nicht berechnungsfähig",true,2026-08-29,deterministic_parser:auto_extracted:ist_neben:range[804-812(5);861-864(4)],CONFIRMED,form_A,"Die Leistungen nach den Nummern 1, 3, 22, 30 und/oder 34 sind neben den Leistungen nach den Nummern 804 bis 812, 817, 835, 849, 861 bis 864, 870, 871, 886 sowie 887 nicht berechnungsfähig"
excl_auto_863_34,863,34,one_way,GOÄ Allgemeine Bestimmung,"Die Leistungen nach den Nummern 1, 3, 22, 30 und/oder 34 sind neben den Leistungen nach den Nummern 804 bis 812, 817, 835, 849, 861 bis 864, 870, 871, 886 sowie 887 nicht berechnungsfähig",true,2026-08-29,deterministic_parser:auto_extracted:ist_neben:range[804-812(5);861-864(4)],CONFIRMED,form_A,"Die Leistungen nach den Nummern 1, 3, 22, 30 und/oder 34 sind neben den Leistungen nach den Nummern 804 bis 812, 817, 835, 849, 861 bis 864, 870, 871, 886 sowie 887 nicht berechnungsfähig"
excl_auto_864_1,864,1,one_way,GOÄ Allgemeine Bestimmung,"Die Leistungen nach den Nummern 1, 3, 22, 30 und/oder 34 sind neben den Leistungen nach den Nummern 804 bis 812, 817, 835, 849, 861 bis 864, 870, 871, 886 sowie 887 nicht berechnungsfähig",true,2026-08-29,deterministic_parser:auto_extracted:ist_neben:range[804-812(5);861-864(4)],CONFIRMED,form_A,"Die Leistungen nach den Nummern 1, 3, 22, 30 und/oder 34 sind neben den Leistungen nach den Nummern 804 bis 812, 817, 835, 849, 861 bis 864, 870, 871, 886 sowie 887 nicht berechnungsfähig"
excl_auto_864_3,864,3,one_way,GOÄ Allgemeine Bestimmung,"Die Leistungen nach den Nummern 1, 3, 22, 30 und/oder 34 sind neben den Leistungen nach den Nummern 804 bis 812, 817, 835, 849, 861 bis 864, 870, 871, 886 sowie 887 nicht berechnungsfähig",true,2026-08-29,deterministic_parser:auto_extracted:ist_neben:range[804-812(5);861-864(4)],CONFIRMED,form_A,"Die Leistungen nach den Nummern 1, 3, 22, 30 und/oder 34 sind neben den Leistungen nach den Nummern 804 bis 812, 817, 835, 849, 861 bis 864, 870, 871, 886 sowie 887 nicht berechnungsfähig"
excl_auto_864_22,864,22,one_way,GOÄ Allgemeine Bestimmung,"Die Leistungen nach den Nummern 1, 3, 22, 30 und/oder 34 sind neben den Leistungen nach den Nummern 804 bis 812, 817, 835, 849, 861 bis 864, 870, 871, 886 sowie 887 nicht berechnungsfähig",true,2026-08-29,deterministic_parser:auto_extracted:ist_neben:range[804-812(5);861-864(4)],CONFIRMED,form_A,"Die Leistungen nach den Nummern 1, 3, 22, 30 und/oder 34 sind neben den Leistungen nach den Nummern 804 bis 812, 817, 835, 849, 861 bis 864, 870, 871, 886 sowie 887 nicht berechnungsfähig"
excl_auto_864_30,864,30,one_way,GOÄ Allgemeine Bestimmung,"Die Leistungen nach den Nummern 1, 3, 22, 30 und/oder 34 sind neben den Leistungen nach den Nummern 804 bis 812, 817, 835, 849, 861 bis 864, 870, 871, 886 sowie 887 nicht berechnungsfähig",true,2026-08-29,deterministic_parser:auto_extracted:ist_neben:range[804-812(5);861-864(4)],CONFIRMED,form_A,"Die Leistungen nach den Nummern 1, 3, 22, 30 und/oder 34 sind neben den Leistungen nach den Nummern 804 bis 812, 817, 835, 849, 861 bis 864, 870, 871, 886 sowie 887 nicht berechnungsfähig"
excl_auto_864_34,864,34,one_way,GOÄ Allgemeine Bestimmung,"Die Leistungen nach den Nummern 1, 3, 22, 30 und/oder 34 sind neben den Leistungen nach den Nummern 804 bis 812, 817, 835, 849, 861 bis 864, 870, 871, 886 sowie 887 nicht berechnungsfähig",true,2026-08-29,deterministic_parser:auto_extracted:ist_neben:range[804-812(5);861-864(4)],CONFIRMED,form_A,"Die Leistungen nach den Nummern 1, 3, 22, 30 und/oder 34 sind neben den Leistungen nach den Nummern 804 bis 812, 817, 835, 849, 861 bis 864, 870, 871, 886 sowie 887 nicht berechnungsfähig"
excl_auto_870_1,870,1,one_way,GOÄ Allgemeine Bestimmung,"Die Leistungen nach den Nummern 1, 3, 22, 30 und/oder 34 sind neben den Leistungen nach den Nummern 804 bis 812, 817, 835, 849, 861 bis 864, 870, 871, 886 sowie 887 nicht berechnungsfähig",true,2026-08-29,deterministic_parser:auto_extracted:ist_neben:range[804-812(5);861-864(4)],CONFIRMED,form_A,"Die Leistungen nach den Nummern 1, 3, 22, 30 und/oder 34 sind neben den Leistungen nach den Nummern 804 bis 812, 817, 835, 849, 861 bis 864, 870, 871, 886 sowie 887 nicht berechnungsfähig"
excl_auto_870_3,870,3,one_way,GOÄ Allgemeine Bestimmung,"Die Leistungen nach den Nummern 1, 3, 22, 30 und/oder 34 sind neben den Leistungen nach den Nummern 804 bis 812, 817, 835, 849, 861 bis 864, 870, 871, 886 sowie 887 nicht berechnungsfähig",true,2026-08-29,deterministic_parser:auto_extracted:ist_neben:range[804-812(5);861-864(4)],CONFIRMED,form_A,"Die Leistungen nach den Nummern 1, 3, 22, 30 und/oder 34 sind neben den Leistungen nach den Nummern 804 bis 812, 817, 835, 849, 861 bis 864, 870, 871, 886 sowie 887 nicht berechnungsfähig"
excl_auto_870_22,870,22,one_way,GOÄ Allgemeine Bestimmung,"Die Leistungen nach den Nummern 1, 3, 22, 30 und/oder 34 sind neben den Leistungen nach den Nummern 804 bis 812, 817, 835, 849, 861 bis 864, 870, 871, 886 sowie 887 nicht berechnungsfähig",true,2026-08-29,deterministic_parser:auto_extracted:ist_neben:range[804-812(5);861-864(4)],CONFIRMED,form_A,"Die Leistungen nach den Nummern 1, 3, 22, 30 und/oder 34 sind neben den Leistungen nach den Nummern 804 bis 812, 817, 835, 849, 861 bis 864, 870, 871, 886 sowie 887 nicht berechnungsfähig"
excl_auto_870_30,870,30,one_way,GOÄ Allgemeine Bestimmung,"Die Leistungen nach den Nummern 1, 3, 22, 30 und/oder 34 sind neben den Leistungen nach den Nummern 804 bis 812, 817, 835, 849, 861 bis 864, 870, 871, 886 sowie 887 nicht berechnungsfähig",true,2026-08-29,deterministic_parser:auto_extracted:ist_neben:range[804-812(5);861-864(4)],CONFIRMED,form_A,"Die Leistungen nach den Nummern 1, 3, 22, 30 und/oder 34 sind neben den Leistungen nach den Nummern 804 bis 812, 817, 835, 849, 861 bis 864, 870, 871, 886 sowie 887 nicht berechnungsfähig"
excl_auto_870_34,870,34,one_way,GOÄ Allgemeine Bestimmung,"Die Leistungen nach den Nummern 1, 3, 22, 30 und/oder 34 sind neben den Leistungen nach den Nummern 804 bis 812, 817, 835, 849, 861 bis 864, 870, 871, 886 sowie 887 nicht berechnungsfähig",true,2026-08-29,deterministic_parser:auto_extracted:ist_neben:range[804-812(5);861-864(4)],CONFIRMED,form_A,"Die Leistungen nach den Nummern 1, 3, 22, 30 und/oder 34 sind neben den Leistungen nach den Nummern 804 bis 812, 817, 835, 849, 861 bis 864, 870, 871, 886 sowie 887 nicht berechnungsfähig"
excl_auto_871_1,871,1,one_way,GOÄ Allgemeine Bestimmung,"Die Leistungen nach den Nummern 1, 3, 22, 30 und/oder 34 sind neben den Leistungen nach den Nummern 804 bis 812, 817, 835, 849, 861 bis 864, 870, 871, 886 sowie 887 nicht berechnungsfähig",true,2026-08-29,deterministic_parser:auto_extracted:ist_neben:range[804-812(5);861-864(4)],CONFIRMED,form_A,"Die Leistungen nach den Nummern 1, 3, 22, 30 und/oder 34 sind neben den Leistungen nach den Nummern 804 bis 812, 817, 835, 849, 861 bis 864, 870, 871, 886 sowie 887 nicht berechnungsfähig"
excl_auto_871_3,871,3,one_way,GOÄ Allgemeine Bestimmung,"Die Leistungen nach den Nummern 1, 3, 22, 30 und/oder 34 sind neben den Leistungen nach den Nummern 804 bis 812, 817, 835, 849, 861 bis 864, 870, 871, 886 sowie 887 nicht berechnungsfähig",true,2026-08-29,deterministic_parser:auto_extracted:ist_neben:range[804-812(5);861-864(4)],CONFIRMED,form_A,"Die Leistungen nach den Nummern 1, 3, 22, 30 und/oder 34 sind neben den Leistungen nach den Nummern 804 bis 812, 817, 835, 849, 861 bis 864, 870, 871, 886 sowie 887 nicht berechnungsfähig"
excl_auto_871_22,871,22,one_way,GOÄ Allgemeine Bestimmung,"Die Leistungen nach den Nummern 1, 3, 22, 30 und/oder 34 sind neben den Leistungen nach den Nummern 804 bis 812, 817, 835, 849, 861 bis 864, 870, 871, 886 sowie 887 nicht berechnungsfähig",true,2026-08-29,deterministic_parser:auto_extracted:ist_neben:range[804-812(5);861-864(4)],CONFIRMED,form_A,"Die Leistungen nach den Nummern 1, 3, 22, 30 und/oder 34 sind neben den Leistungen nach den Nummern 804 bis 812, 817, 835, 849, 861 bis 864, 870, 871, 886 sowie 887 nicht berechnungsfähig"
excl_auto_871_30,871,30,one_way,GOÄ Allgemeine Bestimmung,"Die Leistungen nach den Nummern 1, 3, 22, 30 und/oder 34 sind neben den Leistungen nach den Nummern 804 bis 812, 817, 835, 849, 861 bis 864, 870, 871, 886 sowie 887 nicht berechnungsfähig",true,2026-08-29,deterministic_parser:auto_extracted:ist_neben:range[804-812(5);861-864(4)],CONFIRMED,form_A,"Die Leistungen nach den Nummern 1, 3, 22, 30 und/oder 34 sind neben den Leistungen nach den Nummern 804 bis 812, 817, 835, 849, 861 bis 864, 870, 871, 886 sowie 887 nicht berechnungsfähig"
excl_auto_871_34,871,34,one_way,GOÄ Allgemeine Bestimmung,"Die Leistungen nach den Nummern 1, 3, 22, 30 und/oder 34 sind neben den Leistungen nach den Nummern 804 bis 812, 817, 835, 849, 861 bis 864, 870, 871, 886 sowie 887 nicht berechnungsfähig",true,2026-08-29,deterministic_parser:auto_extracted:ist_neben:range[804-812(5);861-864(4)],CONFIRMED,form_A,"Die Leistungen nach den Nummern 1, 3, 22, 30 und/oder 34 sind neben den Leistungen nach den Nummern 804 bis 812, 817, 835, 849, 861 bis 864, 870, 871, 886 sowie 887 nicht berechnungsfähig"
excl_auto_886_1,886,1,one_way,GOÄ Allgemeine Bestimmung,"Die Leistungen nach den Nummern 1, 3, 22, 30 und/oder 34 sind neben den Leistungen nach den Nummern 804 bis 812, 817, 835, 849, 861 bis 864, 870, 871, 886 sowie 887 nicht berechnungsfähig",true,2026-08-29,deterministic_parser:auto_extracted:ist_neben:range[804-812(5);861-864(4)],CONFIRMED,form_A,"Die Leistungen nach den Nummern 1, 3, 22, 30 und/oder 34 sind neben den Leistungen nach den Nummern 804 bis 812, 817, 835, 849, 861 bis 864, 870, 871, 886 sowie 887 nicht berechnungsfähig"
excl_auto_886_3,886,3,one_way,GOÄ Allgemeine Bestimmung,"Die Leistungen nach den Nummern 1, 3, 22, 30 und/oder 34 sind neben den Leistungen nach den Nummern 804 bis 812, 817, 835, 849, 861 bis 864, 870, 871, 886 sowie 887 nicht berechnungsfähig",true,2026-08-29,deterministic_parser:auto_extracted:ist_neben:range[804-812(5);861-864(4)],CONFIRMED,form_A,"Die Leistungen nach den Nummern 1, 3, 22, 30 und/oder 34 sind neben den Leistungen nach den Nummern 804 bis 812, 817, 835, 849, 861 bis 864, 870, 871, 886 sowie 887 nicht berechnungsfähig"
excl_auto_886_22,886,22,one_way,GOÄ Allgemeine Bestimmung,"Die Leistungen nach den Nummern 1, 3, 22, 30 und/oder 34 sind neben den Leistungen nach den Nummern 804 bis 812, 817, 835, 849, 861 bis 864, 870, 871, 886 sowie 887 nicht berechnungsfähig",true,2026-08-29,deterministic_parser:auto_extracted:ist_neben:range[804-812(5);861-864(4)],CONFIRMED,form_A,"Die Leistungen nach den Nummern 1, 3, 22, 30 und/oder 34 sind neben den Leistungen nach den Nummern 804 bis 812, 817, 835, 849, 861 bis 864, 870, 871, 886 sowie 887 nicht berechnungsfähig"
excl_auto_886_30,886,30,one_way,GOÄ Allgemeine Bestimmung,"Die Leistungen nach den Nummern 1, 3, 22, 30 und/oder 34 sind neben den Leistungen nach den Nummern 804 bis 812, 817, 835, 849, 861 bis 864, 870, 871, 886 sowie 887 nicht berechnungsfähig",true,2026-08-29,deterministic_parser:auto_extracted:ist_neben:range[804-812(5);861-864(4)],CONFIRMED,form_A,"Die Leistungen nach den Nummern 1, 3, 22, 30 und/oder 34 sind neben den Leistungen nach den Nummern 804 bis 812, 817, 835, 849, 861 bis 864, 870, 871, 886 sowie 887 nicht berechnungsfähig"
excl_auto_886_34,886,34,one_way,GOÄ Allgemeine Bestimmung,"Die Leistungen nach den Nummern 1, 3, 22, 30 und/oder 34 sind neben den Leistungen nach den Nummern 804 bis 812, 817, 835, 849, 861 bis 864, 870, 871, 886 sowie 887 nicht berechnungsfähig",true,2026-08-29,deterministic_parser:auto_extracted:ist_neben:range[804-812(5);861-864(4)],CONFIRMED,form_A,"Die Leistungen nach den Nummern 1, 3, 22, 30 und/oder 34 sind neben den Leistungen nach den Nummern 804 bis 812, 817, 835, 849, 861 bis 864, 870, 871, 886 sowie 887 nicht berechnungsfähig"
excl_auto_887_1,887,1,one_way,GOÄ Allgemeine Bestimmung,"Die Leistungen nach den Nummern 1, 3, 22, 30 und/oder 34 sind neben den Leistungen nach den Nummern 804 bis 812, 817, 835, 849, 861 bis 864, 870, 871, 886 sowie 887 nicht berechnungsfähig",true,2026-08-29,deterministic_parser:auto_extracted:ist_neben:range[804-812(5);861-864(4)],CONFIRMED,form_A,"Die Leistungen nach den Nummern 1, 3, 22, 30 und/oder 34 sind neben den Leistungen nach den Nummern 804 bis 812, 817, 835, 849, 861 bis 864, 870, 871, 886 sowie 887 nicht berechnungsfähig"
excl_auto_887_3,887,3,one_way,GOÄ Allgemeine Bestimmung,"Die Leistungen nach den Nummern 1, 3, 22, 30 und/oder 34 sind neben den Leistungen nach den Nummern 804 bis 812, 817, 835, 849, 861 bis 864, 870, 871, 886 sowie 887 nicht berechnungsfähig",true,2026-08-29,deterministic_parser:auto_extracted:ist_neben:range[804-812(5);861-864(4)],CONFIRMED,form_A,"Die Leistungen nach den Nummern 1, 3, 22, 30 und/oder 34 sind neben den Leistungen nach den Nummern 804 bis 812, 817, 835, 849, 861 bis 864, 870, 871, 886 sowie 887 nicht berechnungsfähig"
excl_auto_887_22,887,22,one_way,GOÄ Allgemeine Bestimmung,"Die Leistungen nach den Nummern 1, 3, 22, 30 und/oder 34 sind neben den Leistungen nach den Nummern 804 bis 812, 817, 835, 849, 861 bis 864, 870, 871, 886 sowie 887 nicht berechnungsfähig",true,2026-08-29,deterministic_parser:auto_extracted:ist_neben:range[804-812(5);861-864(4)],CONFIRMED,form_A,"Die Leistungen nach den Nummern 1, 3, 22, 30 und/oder 34 sind neben den Leistungen nach den Nummern 804 bis 812, 817, 835, 849, 861 bis 864, 870, 871, 886 sowie 887 nicht berechnungsfähig"
excl_auto_887_30,887,30,one_way,GOÄ Allgemeine Bestimmung,"Die Leistungen nach den Nummern 1, 3, 22, 30 und/oder 34 sind neben den Leistungen nach den Nummern 804 bis 812, 817, 835, 849, 861 bis 864, 870, 871, 886 sowie 887 nicht berechnungsfähig",true,2026-08-29,deterministic_parser:auto_extracted:ist_neben:range[804-812(5);861-864(4)],CONFIRMED,form_A,"Die Leistungen nach den Nummern 1, 3, 22, 30 und/oder 34 sind neben den Leistungen nach den Nummern 804 bis 812, 817, 835, 849, 861 bis 864, 870, 871, 886 sowie 887 nicht berechnungsfähig"
excl_auto_887_34,887,34,one_way,GOÄ Allgemeine Bestimmung,"Die Leistungen nach den Nummern 1, 3, 22, 30 und/oder 34 sind neben den Leistungen nach den Nummern 804 bis 812, 817, 835, 849, 861 bis 864, 870, 871, 886 sowie 887 nicht berechnungsfähig",true,2026-08-29,deterministic_parser:auto_extracted:ist_neben:range[804-812(5);861-864(4)],CONFIRMED,form_A,"Die Leistungen nach den Nummern 1, 3, 22, 30 und/oder 34 sind neben den Leistungen nach den Nummern 804 bis 812, 817, 835, 849, 861 bis 864, 870, 871, 886 sowie 887 nicht berechnungsfähig"
excl_auto_5_600,5,600,one_way,GOÄ Allgemeine Bestimmung,"Neben einer Leistung nach Nummer 5, 6, 7 oder 8 sind die Leistungen nach den Nummern 600, 601, 1203, 1204, 1228, 1240, 1400, 1401 und 1414 nicht berechnungsfähig.",true,2026-08-29,deterministic_parser:auto_extracted:neben_sind,CONFIRMED,form_B,"Neben einer Leistung nach Nummer 5, 6, 7 oder 8 sind die Leistungen nach den Nummern 600, 601, 1203, 1204, 1228, 1240, 1400, 1401 und 1414 nicht berechnungsfähig."
excl_auto_5_601,5,601,one_way,GOÄ Allgemeine Bestimmung,"Neben einer Leistung nach Nummer 5, 6, 7 oder 8 sind die Leistungen nach den Nummern 600, 601, 1203, 1204, 1228, 1240, 1400, 1401 und 1414 nicht berechnungsfähig.",true,2026-08-29,deterministic_parser:auto_extracted:neben_sind,CONFIRMED,form_B,"Neben einer Leistung nach Nummer 5, 6, 7 oder 8 sind die Leistungen nach den Nummern 600, 601, 1203, 1204, 1228, 1240, 1400, 1401 und 1414 nicht berechnungsfähig."
excl_auto_5_1203,5,1203,one_way,GOÄ Allgemeine Bestimmung,"Neben einer Leistung nach Nummer 5, 6, 7 oder 8 sind die Leistungen nach den Nummern 600, 601, 1203, 1204, 1228, 1240, 1400, 1401 und 1414 nicht berechnungsfähig.",true,2026-08-29,deterministic_parser:auto_extracted:neben_sind,CONFIRMED,form_B,"Neben einer Leistung nach Nummer 5, 6, 7 oder 8 sind die Leistungen nach den Nummern 600, 601, 1203, 1204, 1228, 1240, 1400, 1401 und 1414 nicht berechnungsfähig."
excl_auto_5_1204,5,1204,one_way,GOÄ Allgemeine Bestimmung,"Neben einer Leistung nach Nummer 5, 6, 7 oder 8 sind die Leistungen nach den Nummern 600, 601, 1203, 1204, 1228, 1240, 1400, 1401 und 1414 nicht berechnungsfähig.",true,2026-08-29,deterministic_parser:auto_extracted:neben_sind,CONFIRMED,form_B,"Neben einer Leistung nach Nummer 5, 6, 7 oder 8 sind die Leistungen nach den Nummern 600, 601, 1203, 1204, 1228, 1240, 1400, 1401 und 1414 nicht berechnungsfähig."
excl_auto_5_1228,5,1228,one_way,GOÄ Allgemeine Bestimmung,"Neben einer Leistung nach Nummer 5, 6, 7 oder 8 sind die Leistungen nach den Nummern 600, 601, 1203, 1204, 1228, 1240, 1400, 1401 und 1414 nicht berechnungsfähig.",true,2026-08-29,deterministic_parser:auto_extracted:neben_sind,CONFIRMED,form_B,"Neben einer Leistung nach Nummer 5, 6, 7 oder 8 sind die Leistungen nach den Nummern 600, 601, 1203, 1204, 1228, 1240, 1400, 1401 und 1414 nicht berechnungsfähig."
excl_auto_5_1240,5,1240,one_way,GOÄ Allgemeine Bestimmung,"Neben einer Leistung nach Nummer 5, 6, 7 oder 8 sind die Leistungen nach den Nummern 600, 601, 1203, 1204, 1228, 1240, 1400, 1401 und 1414 nicht berechnungsfähig.",true,2026-08-29,deterministic_parser:auto_extracted:neben_sind,CONFIRMED,form_B,"Neben einer Leistung nach Nummer 5, 6, 7 oder 8 sind die Leistungen nach den Nummern 600, 601, 1203, 1204, 1228, 1240, 1400, 1401 und 1414 nicht berechnungsfähig."
excl_auto_5_1400,5,1400,one_way,GOÄ Allgemeine Bestimmung,"Neben einer Leistung nach Nummer 5, 6, 7 oder 8 sind die Leistungen nach den Nummern 600, 601, 1203, 1204, 1228, 1240, 1400, 1401 und 1414 nicht berechnungsfähig.",true,2026-08-29,deterministic_parser:auto_extracted:neben_sind,CONFIRMED,form_B,"Neben einer Leistung nach Nummer 5, 6, 7 oder 8 sind die Leistungen nach den Nummern 600, 601, 1203, 1204, 1228, 1240, 1400, 1401 und 1414 nicht berechnungsfähig."
excl_auto_5_1401,5,1401,one_way,GOÄ Allgemeine Bestimmung,"Neben einer Leistung nach Nummer 5, 6, 7 oder 8 sind die Leistungen nach den Nummern 600, 601, 1203, 1204, 1228, 1240, 1400, 1401 und 1414 nicht berechnungsfähig.",true,2026-08-29,deterministic_parser:auto_extracted:neben_sind,CONFIRMED,form_B,"Neben einer Leistung nach Nummer 5, 6, 7 oder 8 sind die Leistungen nach den Nummern 600, 601, 1203, 1204, 1228, 1240, 1400, 1401 und 1414 nicht berechnungsfähig."
excl_auto_5_1414,5,1414,one_way,GOÄ Allgemeine Bestimmung,"Neben einer Leistung nach Nummer 5, 6, 7 oder 8 sind die Leistungen nach den Nummern 600, 601, 1203, 1204, 1228, 1240, 1400, 1401 und 1414 nicht berechnungsfähig.",true,2026-08-29,deterministic_parser:auto_extracted:neben_sind,CONFIRMED,form_B,"Neben einer Leistung nach Nummer 5, 6, 7 oder 8 sind die Leistungen nach den Nummern 600, 601, 1203, 1204, 1228, 1240, 1400, 1401 und 1414 nicht berechnungsfähig."
excl_auto_6_600,6,600,one_way,GOÄ Allgemeine Bestimmung,"Neben einer Leistung nach Nummer 5, 6, 7 oder 8 sind die Leistungen nach den Nummern 600, 601, 1203, 1204, 1228, 1240, 1400, 1401 und 1414 nicht berechnungsfähig.",true,2026-08-29,deterministic_parser:auto_extracted:neben_sind,CONFIRMED,form_B,"Neben einer Leistung nach Nummer 5, 6, 7 oder 8 sind die Leistungen nach den Nummern 600, 601, 1203, 1204, 1228, 1240, 1400, 1401 und 1414 nicht berechnungsfähig."
excl_auto_6_601,6,601,one_way,GOÄ Allgemeine Bestimmung,"Neben einer Leistung nach Nummer 5, 6, 7 oder 8 sind die Leistungen nach den Nummern 600, 601, 1203, 1204, 1228, 1240, 1400, 1401 und 1414 nicht berechnungsfähig.",true,2026-08-29,deterministic_parser:auto_extracted:neben_sind,CONFIRMED,form_B,"Neben einer Leistung nach Nummer 5, 6, 7 oder 8 sind die Leistungen nach den Nummern 600, 601, 1203, 1204, 1228, 1240, 1400, 1401 und 1414 nicht berechnungsfähig."
excl_auto_6_1203,6,1203,one_way,GOÄ Allgemeine Bestimmung,"Neben einer Leistung nach Nummer 5, 6, 7 oder 8 sind die Leistungen nach den Nummern 600, 601, 1203, 1204, 1228, 1240, 1400, 1401 und 1414 nicht berechnungsfähig.",true,2026-08-29,deterministic_parser:auto_extracted:neben_sind,CONFIRMED,form_B,"Neben einer Leistung nach Nummer 5, 6, 7 oder 8 sind die Leistungen nach den Nummern 600, 601, 1203, 1204, 1228, 1240, 1400, 1401 und 1414 nicht berechnungsfähig."
excl_auto_6_1204,6,1204,one_way,GOÄ Allgemeine Bestimmung,"Neben einer Leistung nach Nummer 5, 6, 7 oder 8 sind die Leistungen nach den Nummern 600, 601, 1203, 1204, 1228, 1240, 1400, 1401 und 1414 nicht berechnungsfähig.",true,2026-08-29,deterministic_parser:auto_extracted:neben_sind,CONFIRMED,form_B,"Neben einer Leistung nach Nummer 5, 6, 7 oder 8 sind die Leistungen nach den Nummern 600, 601, 1203, 1204, 1228, 1240, 1400, 1401 und 1414 nicht berechnungsfähig."
excl_auto_6_1228,6,1228,one_way,GOÄ Allgemeine Bestimmung,"Neben einer Leistung nach Nummer 5, 6, 7 oder 8 sind die Leistungen nach den Nummern 600, 601, 1203, 1204, 1228, 1240, 1400, 1401 und 1414 nicht berechnungsfähig.",true,2026-08-29,deterministic_parser:auto_extracted:neben_sind,CONFIRMED,form_B,"Neben einer Leistung nach Nummer 5, 6, 7 oder 8 sind die Leistungen nach den Nummern 600, 601, 1203, 1204, 1228, 1240, 1400, 1401 und 1414 nicht berechnungsfähig."
excl_auto_6_1240,6,1240,one_way,GOÄ Allgemeine Bestimmung,"Neben einer Leistung nach Nummer 5, 6, 7 oder 8 sind die Leistungen nach den Nummern 600, 601, 1203, 1204, 1228, 1240, 1400, 1401 und 1414 nicht berechnungsfähig.",true,2026-08-29,deterministic_parser:auto_extracted:neben_sind,CONFIRMED,form_B,"Neben einer Leistung nach Nummer 5, 6, 7 oder 8 sind die Leistungen nach den Nummern 600, 601, 1203, 1204, 1228, 1240, 1400, 1401 und 1414 nicht berechnungsfähig."
excl_auto_6_1400,6,1400,one_way,GOÄ Allgemeine Bestimmung,"Neben einer Leistung nach Nummer 5, 6, 7 oder 8 sind die Leistungen nach den Nummern 600, 601, 1203, 1204, 1228, 1240, 1400, 1401 und 1414 nicht berechnungsfähig.",true,2026-08-29,deterministic_parser:auto_extracted:neben_sind,CONFIRMED,form_B,"Neben einer Leistung nach Nummer 5, 6, 7 oder 8 sind die Leistungen nach den Nummern 600, 601, 1203, 1204, 1228, 1240, 1400, 1401 und 1414 nicht berechnungsfähig."
excl_auto_6_1401,6,1401,one_way,GOÄ Allgemeine Bestimmung,"Neben einer Leistung nach Nummer 5, 6, 7 oder 8 sind die Leistungen nach den Nummern 600, 601, 1203, 1204, 1228, 1240, 1400, 1401 und 1414 nicht berechnungsfähig.",true,2026-08-29,deterministic_parser:auto_extracted:neben_sind,CONFIRMED,form_B,"Neben einer Leistung nach Nummer 5, 6, 7 oder 8 sind die Leistungen nach den Nummern 600, 601, 1203, 1204, 1228, 1240, 1400, 1401 und 1414 nicht berechnungsfähig."
excl_auto_6_1414,6,1414,one_way,GOÄ Allgemeine Bestimmung,"Neben einer Leistung nach Nummer 5, 6, 7 oder 8 sind die Leistungen nach den Nummern 600, 601, 1203, 1204, 1228, 1240, 1400, 1401 und 1414 nicht berechnungsfähig.",true,2026-08-29,deterministic_parser:auto_extracted:neben_sind,CONFIRMED,form_B,"Neben einer Leistung nach Nummer 5, 6, 7 oder 8 sind die Leistungen nach den Nummern 600, 601, 1203, 1204, 1228, 1240, 1400, 1401 und 1414 nicht berechnungsfähig."
excl_auto_7_600,7,600,one_way,GOÄ Allgemeine Bestimmung,"Neben einer Leistung nach Nummer 5, 6, 7 oder 8 sind die Leistungen nach den Nummern 600, 601, 1203, 1204, 1228, 1240, 1400, 1401 und 1414 nicht berechnungsfähig.",true,2026-08-29,deterministic_parser:auto_extracted:neben_sind,CONFIRMED,form_B,"Neben einer Leistung nach Nummer 5, 6, 7 oder 8 sind die Leistungen nach den Nummern 600, 601, 1203, 1204, 1228, 1240, 1400, 1401 und 1414 nicht berechnungsfähig."
excl_auto_7_601,7,601,one_way,GOÄ Allgemeine Bestimmung,"Neben einer Leistung nach Nummer 5, 6, 7 oder 8 sind die Leistungen nach den Nummern 600, 601, 1203, 1204, 1228, 1240, 1400, 1401 und 1414 nicht berechnungsfähig.",true,2026-08-29,deterministic_parser:auto_extracted:neben_sind,CONFIRMED,form_B,"Neben einer Leistung nach Nummer 5, 6, 7 oder 8 sind die Leistungen nach den Nummern 600, 601, 1203, 1204, 1228, 1240, 1400, 1401 und 1414 nicht berechnungsfähig."
excl_auto_7_1203,7,1203,one_way,GOÄ Allgemeine Bestimmung,"Neben einer Leistung nach Nummer 5, 6, 7 oder 8 sind die Leistungen nach den Nummern 600, 601, 1203, 1204, 1228, 1240, 1400, 1401 und 1414 nicht berechnungsfähig.",true,2026-08-29,deterministic_parser:auto_extracted:neben_sind,CONFIRMED,form_B,"Neben einer Leistung nach Nummer 5, 6, 7 oder 8 sind die Leistungen nach den Nummern 600, 601, 1203, 1204, 1228, 1240, 1400, 1401 und 1414 nicht berechnungsfähig."
excl_auto_7_1204,7,1204,one_way,GOÄ Allgemeine Bestimmung,"Neben einer Leistung nach Nummer 5, 6, 7 oder 8 sind die Leistungen nach den Nummern 600, 601, 1203, 1204, 1228, 1240, 1400, 1401 und 1414 nicht berechnungsfähig.",true,2026-08-29,deterministic_parser:auto_extracted:neben_sind,CONFIRMED,form_B,"Neben einer Leistung nach Nummer 5, 6, 7 oder 8 sind die Leistungen nach den Nummern 600, 601, 1203, 1204, 1228, 1240, 1400, 1401 und 1414 nicht berechnungsfähig."
excl_auto_7_1228,7,1228,one_way,GOÄ Allgemeine Bestimmung,"Neben einer Leistung nach Nummer 5, 6, 7 oder 8 sind die Leistungen nach den Nummern 600, 601, 1203, 1204, 1228, 1240, 1400, 1401 und 1414 nicht berechnungsfähig.",true,2026-08-29,deterministic_parser:auto_extracted:neben_sind,CONFIRMED,form_B,"Neben einer Leistung nach Nummer 5, 6, 7 oder 8 sind die Leistungen nach den Nummern 600, 601, 1203, 1204, 1228, 1240, 1400, 1401 und 1414 nicht berechnungsfähig."
excl_auto_7_1240,7,1240,one_way,GOÄ Allgemeine Bestimmung,"Neben einer Leistung nach Nummer 5, 6, 7 oder 8 sind die Leistungen nach den Nummern 600, 601, 1203, 1204, 1228, 1240, 1400, 1401 und 1414 nicht berechnungsfähig.",true,2026-08-29,deterministic_parser:auto_extracted:neben_sind,CONFIRMED,form_B,"Neben einer Leistung nach Nummer 5, 6, 7 oder 8 sind die Leistungen nach den Nummern 600, 601, 1203, 1204, 1228, 1240, 1400, 1401 und 1414 nicht berechnungsfähig."
excl_auto_7_1400,7,1400,one_way,GOÄ Allgemeine Bestimmung,"Neben einer Leistung nach Nummer 5, 6, 7 oder 8 sind die Leistungen nach den Nummern 600, 601, 1203, 1204, 1228, 1240, 1400, 1401 und 1414 nicht berechnungsfähig.",true,2026-08-29,deterministic_parser:auto_extracted:neben_sind,CONFIRMED,form_B,"Neben einer Leistung nach Nummer 5, 6, 7 oder 8 sind die Leistungen nach den Nummern 600, 601, 1203, 1204, 1228, 1240, 1400, 1401 und 1414 nicht berechnungsfähig."
excl_auto_7_1401,7,1401,one_way,GOÄ Allgemeine Bestimmung,"Neben einer Leistung nach Nummer 5, 6, 7 oder 8 sind die Leistungen nach den Nummern 600, 601, 1203, 1204, 1228, 1240, 1400, 1401 und 1414 nicht berechnungsfähig.",true,2026-08-29,deterministic_parser:auto_extracted:neben_sind,CONFIRMED,form_B,"Neben einer Leistung nach Nummer 5, 6, 7 oder 8 sind die Leistungen nach den Nummern 600, 601, 1203, 1204, 1228, 1240, 1400, 1401 und 1414 nicht berechnungsfähig."
excl_auto_7_1414,7,1414,one_way,GOÄ Allgemeine Bestimmung,"Neben einer Leistung nach Nummer 5, 6, 7 oder 8 sind die Leistungen nach den Nummern 600, 601, 1203, 1204, 1228, 1240, 1400, 1401 und 1414 nicht berechnungsfähig.",true,2026-08-29,deterministic_parser:auto_extracted:neben_sind,CONFIRMED,form_B,"Neben einer Leistung nach Nummer 5, 6, 7 oder 8 sind die Leistungen nach den Nummern 600, 601, 1203, 1204, 1228, 1240, 1400, 1401 und 1414 nicht berechnungsfähig."
excl_auto_8_600,8,600,one_way,GOÄ Allgemeine Bestimmung,"Neben einer Leistung nach Nummer 5, 6, 7 oder 8 sind die Leistungen nach den Nummern 600, 601, 1203, 1204, 1228, 1240, 1400, 1401 und 1414 nicht berechnungsfähig.",true,2026-08-29,deterministic_parser:auto_extracted:neben_sind,CONFIRMED,form_B,"Neben einer Leistung nach Nummer 5, 6, 7 oder 8 sind die Leistungen nach den Nummern 600, 601, 1203, 1204, 1228, 1240, 1400, 1401 und 1414 nicht berechnungsfähig."
excl_auto_8_601,8,601,one_way,GOÄ Allgemeine Bestimmung,"Neben einer Leistung nach Nummer 5, 6, 7 oder 8 sind die Leistungen nach den Nummern 600, 601, 1203, 1204, 1228, 1240, 1400, 1401 und 1414 nicht berechnungsfähig.",true,2026-08-29,deterministic_parser:auto_extracted:neben_sind,CONFIRMED,form_B,"Neben einer Leistung nach Nummer 5, 6, 7 oder 8 sind die Leistungen nach den Nummern 600, 601, 1203, 1204, 1228, 1240, 1400, 1401 und 1414 nicht berechnungsfähig."
excl_auto_8_1203,8,1203,one_way,GOÄ Allgemeine Bestimmung,"Neben einer Leistung nach Nummer 5, 6, 7 oder 8 sind die Leistungen nach den Nummern 600, 601, 1203, 1204, 1228, 1240, 1400, 1401 und 1414 nicht berechnungsfähig.",true,2026-08-29,deterministic_parser:auto_extracted:neben_sind,CONFIRMED,form_B,"Neben einer Leistung nach Nummer 5, 6, 7 oder 8 sind die Leistungen nach den Nummern 600, 601, 1203, 1204, 1228, 1240, 1400, 1401 und 1414 nicht berechnungsfähig."
excl_auto_8_1204,8,1204,one_way,GOÄ Allgemeine Bestimmung,"Neben einer Leistung nach Nummer 5, 6, 7 oder 8 sind die Leistungen nach den Nummern 600, 601, 1203, 1204, 1228, 1240, 1400, 1401 und 1414 nicht berechnungsfähig.",true,2026-08-29,deterministic_parser:auto_extracted:neben_sind,CONFIRMED,form_B,"Neben einer Leistung nach Nummer 5, 6, 7 oder 8 sind die Leistungen nach den Nummern 600, 601, 1203, 1204, 1228, 1240, 1400, 1401 und 1414 nicht berechnungsfähig."
excl_auto_8_1228,8,1228,one_way,GOÄ Allgemeine Bestimmung,"Neben einer Leistung nach Nummer 5, 6, 7 oder 8 sind die Leistungen nach den Nummern 600, 601, 1203, 1204, 1228, 1240, 1400, 1401 und 1414 nicht berechnungsfähig.",true,2026-08-29,deterministic_parser:auto_extracted:neben_sind,CONFIRMED,form_B,"Neben einer Leistung nach Nummer 5, 6, 7 oder 8 sind die Leistungen nach den Nummern 600, 601, 1203, 1204, 1228, 1240, 1400, 1401 und 1414 nicht berechnungsfähig."
excl_auto_8_1240,8,1240,one_way,GOÄ Allgemeine Bestimmung,"Neben einer Leistung nach Nummer 5, 6, 7 oder 8 sind die Leistungen nach den Nummern 600, 601, 1203, 1204, 1228, 1240, 1400, 1401 und 1414 nicht berechnungsfähig.",true,2026-08-29,deterministic_parser:auto_extracted:neben_sind,CONFIRMED,form_B,"Neben einer Leistung nach Nummer 5, 6, 7 oder 8 sind die Leistungen nach den Nummern 600, 601, 1203, 1204, 1228, 1240, 1400, 1401 und 1414 nicht berechnungsfähig."
excl_auto_8_1400,8,1400,one_way,GOÄ Allgemeine Bestimmung,"Neben einer Leistung nach Nummer 5, 6, 7 oder 8 sind die Leistungen nach den Nummern 600, 601, 1203, 1204, 1228, 1240, 1400, 1401 und 1414 nicht berechnungsfähig.",true,2026-08-29,deterministic_parser:auto_extracted:neben_sind,CONFIRMED,form_B,"Neben einer Leistung nach Nummer 5, 6, 7 oder 8 sind die Leistungen nach den Nummern 600, 601, 1203, 1204, 1228, 1240, 1400, 1401 und 1414 nicht berechnungsfähig."
excl_auto_8_1401,8,1401,one_way,GOÄ Allgemeine Bestimmung,"Neben einer Leistung nach Nummer 5, 6, 7 oder 8 sind die Leistungen nach den Nummern 600, 601, 1203, 1204, 1228, 1240, 1400, 1401 und 1414 nicht berechnungsfähig.",true,2026-08-29,deterministic_parser:auto_extracted:neben_sind,CONFIRMED,form_B,"Neben einer Leistung nach Nummer 5, 6, 7 oder 8 sind die Leistungen nach den Nummern 600, 601, 1203, 1204, 1228, 1240, 1400, 1401 und 1414 nicht berechnungsfähig."
excl_auto_8_1414,8,1414,one_way,GOÄ Allgemeine Bestimmung,"Neben einer Leistung nach Nummer 5, 6, 7 oder 8 sind die Leistungen nach den Nummern 600, 601, 1203, 1204, 1228, 1240, 1400, 1401 und 1414 nicht berechnungsfähig.",true,2026-08-29,deterministic_parser:auto_extracted:neben_sind,CONFIRMED,form_B,"Neben einer Leistung nach Nummer 5, 6, 7 oder 8 sind die Leistungen nach den Nummern 600, 601, 1203, 1204, 1228, 1240, 1400, 1401 und 1414 nicht berechnungsfähig."
excl_auto_5473_5481,5473,5481,mutual,GOÄ Allgemeine Bestimmung,Die Leistungen nach den Nummern 5473 und 5481 dürfen nicht nebeneinander berechnet werden.,true,2026-08-29,deterministic_parser:auto_extracted:nicht_nebeneinander,CONFIRMED,form_C,Die Leistungen nach den Nummern 5473 und 5481 dürfen nicht nebeneinander berechnet werden.
excl_auto_100_48,100,48,one_way,GOÄ Allgemeine Bestimmung,Neben den Leistungen nach den Nummern 100 und 101 sind die Leistungen nach den Nummern 48 bis 52 nicht berechnungsfähig.,true,2026-08-29,deterministic_parser:auto_extracted:neben_sind:range[48-52(4)],CONFIRMED,form_B,Neben den Leistungen nach den Nummern 100 und 101 sind die Leistungen nach den Nummern 48 bis 52 nicht berechnungsfähig.
excl_auto_100_50,100,50,one_way,GOÄ Allgemeine Bestimmung,Neben den Leistungen nach den Nummern 100 und 101 sind die Leistungen nach den Nummern 48 bis 52 nicht berechnungsfähig.,true,2026-08-29,deterministic_parser:auto_extracted:neben_sind:range[48-52(4)],CONFIRMED,form_B,Neben den Leistungen nach den Nummern 100 und 101 sind die Leistungen nach den Nummern 48 bis 52 nicht berechnungsfähig.
excl_auto_100_51,100,51,one_way,GOÄ Allgemeine Bestimmung,Neben den Leistungen nach den Nummern 100 und 101 sind die Leistungen nach den Nummern 48 bis 52 nicht berechnungsfähig.,true,2026-08-29,deterministic_parser:auto_extracted:neben_sind:range[48-52(4)],CONFIRMED,form_B,Neben den Leistungen nach den Nummern 100 und 101 sind die Leistungen nach den Nummern 48 bis 52 nicht berechnungsfähig.
excl_auto_100_52,100,52,one_way,GOÄ Allgemeine Bestimmung,Neben den Leistungen nach den Nummern 100 und 101 sind die Leistungen nach den Nummern 48 bis 52 nicht berechnungsfähig.,true,2026-08-29,deterministic_parser:auto_extracted:neben_sind:range[48-52(4)],CONFIRMED,form_B,Neben den Leistungen nach den Nummern 100 und 101 sind die Leistungen nach den Nummern 48 bis 52 nicht berechnungsfähig.
excl_auto_101_48,101,48,one_way,GOÄ Allgemeine Bestimmung,Neben den Leistungen nach den Nummern 100 und 101 sind die Leistungen nach den Nummern 48 bis 52 nicht berechnungsfähig.,true,2026-08-29,deterministic_parser:auto_extracted:neben_sind:range[48-52(4)],CONFIRMED,form_B,Neben den Leistungen nach den Nummern 100 und 101 sind die Leistungen nach den Nummern 48 bis 52 nicht berechnungsfähig.
excl_auto_101_50,101,50,one_way,GOÄ Allgemeine Bestimmung,Neben den Leistungen nach den Nummern 100 und 101 sind die Leistungen nach den Nummern 48 bis 52 nicht berechnungsfähig.,true,2026-08-29,deterministic_parser:auto_extracted:neben_sind:range[48-52(4)],CONFIRMED,form_B,Neben den Leistungen nach den Nummern 100 und 101 sind die Leistungen nach den Nummern 48 bis 52 nicht berechnungsfähig.
excl_auto_101_51,101,51,one_way,GOÄ Allgemeine Bestimmung,Neben den Leistungen nach den Nummern 100 und 101 sind die Leistungen nach den Nummern 48 bis 52 nicht berechnungsfähig.,true,2026-08-29,deterministic_parser:auto_extracted:neben_sind:range[48-52(4)],CONFIRMED,form_B,Neben den Leistungen nach den Nummern 100 und 101 sind die Leistungen nach den Nummern 48 bis 52 nicht berechnungsfähig.
excl_auto_101_52,101,52,one_way,GOÄ Allgemeine Bestimmung,Neben den Leistungen nach den Nummern 100 und 101 sind die Leistungen nach den Nummern 48 bis 52 nicht berechnungsfähig.,true,2026-08-29,deterministic_parser:auto_extracted:neben_sind:range[48-52(4)],CONFIRMED,form_B,Neben den Leistungen nach den Nummern 100 und 101 sind die Leistungen nach den Nummern 48 bis 52 nicht berechnungsfähig.
excl_auto_100_101,100,101,mutual,GOÄ Allgemeine Bestimmung,Die Leistungen nach den Nummern 100 und 101 sind nicht nebeneinander berechnungsfähig.,true,2026-08-29,deterministic_parser:auto_extracted:nicht_nebeneinander,CONFIRMED,form_C,Die Leistungen nach den Nummern 100 und 101 sind nicht nebeneinander berechnungsfähig.
excl_auto_101_100,101,100,mutual,GOÄ Allgemeine Bestimmung,Die Leistungen nach den Nummern 100 und 101 sind nicht nebeneinander berechnungsfähig.,true,2026-08-29,deterministic_parser:auto_extracted:nicht_nebeneinander,CONFIRMED,form_C,Die Leistungen nach den Nummern 100 und 101 sind nicht nebeneinander berechnungsfähig.
excl_auto_422_423,422,423,mutual,GOÄ Allgemeine Bestimmung,Die Leistungen nach den Nummern 422 bis 424 sind nicht nebeneinander berechnungsfähig.,true,2026-08-29,deterministic_parser:auto_extracted:nicht_nebeneinander:range[422-424(3)],CONFIRMED,form_C,Die Leistungen nach den Nummern 422 bis 424 sind nicht nebeneinander berechnungsfähig.
excl_auto_422_424,422,424,mutual,GOÄ Allgemeine Bestimmung,Die Leistungen nach den Nummern 422 bis 424 sind nicht nebeneinander berechnungsfähig.,true,2026-08-29,deterministic_parser:auto_extracted:nicht_nebeneinander:range[422-424(3)],CONFIRMED,form_C,Die Leistungen nach den Nummern 422 bis 424 sind nicht nebeneinander berechnungsfähig.
excl_auto_423_422,423,422,mutual,GOÄ Allgemeine Bestimmung,Die Leistungen nach den Nummern 422 bis 424 sind nicht nebeneinander berechnungsfähig.,true,2026-08-29,deterministic_parser:auto_extracted:nicht_nebeneinander:range[422-424(3)],CONFIRMED,form_C,Die Leistungen nach den Nummern 422 bis 424 sind nicht nebeneinander berechnungsfähig.
excl_auto_423_424,423,424,mutual,GOÄ Allgemeine Bestimmung,Die Leistungen nach den Nummern 422 bis 424 sind nicht nebeneinander berechnungsfähig.,true,2026-08-29,deterministic_parser:auto_extracted:nicht_nebeneinander:range[422-424(3)],CONFIRMED,form_C,Die Leistungen nach den Nummern 422 bis 424 sind nicht nebeneinander berechnungsfähig.
excl_auto_424_422,424,422,mutual,GOÄ Allgemeine Bestimmung,Die Leistungen nach den Nummern 422 bis 424 sind nicht nebeneinander berechnungsfähig.,true,2026-08-29,deterministic_parser:auto_extracted:nicht_nebeneinander:range[422-424(3)],CONFIRMED,form_C,Die Leistungen nach den Nummern 422 bis 424 sind nicht nebeneinander berechnungsfähig.
excl_auto_424_423,424,423,mutual,GOÄ Allgemeine Bestimmung,Die Leistungen nach den Nummern 422 bis 424 sind nicht nebeneinander berechnungsfähig.,true,2026-08-29,deterministic_parser:auto_extracted:nicht_nebeneinander:range[422-424(3)],CONFIRMED,form_C,Die Leistungen nach den Nummern 422 bis 424 sind nicht nebeneinander berechnungsfähig.
excl_auto_448_56,448,56,one_way,GOÄ Allgemeine Bestimmung,Neben den Leistungen nach Nummer 448 oder 449 darf die Leistung nach Nummer 56 nicht berechnet werden.,true,2026-08-29,deterministic_parser:auto_extracted:neben_darf,CONFIRMED,form_E,Neben den Leistungen nach Nummer 448 oder 449 darf die Leistung nach Nummer 56 nicht berechnet werden.
excl_auto_449_56,449,56,one_way,GOÄ Allgemeine Bestimmung,Neben den Leistungen nach Nummer 448 oder 449 darf die Leistung nach Nummer 56 nicht berechnet werden.,true,2026-08-29,deterministic_parser:auto_extracted:neben_darf,CONFIRMED,form_E,Neben den Leistungen nach Nummer 448 oder 449 darf die Leistung nach Nummer 56 nicht berechnet werden.
